evidence_id,param_id,ref_id,pdf_page,printed_page,location,quote,value,unit,conditions,origin,support,check,cited_ref,notes
janke2019:fc_bmp:0,fc_bmp,janke2019,6,1421,"Table 6 (BMP results fitted to the two-pool one-step model), row 'Untreated'; columns: SBMP (mL gVS1), a, kF (d1), kL (d1), R2, SBMP(a), a(a), R2(a), Increase S(a) (%)",Untreated 232 ± 1.73 0.45 ± 0.01 0.86 ± 0.02 0.08 ± 0.01 1.00 232 ± 2.83 0.45 ± 0.01 1.00 e,"232 ± 1.73 (SBMP); 232 ± 2.83 (SBMP optimised with fixed kF = 0.86, kL = 0.08)",mL gVS-1 (mL CH4 per g VS; printed 'mL gVS1' in header),"Untreated sugarcane filter cake from a distillery in Goiás, Brazil, 2014/2015 season. BMP per VDI (2016) with AMPTS II at mesophilic 38 ± 1 °C for 30 d; substrate/inoculum 0.44 ± 0.09 gVS/gVS; n = 3. Per the table note, SBMP is the total methane potential 'approximated at infinite retention time' from the model fit. VS basis.",own_measurement,supports_range,llm_double_read,,"Table 6, Untreated row, is on PDF page 6 (printed 1421) and the quote is verbatim. The header prints 'SBMP (mL gVS 1)' without CH4. The CH4 basis is explicit in the Nomenclature and in Table 4 ('SBMP 232 223 251 mL CH4 gVS 1'). Per the note, SBMP is approximated at infinite retention time, so it is a model extrapolation, not the 30-d cumulative value. 232 is inside 185-260. Caveats: the paper states normalisation to 273.15 K / 101.325 kPa only for the CSTR gas meter, not explicitly for the BMP tests. Substrate is from Goiás, not SP."
janke2019:fc_bmp:1,fc_bmp,janke2019,10,1425,Section 3.4 Batch versus semi-continuous experiments,"In general, the results from the BMP tests showed a larger variability from 223 to 251 mL CH4 gVS 1 in comparison to the measurements of the semi-continuous experiment from 218 to 223 mL CH4 gVS 1 (average values during steady-state conditions).",223 to 251 (BMP); 218 to 223 (semi-continuous),mL CH4 gVS-1,"BMP range covers untreated (232), autoclaved (223) and autoclaved with NaOH (251) filter cake. Mesophilic 38 °C; VS basis.",own_measurement,supports_range,llm_double_read,,"Verbatim in Section 3.4 on PDF page 10 (printed 1425). All values are inside 185-260. Caveat: the 223-251 span covers pre-treatments (autoclaved 223, autoclaved+NaOH 251), not natural variability of untreated cake; untreated alone is 232. The 218-223 values are semi-continuous yields, not BMP. The abstract instead gives a steady-state average of 224 (see missed)."
janke2019:fc_bmp:2,fc_bmp,janke2019,7,1422,Section 3.2 Biochemical methane potential tests,"In contrast, another study using the same charge of SFC as in the current experiment presented an equal SBMP to the untreated SFC of 231.3 ± 10.6 mL gVS 1, demonstrating the high reproducibility of the BMP tests [31].",231.3 ± 10.6,mL gVS-1 (CH4),"Untreated filter cake from the same batch, BMP reported in ref [31]. VS basis.",cited,supports_range,llm_double_read,"[31] L. Janke, S. Weinrich, A.F. Leite, A. Schüch, M. Nikolausz, M. Nelles, W. Stinner, Optimization of semi-continuous anaerobic digestion of sugarcane straw co-digested with filter cake: effects of macronutrients supplementation on conversion kinetics, Bioresour. Technol. 245 (2017) 35e43, https://doi.org/10.1016/j.biortech.2017.08.084.","Verbatim in Section 3.2 on PDF page 7 (printed 1422). Attributed to [31], and the cited_ref matches reference [31] exactly. 231.3 is inside the range."
janke2019:fc_bmp:3,fc_bmp,janke2019,7,1422,Section 3.2 Biochemical methane potential tests,"Interestingly, in a previous experiment our group reported a much higher value of 317 mL gVS 1 for SFC also pre-treated with 6 g NaOH/100 g SFCFM during 30 min but under mild temperature of 45 C and atmospheric pressure [2].",317,mL gVS-1 (CH4),Filter cake PRE-TREATED with 6 g NaOH/100 g FM at 45 °C for 30 min (not untreated). From ref [2]. The authors suggest it may be overestimated because the TS was not corrected.,cited,different,llm_double_read,"[2] L. Janke, A. Leite, K. Batista, S. Weinrich, H. Sträuber, M. Nikolausz, M. Nelles, W. Stinner, Optimization of hydrolysis and volatile fatty acids production from sugarcane filter cake: effects of urea supplementation and sodium hydroxide pretreatment, Bioresour. Technol. 199 (2016) 235e244, https://doi.org/10.1016/j.biortech.2015.07.117.","Verbatim on PDF page 7 (printed 1422). Cited to [2], and the reference entry matches. The value is for NaOH-pretreated cake and lies outside the range, so 'different' is right. Possible TS overestimation is only one of three possible reasons the authors list."
janke2019:bmp_fullscale:0,bmp_fullscale,janke2019,10,1425,Section 3.4 Batch versus semi-continuous experiments,"In general, the results from the BMP tests showed a larger variability from 223 to 251 mL CH4 gVS 1 in comparison to the measurements of the semi-continuous experiment from 218 to 223 mL CH4 gVS 1 (average values during steady-state conditions).",BMP 223 to 251; semi-continuous 218 to 223,mL CH4 gVS-1,"Lab-scale: batch BMP (38 °C, 30 d) vs 3 L working-volume CSTRs fed once daily, 38 °C, OLR 3.2 gVS L-1 d-1, HRT 25 d, steady-state average (third HRT). Three treatments: untreated, autoclaved, autoclaved with NaOH. No ratio printed.",own_measurement,related_only,llm_double_read,,"Verbatim on PDF page 10. Lab-scale batch vs semi-continuous only, with no full-scale data and no ratio printed, so related_only is correct."
janke2019:bmp_fullscale:1,bmp_fullscale,janke2019,10,1425,Section 3.4 Batch versus semi-continuous experiments,"By neglecting the modelled degradation kinetics, the cumulative methane yields at the last day of the BMP tests are slightly higher or equal (SBMP 223 mL CH4 gVS 1) compared to the methane yield measured during continuous operation ( ˙VCH4 223 mL CH4 gVS 1).",SBMP 223; continuous 223,mL CH4 gVS-1,"Lab-scale batch vs semi-continuous CSTR, 38 °C, HRT 25 d. No ratio printed.",own_measurement,related_only,llm_double_read,,Verbatim on PDF page 10 (printed 1425). Lab-scale only; related_only is correct.
janke2019:bmp_fullscale:2,bmp_fullscale,janke2019,10,1425,"Section 3.4 Batch versus semi-continuous experiments (see also Table 4, p.5)","Thus, calculations based on model parameters estimated during batch feeding result in a lower methane production of 185 and 174 mL CH4 gVS 1 in comparison to semi-continuous experimental results of 218 and 223 mL CH4 gVS 1 for untreated and autoclave pre-treatment, respectively. This corresponds to absolute or relative difference of 34 and 48 mL CH4 gVS 1 or 15.4% and 21.7%.","simulated 185 and 174 vs measured 218 and 223; differences 34 and 48 mL, or 15.4% and 21.7%",mL CH4 gVS-1; %,"CSTR yield simulated from BMP two-pool kinetics at HRT 25 d (D 0.04 d-1), compared with measured lab semi-continuous yields; untreated and autoclaved filter cake",own_measurement,related_only,llm_double_read,,"Verbatim on PDF page 10. Table 4 is on PDF page 5 (printed 1420), as stated. The 185/174 values are model simulations from batch kinetics, not measurements. The printed difference of 34 vs 218-185 is as printed. Related_only is correct."
janke2019:bmp_fullscale:3,bmp_fullscale,janke2019,10,1425,Section 3.4 Batch versus semi-continuous experiments,"Furthermore, in previous investigations [10] our group illustrated that the underlying methane potential during optimized continuous process operation (with N-P-S supplementation) showed higher values in comparison the respective BMP measurements.","continuous higher than BMP (qualitative, no number)",,"Sugarcane straw co-digested with filter cake, semi-continuous with N-P-S supplementation (ref [10])",cited,related_only,llm_double_read,"[10] L. Janke, S. Weinrich, A.F. Leite, A. Schüch, M. Nikolausz, M. Nelles, W. Stinner, Optimization of semi-continuous anaerobic digestion of sugarcane straw co-digested with filter cake: effects of macronutrients supplementation on conversion kinetics, Bioresour. Technol. 245 (2017), https://doi.org/10.1016/j.biortech.2017.08.084.","Verbatim on PDF page 10, including the missing 'to' in 'in comparison the respective'. Cited [10], and the reference entry matches (in the reference list [10] has no pages; [31] is the same paper with pages 35e43). Qualitative only."
janke2019:fc_ts_vs:0,fc_ts_vs,janke2019,4,1419,"Table 2 (Composition of SFC used during the BMP tests and the semi-continuous experiments), row 'Total solids (TS)'",Total solids (TS) 34.9 ± 0.61 % FM,34.9 ± 0.61,% FM,"Sugarcane filter cake from a distillery in Goiás, Brazil, 2014/2015 season, stored at 4 °C. Dried 24 h at 105 °C with TS corrected for volatile losses (Weißbach & Strubelt). Mean, n = 3.",own_measurement,different,llm_double_read,,"Table 2 is on PDF page 4 (printed 1419); the row prints 'Total solids (TS) 34.9 ± 0.61 % FM'. The TS is corrected for volatile losses (Section 2.5, Weißbach & Strubelt [19]). 34.9 is outside 25-30 % FM, so 'different' is right. Goiás 2014/2015 cake."
janke2019:fc_ts_vs:1,fc_ts_vs,janke2019,4,1419,"Table 2, row 'Volatile solids (VS)'",Volatile solids (VS) 52.0 ± 0.65 % TS,52.0 ± 0.65,% TS,Same filter cake; ashed 2 h at 550 °C; n = 3,own_measurement,different,llm_double_read,,"Table 2, PDF page 4. 52.0 % TS is well outside 70-78 % TS, so 'different' is right. This is a real conflict with the registry VS central value of 74 % TS and should be logged."
janke2019:fc_ts_vs:2,fc_ts_vs,janke2019,4,1419,"Table 2, row 'Ash'",Ash 477 ± 2.23 g kgTS 1,477 ± 2.23,g kgTS-1,Same filter cake; n = 3,own_measurement,related_only,llm_double_read,,"Table 2, PDF page 4. Ash 477 g/kg TS is consistent with VS 52 % TS. Related_only is fine."
janke2019:fc_ts_vs:3,fc_ts_vs,janke2019,5,1420,"Table 4 (Calculation results during mass balancing), row 'TS' (columns Untreated / Autoclaved / Autoclaved with NaOH)",TS 15.7 15.7 15.7 % FM,15.7,% FM,"TS of the mass-balanced daily feed (ṁFM 120.0 g d-1), which includes added water, NaOH and HNO3 per Table 1. This is the diluted feed, not raw filter cake. VS in the same table is 52.0 % TS.",own_measurement,different,llm_support_disputed,,"The Table 4 row is verbatim on PDF page 5 (printed 1420). The paper does not say the 15.7 % is the diluted feed TS. That reading is the first agent's inference, consistent with Table 1, where substrate + water/NaOH/HNO3 + NS sum to 120 g d-1. This is not raw filter cake TS, so it is not the same quantity as the registry row. Support should be related_only, not 'different'."
janke2019:olr_max_cstr:0,olr_max_cstr,janke2019,3,1418,Section 2.4 Semi-continuous experiment,"After this period, the OLR and HRT were kept stable until the end of the experiment at 3.2 gVS L 1 d 1 and 25 d, respectively.",3.2,gVS L-1 d-1,"Three lab CSTRs, 5 L total / 3 L working volume, stirred at 100 rpm, mesophilic 38 ± 1 °C, fed once daily with filter cake only. Urea 2 g/L of feed plus trace-element solution. Days 16-90.",own_measurement,supports_range,llm_double_read,,"Verbatim in Section 2.4 on PDF page 3 (printed 1418). 3.2 gVS L-1 d-1 is numerically the same as kg VS m-3 d-1 and is inside 2.5-4.8. Caveat: this is the applied, stably operated OLR at lab scale, not a tested maximum. It shows the max is at least 3.2 and does not establish the max itself. The NaOH reactor had a transient VFA accumulation at day 48 (see missed)."
janke2019:olr_max_cstr:1,olr_max_cstr,janke2019,3,1418,"Table 1 (Overview of the semi-continuous experiment), row Untreated / Constant operation; columns Period (d), Substrate (g d1), Water (mL d1), NaOH, HNO3, NS (mL d1), HRT (d), OLR (gVS L1 d1)",Constant operation 16e90 54 64 e e 2.0 25.0 3.2,3.2 (OLR); 25.0 (HRT),gVS L-1 d-1; d,Untreated filter cake reactor; same OLR/HRT for autoclaved and autoclaved-with-NaOH reactors,own_measurement,supports_range,llm_double_read,,"Table 1 is on PDF page 3; the row prints 'Constant operation 16e90 54 64 e e 2.0 25.0 3.2', and the column headers are as described. Same caveat as index 0 (applied OLR, not a maximum)."
janke2019:olr_max_cstr:2,olr_max_cstr,janke2019,3,1418,Section 2.4 Semi-continuous experiment,"For the start-up phase (days 0e15), the OLR was gradually increased from 2.1 to 3.2 gVS L 1 d 1 while the HRT was decreased from 38.5 to 25 d.",2.1 to 3.2,gVS L-1 d-1,"Start-up phase, days 0-15, lab CSTR at 38 °C",own_measurement,related_only,llm_double_read,,Verbatim on PDF page 3. Start-up ramp; related_only is correct.
janke2019:olr_max_cstr:3,olr_max_cstr,janke2019,10,1425,Section 3.3.4 Third hydraulic retention time,"During the third HRT period (days 66e90) no accumulation of VFA was observed, leading to constant pH values in all reactors.",no VFA accumulation (days 66e90),,"Steady state at OLR 3.2 gVS L-1 d-1, HRT 25 d, 38 °C",own_measurement,related_only,llm_double_read,,Verbatim in Section 3.3.4 on PDF page 10 (printed 1425). Qualitative stability evidence at OLR 3.2; related_only is correct.
janke2019:hrt_cstr:0,hrt_cstr,janke2019,8,1423,Section 3.3.2 First hydraulic retention time,"After the start-up phase the OLR and HRT were kept at 3.2 gVS L 1 d 1 and 25d, respectively, until the end of the experiment.",25,d,"Lab CSTR, 3 L working volume, 38 ± 1 °C, filter cake mono-digestion, once-daily feeding",own_measurement,supports_range,llm_double_read,,"Verbatim in Section 3.3.2 on PDF page 8 (printed 1423); printed '25d'. 25 d is inside 20-40 d (lab-scale CSTR, 3 L working volume)."
janke2019:hrt_cstr:1,hrt_cstr,janke2019,7,1422,Section 3.3.1 Start-up phase,"For the start-up phase of the semi-continuous experiment (days 0e15) the initial OLR was set to 2.1 gVS L 1 d 1 and gradually increased to 3.2 gVS L 1 d 1, while the HRT was decreased from 38.5 days to 25 days.",38.5 to 25,days,"Start-up phase, days 0-15",own_measurement,supports_range,llm_double_read,,"Verbatim in Section 3.3.1 on PDF page 7 (printed 1422). Both values are inside 20-40 d, but they are transient start-up HRTs, not design HRTs, so related_only would describe them more accurately than supports_range."
janke2019:hrt_cstr:2,hrt_cstr,janke2019,10,1425,Section 3.3.4 Third hydraulic retention time,"To provide a reliable assessment of the different pre-treatment methods, the semi-continuous experiment was carried-out until reaching a technical steady-state defined by a period equivalent to 3 times the HRT applied under constant operational conditions (25 d x 3 ¼ 75 d) [12].",25 d x 3 = 75 d (printed '25 d x 3 ¼ 75 d'),d,Steady-state criterion (3 HRT turnovers) taken from VDI 4630 [12]; the 25 d HRT is the authors' own operating value,own_measurement,related_only,llm_double_read,"[12] Verein Deutscher Ingenieure (VDI), VDI 4630 - Fermentation of Organic Materials: Characterisation of the Substrate, Sampling, Collection of Material Data, Fermentation Tests, Beuth Verlag GmbH, Düsseldorf, 2016.","Verbatim in Section 3.3.4 on PDF page 10. The sentence carries the citation [12] (VDI 4630), but [12] backs the 3x HRT steady-state criterion, not the 25 d HRT. The 25 d HRT is the authors' own operating value, so own_measurement with cited_ref is acceptable. The cited_ref matches reference [12]. Related_only is correct."
janke2019:temp:0,temp,janke2019,2,1417,Section 2.3 Biochemical methane potential tests,"The BMP of untreated, autoclaved and autoclaved with NaOH pre-treated SFC was determined according to VDI (2016) using an Automatic Methane Potential Test System II (Bioprocess Control, Sweden) at mesophilic temperature (38 ± 1 C) for 30 days.",38 ± 1,C (°C; degree sign lost in extraction),"Batch BMP tests, 30 d",own_measurement,supports_range,llm_double_read,,"Verbatim in Section 2.3 on PDF page 2 (printed 1417). 38 °C is inside 35-55 °C. Only mesophilic conditions were tested, so this says nothing for the registry central value of 55 °C."
janke2019:temp:1,temp,janke2019,3,1418,Section 2.4 Semi-continuous experiment,The operation temperature was kept at mesophilic conditions (38 ± 1 C) by recirculating hot water through the double-walled reactors.,38 ± 1,C (°C; degree sign lost in extraction),"Lab CSTRs, 3 L working volume, 90 d semi-continuous operation",own_measurement,supports_range,llm_double_read,,Verbatim in Section 2.4 on PDF page 3 (printed 1418). Mesophilic only; inside the range.
fuess2022:vin_gen:0,vin_gen,fuess2022,5,378,"Section 3 '(Bio)Technological Applications (Other Than Biodigestion) for Sugarcane Vinasse', 2nd paragraph. The text has no page markers, so the page comes from the running header 'Biomass 2022, 2 378' (pdf page = printed page − 373; first page = p. 374)","This strategy may lead to a major drawback in full-scale applications, due to the high specific vinasse generation rate (12–14 m3 per m3 of ethanol) [17,19,64], which directly requires huge processing units.",12–14,m3 per m3 of ethanol,"Sugarcane vinasse, Brazilian distilleries; volumetric basis (m3 vinasse per m3 ethanol); a literature value quoted in a review",cited,supports_central,llm_double_read,"[17,19,64] — 17. Fuess, L.T.; Garcia, M.L. Implications of stillage land disposal: A critical review on the impacts of fertigation. J. Environ. Manag. 2014, 145, 210–229. | 19. Dias, M.O.S.; Maciel Filho, R.; Mantelatto, P.E.; Cavalett, O.; Rossell, C.E.V.; Bonomi, A.; Leal, M.R.L.V. Sugarcane processing for ethanol and sugar in Brazil. Environ. Dev. 2015, 15, 35–51. | 64. Salomon, K.R.; Lora, E.E.S.; Rocha, M.H.; del Olmo, O.A. Cost calculations for biogas from vinasse biodigestion and its energy utilization. Sugar Ind. 2011, 136, 217–223.","Verbatim on printed p. 378 (pdf 5), Section 3, 2nd paragraph. Reference entries 17, 19 and 64 match the reference list. The m3/m3 basis is the same ratio as L/L, so no conversion is involved. The printed 12–14 contains the central value 12 but sits in the upper half of the 10–15 range, so 'supports_range' would be the more careful label. Kept true because 12 is inside the printed range."
fuess2022:vin_gen:1,vin_gen,fuess2022,12,385,"Section 4.3 'Predicting the Energetic Potential of Sugarcane Vinasse', 2nd paragraph. The sentence starts on p. 384 (pdf 11) and the value is printed on p. 385 (pdf 12); page taken from the running header","The huge data variability directly results from the different assumptions considered in each study, primarily the specific vinasse production (8.14–15 L vinasse L−1 of ethanol), the type (internal combustion engines, gas and steam turbines) and conversion efficiency (23–43%; which depends on the plant size, the implementation of heat recovery, and also on the type) of the prime movers (Table S4).",8.14–15,L vinasse L−1 of ethanol,"Range of the specific vinasse production assumed in the energy-potential studies compiled in supplementary Table S4 (sugarcane juice or juice+molasses vinasse, Brazil). Table S4 is not in this PDF",cited,supports_range,llm_support_disputed,"Table S4 (supplementary): 'Estimates of the energetic potential of sugarcane vinasse targeting electricity production from biogas–CH4 [46,48–50,52,61–66,78,184,186,187,189–192,295]'. No individual citation is attached to the 8.14–15 range in the main text","Quote is verbatim. The sentence starts on p. 384 ('The huge data variability directly results') and the value is on p. 385 (pdf 12). The values are assumptions compiled from the energy-estimate studies in Table S4, so 'cited' is right. Support fails: the printed lower bound 8.14 L/L is below the registry minimum of 10. The value is not inside the registry range, so 'supports_range' does not hold. Better labelled 'different' (wider range), or logged as a reason to review the lower bound. These are scenario assumptions, not measurements."
fuess2022:vin_cod:0,vin_cod,fuess2022,12,385,"Section 4.3 'Predicting the Energetic Potential of Sugarcane Vinasse', 2nd paragraph (refers to supplementary Table S4); page from the running header","The type of feedstock used in ethanol production (juice or blends of juice and molasses), the organic content of sugarcane vinasse (COD = 21–45.8 g L−1, in addition to one case considering the co-processing of vinasse and filter cake [192]), and the lower heating value (LHV) of the biogas (or methane; at 20.02–39.62 MJ Nm−3) (Table S4) also influenced the obtained values.",21–45.8,g L−1 (COD),COD of sugarcane vinasse (juice or juice+molasses) assumed in the energy-potential studies compiled in supplementary Table S4. One vinasse+filter cake co-processing case [192] is noted separately. Table S4 is not in this PDF,cited,supports_range,llm_double_read,"Table S4 (supplementary) [46,48–50,52,61–66,78,184,186,187,189–192,295]; co-processing case [192] — 192. Moraes, B.S.; Palacios-Bereche, R.; Martins, G.; Nebra, S.A.; Fuess, L.T.; Silva, A.J.; Clementino, W.S.; Bajay, S.V.; Manduca, P.C.; Lamparelli, R.A.; et al. Biogas production: Technologies and applications. In Biofuels and Biorefining: Current Technologies for Biomass Conversion; Castro, F.I.G., Gutierrez-Antonio, C., Eds.; Elsevier: Amsterdam, The Netherlands, 2022; Volume 1, pp. 215–282.","Verbatim on p. 385 (pdf 12), Section 4.3. The 21–45.8 g/L COD falls within the registry range of 15–50 g/L. These are COD values assumed in the studies compiled in Table S4 (juice or juice+molasses vinasse), not measurements. Reference 192 (Moraes et al. 2022, Elsevier book chapter) matches the reference list."
fuess2022:vin_cod:1,vin_cod,fuess2022,3,376,"Section 1 'Residual Stream Management in Sugarcane Biorefineries', 3rd paragraph; page from the running header","In this context, the high biodegradable organic content (e.g., organic acids, residual ethanol, carbohydrates, and glycerol) usually found in sugarcane vinasse, i.e., biochemical oxygen demand (BOD) values ranging from 11.3–29.7 g L−1 [32,44–47], is a potential substrate for a series of biotechnological applications, including the recovery of energy through optimized anaerobic processes [3,48–53] and the production of value-added products, such as enzymes and biosurfactants [54,55].",11.3–29.7,"g L−1 (BOD, not COD)",BOD of sugarcane vinasse (not COD). Literature values,cited,related_only,llm_double_read,"[32,44–47] — 32. Ferreira, L.F.R.; Aguiar, M.M.; Messias, T.G.; Pompeu, G.B.; Lopez, A.M.Q.; Silva, D.P.; Monteiro, R.T. Evaluation of sugar-cane vinasse treated with Pleurotus sajor-caju utilizing aquatic organisms as toxicological indicators. Ecotox. Environ. Saf. 2011, 74, 132–137. | 44. Fuess, L.T.; Kiyuna, L.S.M.; Garcia, M.L.; Zaiat, M. Operational strategies for long-term biohydrogen production from sugarcane stillage in continuous acidogenic packed-bed reactor. Int. J. Hydrogen Energy 2016, 41, 8132–8145. | 45. Siles, J.A.; Garcia-Garcia, I.; Martin, A.; Martin, M.A. Integrated ozonation and biomethanization treatments of vinasse derived from ethanol manufacturing. J. Hazard. Mater. 2011, 188, 247–253. | 46. van Haandel, A.C.; Catunda, P.F.C. Profitability increase of alcohol distilleries by the rational use of byproducts. Water Sci. Technol. 1994, 29, 117–124. | 47. Willington, I.P.; Marten, G.G. Options for handling stillage waste from sugar-based fuel ethanol production. Resour. Conserv. 1982, 8, 111–129.","Verbatim on p. 376 (pdf 3). The value is BOD, not COD, so 'related_only' is correct. Reference entries 32 and 44–47 match."
fuess2022:vin_cod:2,vin_cod,fuess2022,4,377,"Section 2 'Sugarcane Vinasse: Biodegradable Organic Fraction and Nutrients', 1st paragraph (refers to supplementary Table S1); page from the running header","The high biodegradable content found in sugarcane vinasse is observed based on specific parameters, such as the BOD/COD ratio (values usually above 0.40), the concentration of total carbohydrates (up to 16.3 g L−1), and the concentration of organic acids—primarily lactic (up to 12,697 mg L−1), iso-butyric (1547–4597 mg L−1), and malic (2639–10,460 mg L−1) acids (Table S1).",BOD/COD usually above 0.40,ratio (dimensionless),"Sugarcane vinasse from juice and juice+molasses; data compiled in supplementary Table S1, which is not in this PDF",cited,related_only,llm_double_read,"Table S1 (supplementary): 'Compositional characterization of sugarcane vinasses from juice and blends of juice and molasses [43,44,60,77–79,82,88,211,219–222]'","Verbatim on p. 377 (pdf 4), Section 2, 1st paragraph. It is a BOD/COD ratio, not a COD concentration, so 'related_only' is correct. Values come from the literature table S1, so 'cited' is right."
fuess2022:vin_cod:3,vin_cod,fuess2022,10,383,"Section 4.2 'Biodigestion of Vinasse in Brazil: Background and Current State of the Research', 3rd paragraph; page from the running header","Blending molasses with juice or using pure sugarcane juice in fermentation (i.e., annexed and autonomous distilleries, respectively) generates considerably less concentrated vinasses than using molasses as the only substrate [17,23,88], and requires different operating strategies for optimizing the biodigestion systems.",qualitative (no number printed),,Juice or juice+molasses vinasse compared with molasses-only vinasse,cited,related_only,llm_double_read,"[17,23,88] — 17. Fuess, L.T.; Garcia, M.L. Implications of stillage land disposal: A critical review on the impacts of fertigation. J. Environ. Manag. 2014, 145, 210–229. | 23. Wilkie, A.C.; Riedesel, K.J.; Owens, J.M. Stillage characterization and anaerobic treatment of ethanol stillage from conventional and cellulosic feedstocks. Biomass Bioenergy 2000, 19, 63–102. | 88. Fuess, L.T.; Rodrigues, I.J.; Garcia, M.L. Fertirrigation with sugarcane vinasse: Foreseeing potential impacts on soil and water resources through vinasse characterization. J. Environ. Sci. Health A 2017, 52, 1063–1072.","Verbatim on p. 383 (pdf 10), Section 4.2, 3rd paragraph. No number is printed, so the statement is qualitative and 'related_only' is right. Reference entries 17, 23 and 88 match."
fuess2022:vin_so4:0,vin_so4,fuess2022,4,377,"Section 2 'Sugarcane Vinasse: Biodegradable Organic Fraction and Nutrients', 3rd paragraph; page from the running header","With respect to the nutrient content, vinasses resulting from sugarcane processing are characterized primarily by high concentrations of potassium and sulfate (Table S1).",not quantified in the main text (described as 'high'),,"Sugarcane vinasse from juice and juice+molasses. The numbers are only in supplementary Table S1, which is not in this PDF",cited,related_only,llm_double_read,"Table S1 (supplementary) [43,44,60,77–79,82,88,211,219–222]","Verbatim on p. 377 (pdf 4), Section 2, 3rd paragraph. The main text gives no sulfate value, so 'related_only' is right."
fuess2022:vin_k2o:0,vin_k2o,fuess2022,4,377,"Section 2 'Sugarcane Vinasse: Biodegradable Organic Fraction and Nutrients', 3rd paragraph; page from the running header","With respect to the nutrient content, vinasses resulting from sugarcane processing are characterized primarily by high concentrations of potassium and sulfate (Table S1).",not quantified in the main text (described as 'high'),,"Sugarcane vinasse; the basis (K or K2O) is not stated. The numbers are only in supplementary Table S1, which is not in this PDF",cited,related_only,llm_double_read,"Table S1 (supplementary) [43,44,60,77–79,82,88,211,219–222]","Same sentence as vin_so4 #0, verbatim on p. 377 (pdf 4). No potassium value and no K/K2O basis appear in the main text, so 'related_only' is right."
fuess2022:vin_ts_vs:0,vin_ts_vs,fuess2022,2,375,"Section 1 'Residual Stream Management in Sugarcane Biorefineries', 2nd paragraph; page from the running header","Vinasse is characterized as a high-strength wastewater (HSW) resulting from distillation in ethanol plants, and it presents a high content of biodegradable organic matter, macro- and micronutrients, and solids [16–18].",not quantified (described as 'high content of ... solids'),,Vinasse in general; no TS or VS numbers,cited,related_only,llm_double_read,"[16–18] — 16. Espana-Gamboa, E.; Mijangos-Cortes, J.; Barahona-Perez, L.; Dominguez-Maldonado, J.; Hernandez-Zarate, G.; Alzate-Gaviria, L. Vinasses: Characterization and treatments. Waste Manag. Res. 2011, 29, 1235–1250. | 17. Fuess, L.T.; Garcia, M.L. Implications of stillage land disposal: A critical review on the impacts of fertigation. J. Environ. Manag. 2014, 145, 210–229. | 18. Fuess, L.T.; Altoe, M.E.; Felipe, M.C.; Garcia, M.L. Pros and cons of fertirrigation with in natura sugarcane vinasse: Do improvements in soil fertility offset environmental and bioenergy losses? J. Clean. Prod. 2021, 319, 128684.","Verbatim on p. 375 (pdf 2), Section 1, 2nd paragraph. Reference entries 16–18 match. No TS or VS numbers anywhere in the main text."
fuess2022:vin_ts_vs:1,vin_ts_vs,fuess2022,11,384,"Section 4.2, 4th paragraph; page from the running header","Using fixed-film systems with high bed porosity (such as the ASTBR) tends to be more suitable than sludge-blanket reactors in the case of sugarcane vinasse, because specific compositional aspects (e.g., the relatively high contents of solids and salts) hinder an efficient granulation [155].",not quantified ('relatively high contents of solids'),,Sugarcane vinasse; a qualitative statement about reactor choice,cited,related_only,llm_double_read,"[155] — 155. van Lier, J.B.; van der Zee, F.P.; Frijters, C.T.M.J.; Ersahin, M.E. Celebrating 40 years anaerobic sludge bed reactors for industrial wastewater treatment. Rev. Environ. Sci. Biotechnol. 2015, 14, 681–702.","Verbatim on p. 384 (pdf 11), Section 4.2. Reference 155 (van Lier et al. 2015) matches. The statement is qualitative."
fuess2022:cod_removal:0,cod_removal,fuess2022,10,383,"Section 4.2 'Biodigestion of Vinasse in Brazil: Background and Current State of the Research', 3rd paragraph; page from the running header","Despite the temporal gap in terms of relevant studies, recent reports [33,35,36,38–40,176–178] (most listed in Table S3) have shown significant improvements regarding the biodigestion of sugarcane vinasse, i.e., obtaining satisfactory COD removals (>70%) by associating high OLR (25–30 kg COD m−3 day−1) with low HRT (<24 h).",>70,% COD removal,"Sugarcane vinasse (juice or juice+molasses), mostly bench-scale; thermophilic and/or two-phase systems; OLR 25–30 kg COD m−3 day−1; HRT <24 h. The next sentence says 'these results were mostly obtained in bench-scale systems'",cited,supports_central,llm_support_disputed,"[33,35,36,38–40,176–178] — 33. Aquino, S.; Fuess, L.T.; Pires, E.C. Media arrangement impacts cell growth in anaerobic fixed-bed reactors treating sugarcane vinasse: Structured vs. randomic biomass immobilization. Bioresour. Technol. 2017, 235, 219–228. | 35. Ferraz, A.D.N., Jr.; Koyama, M.H.; Araujo, M.M., Jr.; Zaiat, M. Thermophilic anaerobic digestion of raw sugarcane vinasse. Renew. Energy 2016, 89, 245–252. | 36. Fuess, L.T.; Kiyuna, L.S.M.; Ferraz, A.D.N., Jr.; Persinoti, G.F.; Squina, F.M.; Garcia, M.L.; Zaiat, M. Thermophilic two-phase anaerobic digestion using innovative fixed-bed reactor for enhanced organic matter removal and bioenergy recovery from sugarcane vinasse. Appl. Energy 2017, 189, 480–491. | 38. Del Nery, V.; Alves, I.; Damianovic, M.H.R.Z.; Pires, E.C. Hydraulic and organic rates applied to pilot scale UASB reactor for sugar cane vinasse degradation and biogas generation. Biomass Bioenergy 2018, 119, 411–417. | 39. Ramos, L.R.; Lovato, G.; Rodrigues, J.A.D.; Silva, E.L. Anaerobic digestion of vinasse in fluidized bed reactors: Process robustness between two-stage thermophilic-thermophilic and thermophilic-mesophillic systems. J. Clean. Prod. 2021, 314, 128066. | 40. Barbosa, M.Y.U.; Alves, I.; Del Nery, V.; Sakamoto, I.K.; Pozzi, E.; Damianovic, M.H.R.Z. Methane production in a UASB reactor from sugarcane vinasse: Shutdown or exchanging substrate for molasses during the off-season? J. Water Process Eng. 2022, 47, 102664. | 176. Barros, V.G.; Duda, R.M.; Oliveira, R.A. Biomethane production from vinasse in upflow anaerobic sludge blanket reactors inoculated with granular sludge. Braz. J. Microbiol. 2016, 47, 628–639. | 177. Mota, V.T.; Santos, F.S.; Amaral, M.C.S. Two-stage anaerobic membrane bioreactor for the treatment of sugarcane vinasse: Assessment on biological activity and filtration performance. Bioresour. Technol. 2013, 146, 494–503. | 178. Vuitik, G.A.; Fuess, L.T.; Del Nery, V.; Banares-Alcantara, R.; Pires, E.C. Effects of recirculation in anaerobic baffled reactors. J. Water Process Eng. 2019, 28, 36–44.","Verbatim on p. 383 (pdf 10), and all cited reference entries match. Support fails as labelled: '>70%' is a lower-bound 'satisfactory' threshold, not a central estimate. It also comes mostly from bench-scale high-rate reactors (thermophilic and/or two-phase, HRT <24 h; the next sentence says 'Nevertheless, these results were mostly obtained in bench-scale systems'), not from CSTR co-digestion. It does not establish a central value of 70. 'supports_range' (lower bound inside 56–85) or 'related_only' would fit better."
fuess2022:olr_highrate:0,olr_highrate,fuess2022,10,383,"Section 4.2, 3rd paragraph; page from the running header","Despite the temporal gap in terms of relevant studies, recent reports [33,35,36,38–40,176–178] (most listed in Table S3) have shown significant improvements regarding the biodigestion of sugarcane vinasse, i.e., obtaining satisfactory COD removals (>70%) by associating high OLR (25–30 kg COD m−3 day−1) with low HRT (<24 h).",25–30,kg COD m−3 day−1,"High-rate reactors (structured/fixed bed, UASB, fluidized bed, AnMBR, ABR) treating sugarcane vinasse, mostly at bench scale, thermophilic and/or two-phase, HRT <24 h, COD removal >70%",cited,supports_range,llm_double_read,"[33,35,36,38–40,176–178] — same reference-list entries as in the cod_removal row (Aquino 2017 Bioresour. Technol. 235; Ferraz Jr. 2016 Renew. Energy 89; Fuess 2017 Appl. Energy 189; Del Nery 2018 Biomass Bioenergy 119; Ramos 2021 J. Clean. Prod. 314; Barbosa 2022 J. Water Process Eng. 47; Barros 2016 Braz. J. Microbiol. 47; Mota 2013 Bioresour. Technol. 146; Vuitik 2019 J. Water Process Eng. 28)","Verbatim on p. 383 (pdf 10). 25–30 kg COD m−3 day−1 falls within 7.5–30 at the upper end. The reactor types in conditions (fluidized bed, AnMBR, ABR and so on) are inferred from the reference titles, not stated in the sentence. The text attributes the results to 'thermophilic temperature conditions and phase separation', mostly at bench scale."
fuess2022:olr_highrate:1,olr_highrate,fuess2022,11,384,"Section 4.2, 4th paragraph; page from the running header","Although the design of this reactor was based on the system proposed by Souza et al. [37], which successfully reported the operation of a pilot-scale (75 m3) thermophilic reactor for over 250 days at high OLR (26.5 kg COD m−3 day−1; Table S3), the implemented full-scale system operates far below the potential (OLR = 5 kg COD m−3 day−1) [179].",26.5,kg COD m−3 day−1,"Pilot-scale (75 m3) thermophilic UASB reactor (per the reference title) treating sugarcane vinasse, operated for over 250 days",cited,supports_range,llm_double_read,"Souza et al. [37] — 37. Souza, M.E.; Fuzaro, G.; Polegato, A.R. Thermophilic anaerobic digestion of vinasse in pilot plant UASB reactor. Water Sci. Technol. 1992, 25, 213–222.","Verbatim on p. 384 (pdf 11). Reference 37 (Souza, Fuzaro, Polegato 1992, Water Sci. Technol. 25, 213–222, 'pilot plant UASB reactor') matches. The value 26.5 is within the range. The text calls it a 'pilot-scale (75 m3) thermophilic reactor'; 'UASB' comes from the reference title only."
fuess2022:olr_highrate:2,olr_highrate,fuess2022,11,384,"Section 4.2, 4th paragraph; page from the running header","Although the design of this reactor was based on the system proposed by Souza et al. [37], which successfully reported the operation of a pilot-scale (75 m3) thermophilic reactor for over 250 days at high OLR (26.5 kg COD m−3 day−1; Table S3), the implemented full-scale system operates far below the potential (OLR = 5 kg COD m−3 day−1) [179].",5,kg COD m−3 day−1,"The only long-term full-scale vinasse reactor in Brazil (5200 m3, over 20 years of operation, annexed biorefinery of 10 MTC per harvest); actual operating OLR",cited,different,llm_double_read,"[179] — 179. Rocha, M.H.; Elia Neto, A.; Salomon, K.R.; Lora, E.E.S.; Venturini, O.J.; del Olmo, A.O.; Rambla, M.A.O. Residues from biofuel production: Vinasse and glycerin. In Biofuels; Lora, E.E.S., Venturini, O.J., Eds.; Interciencia: Rio de Janeiro, Brazil, 2012; Volume 2, pp. 691–809.","Verbatim on p. 384 (pdf 11). Reference 179 (Rocha et al. 2012, Interciência) matches. The full-scale operating OLR of 5 is below the registry range of 7.5–30, so 'different' is the right label. Conditions are correct: 5200 m3 reactor, >20 years, roughly 25% of the vinasse of a 10 MTC annexed mill."
fuess2022:olr_highrate:3,olr_highrate,fuess2022,11,384,"Section 4.2, 4th paragraph; page from the running header","In terms of the system scale-up, the literature currently indicates the long-term operation (>20 years) of only one full-scale reactor (5200 m3) in the Brazilian sugar and ethanol industry [179,184], which is used for processing approximately 25% of the vinasse (37 m3 h−1) generated in a large scale annexed biorefinery (milling capacity of 10 million tons of sugarcane -MTC- per harvest).",5200 m3 reactor; 37 m3 h−1 vinasse (~25% of the mill's vinasse); 10 MTC per harvest,m3; m3 h−1; million t cane per harvest,"Full-scale case for context (reactor volume and vinasse flow), not an OLR",cited,related_only,llm_double_read,"[179,184] — 179. Rocha, M.H.; Elia Neto, A.; Salomon, K.R.; Lora, E.E.S.; Venturini, O.J.; del Olmo, A.O.; Rambla, M.A.O. Residues from biofuel production: Vinasse and glycerin. In Biofuels; Lora, E.E.S., Venturini, O.J., Eds.; Interciencia: Rio de Janeiro, Brazil, 2012; Volume 2, pp. 691–809. | 184. Salomon, K.R.; Lora, E.E.S. Estimate of the electric energy generating potential for different sources of biogas in Brazil. Biomass Bioenergy 2009, 33, 1101–1107.","Verbatim on p. 384 (pdf 11). Reference entries 179 and 184 (Salomon & Lora 2009, Biomass Bioenergy 33, 1101–1107) match. These are context values, not an OLR, so 'related_only' is right."
fuess2022:temp:0,temp,fuess2022,8,381,"Section 4.1 'Fundamentals of Anaerobic Processes', paragraph after Figure 2. The sentence continues onto p. 382 (pdf 9); page from the running header","Regarding the temperature, the application of thermophilic conditions (50–55 ◦C) may be considered the most suitable option for biodigestion systems used for sugarcane vinasse, based on the following relevant advantages: [i] vinasse is collected from distillation columns at temperatures as high as 90 ◦C [3,163], wherein cooling systems may be excluded as vinasse naturally reaches the required temperature conditions in intermediate transportation steps; and [ii] thermophilic systems support the application of higher OLR and present equivalent efficiencies compared to mesophilic systems, which leads to the installation of more compact reactors [23,47].",50–55,◦C,Recommended temperature for anaerobic digestion of sugarcane vinasse (thermophilic); the reviewers' assessment,unclear,supports_central,llm_double_read,"The 50–55 °C recommendation itself has no attributed citation; the citations in the sentence support the clauses: [3] Moraes, B.S.; Zaiat, M.; Bonomi, A. Anaerobic digestion of vinasse from sugarcane ethanol production in Brazil: Challenges and perspectives. Renew. Sustain. Energy Rev. 2015, 44, 888–903. | [163] Fuess, L.T.; Araujo, M.M., Jr.; Garcia, M.L.; Zaiat, M. Designing full-scale biodigestion plants for the treatment of vinasse in sugarcane biorefineries: How phase separation and alkalinization impact biogas and electricity production costs? Chem. Eng. Res. Des. 2017, 119, 209–220. | [23] Wilkie, A.C.; Riedesel, K.J.; Owens, J.M. Stillage characterization and anaerobic treatment of ethanol stillage from conventional and cellulosic feedstocks. Biomass Bioenergy 2000, 19, 63–102. | [47] Willington, I.P.; Marten, G.G. Options for handling stillage waste from sugar-based fuel ethanol production. Resour. Conserv. 1982, 8, 111–129.","Verbatim. The sentence runs from p. 381 (pdf 8) onto p. 382 (pdf 9); the 50–55 °C value is on p. 381. 'unclear' is a fair origin: this is the reviewers' recommendation, and the citations [3,163] and [23,47] back the two supporting clauses. The 50–55 °C range contains the central value 55, so 'supports_central' is reasonable. It is a recommendation, not a measured operating temperature."
fuess2022:temp:1,temp,fuess2022,8,381,"Section 4.1, same sentence as above; page from the running header","vinasse is collected from distillation columns at temperatures as high as 90 ◦C [3,163], wherein cooling systems may be excluded as vinasse naturally reaches the required temperature conditions in intermediate transportation steps",as high as 90,◦C,Temperature of vinasse leaving the distillation columns (not the digester temperature),cited,related_only,llm_double_read,"[3,163] — 3. Moraes, B.S.; Zaiat, M.; Bonomi, A. Anaerobic digestion of vinasse from sugarcane ethanol production in Brazil: Challenges and perspectives. Renew. Sustain. Energy Rev. 2015, 44, 888–903. | 163. Fuess, L.T.; Araujo, M.M., Jr.; Garcia, M.L.; Zaiat, M. Designing full-scale biodigestion plants for the treatment of vinasse in sugarcane biorefineries: How phase separation and alkalinization impact biogas and electricity production costs? Chem. Eng. Res. Des. 2017, 119, 209–220.","Verbatim excerpt from p. 381 (pdf 8). Reference entries 3 and 163 match. This is the temperature of the vinasse stream, not of the digester, so 'related_only' is right."
fuess2022:temp:2,temp,fuess2022,16,389,"Section 4.4 'Phase Separation: Enhancing Resource Recovery from Vinasse', paragraph after Equations (25)–(26); page from the running header","Studies on the application of dark fermentation to sugarcane vinasse are more numerous than light-based processes (Table S5), and present a few common characteristics, such as the preference for thermophilic temperature conditions (55 ◦C) and biofilm systems (fluidized- and fixed-film reactors).",55,◦C,"Acidogenic (dark fermentation, bioH2) reactors on sugarcane vinasse, not methanogenic digesters",cited,related_only,llm_double_read,"Table S5 (supplementary): 'Studies on the production of bio-H2 from sugarcane vinasse in Brazil [44,77,79,208–215,217–222,294]'","Verbatim on p. 389 (pdf 16), Section 4.4. It refers to acidogenic or dark-fermentation reactors compiled in Table S5, not methanogenic digesters, so 'related_only' is right."
volpi2021:cod_removal:0,cod_removal,volpi2021,12,8980,"Discussion, 'Semi-Continuous Stirred Tank Reactor performance' > 'Biogas production and reactor efficiency'. Page from journal running headers (pdf page = printed page − 8968), assigned by extraction order.","The highest average reactor efficiency (83.08 ± 13.30 % organic matter removal and 233.20 ± 1.83 mLNCH4 g−1vS) and CH4 content (80.77% ± 0.28%) (Fig. 1) in biogas was achieved in phase VI, corresponding to the specific biogas production of 324.85 ± 2.76 mL g−1VS.",83.08 ± 13.30,% organic matter removal,"Own bench s-CSTR (4 L working volume), 55 °C. Co-AD blend on a VS basis: 70% vinasse, 20% filter cake, 10% deacetylation liquor. Phase VI, OLR 4.16 gVS L−1 day−1, HRT 14 d (Table 1). The basis is VS, not COD. Methods state: 'The determination was performed in the feeding and digestate to account for the organic matter (in terms of VS) removed during co-AD.' Residues from Iracema mill (São Martinho), Iracemápolis, SP.",own_measurement,related_only,llm_double_read,,"Verbatim on PDF p.12 (printed 8980), 'Biogas production and reactor efficiency'. Methods (p.4) confirm that organic matter removal is measured as VS in feed and digestate, not COD, so related_only is correct."
volpi2021:cod_removal:1,cod_removal,volpi2021,6,8974,"Results, text below Fig. 1. The extraction interleaves this text with the figure. Page from journal running headers (pdf = printed − 8968).","corresponded to the maximum applied OLR that the reactor was able to withstand with stability on CH4 production (93.92 ± 17.62 mLNCH4 g−1vS and 79.57 ± 4.54 % of organic matter removal), although this was not the maximum CH4 yield.",79.57 ± 4.54,% of organic matter removal,"Phase VII, OLR 4.80 gVS L−1 day−1 (maximum stable OLR), HRT 12 d, 55 °C, same ternary blend. Removal is on a VS basis, not COD.",own_measurement,related_only,llm_corrected,,"Second read (misquoted) corrected the first: quote and page here are the second read's. The values (79.57 ± 4.54 %, phase VII, 4.80 gVS L−1 day−1) and the page (6) are correct. The first read's quote was the scrambled Drive extraction, not the printed text. The printed text is in the quote column; the sentence starts on p.5 with 'From about 90 days, CH4 production as high as 90 mLNCH4 g−1vS was detected up to the penultimate applied OLR (phase VII), which'. The basis is VS, so related_only is right."
volpi2021:cod_removal:2,cod_removal,volpi2021,5,8973,"Results, first paragraph after Tables 2–3. The extraction interleaves the two text columns, so only the verbatim fragment is quoted.",matter removal stabilized at 71.27% ± 4.87% with the,71.27% ± 4.87%,%,"Phase I (start-up), OLR 1.50 gVS L−1 day−1, HRT 40 d. Removal stabilised after about 55 days. The basis is VS-based organic matter removal, not COD. The surrounding column text reads: 'In the initial OLR (phase I), large variations in the reactor efficiency occurred up to 55 days, when the organic matter removal stabilized at ...'.",own_measurement,related_only,llm_double_read,,"The fragment is verbatim on PDF p.5 (printed 8973), right column of the Results. Full sentence: 'In the initial OLR (phase I), large variations in the reactor efficiency occurred up to 55 days, when the organic matter removal stabilized at 71.27% ± 4.87% with the establishment of some metabolic routes for CH4 production (55.91 ± 5.78 mLNCH4 g−1vS).' The basis is VS, so related_only is correct."
volpi2021:cod_removal:3,cod_removal,volpi2021,12,8980,"Discussion, 'Biogas production and reactor efficiency'",Ferraz Jun- ior et al. (2016) achieved the production of 250 mLN -CH4 g−1CODremoved and 72% removal of organic matter with the monodigestion of vinasse in an Upflow Anaerobic Sludge Blanket (UASB) reactor under thermophilic conditions.,72,% removal of organic matter,Cited value. Vinasse mono-digestion in a thermophilic UASB. This paper does not say whether the 'organic matter' basis is COD. It also does not print the temperature for this study. The same sentence gives a yield of 250 mLN-CH4 g−1 COD removed.,cited,supports_central,llm_double_read,"Ferraz Jun- ior et al. (2016) | Ferraz Júnior ADN, Koyama MH, de Araújo Júnior MM, Zaiat M (2016) Thermophilic anaerobic digestion of raw sugarcane vinasse. Renew Energy 89:245–252. https:// doi. org/ 10. 1016/j. renene. 2015. 11. 064","Verbatim on PDF p.12. Cited to Ferraz Júnior et al. 2016; the reference-list entry matches (Renew Energy 89:245–252, 10.1016/j.renene.2015.11.064). Support is acceptable but secondary: 72% is close to the 70% central, but this paper does not say the removal basis is COD (only the yield is per g COD removed). The COD basis and the value should be confirmed in Ferraz Júnior 2016 itself before it counts as support."
volpi2021:codig_bmp:0,codig_bmp,volpi2021,12,8980,"Discussion, 'Semi-Continuous Stirred Tank Reactor performance' > 'Biogas production and reactor efficiency'","The highest average reactor efficiency (83.08 ± 13.30 % organic matter removal and 233.20 ± 1.83 mLNCH4 g−1vS) and CH4 content (80.77% ± 0.28%) (Fig. 1) in biogas was achieved in phase VI, corresponding to the specific biogas production of 324.85 ± 2.76 mL g−1VS.",233.20 ± 1.83,mLNCH4 g−1vS,"Own semi-continuous CSTR (bench, 4 L working volume, fed once a day), 55 °C. Ternary blend on a VS basis: 70% vinasse, 20% filter cake, 10% deacetylation liquor; feed totals 57.55 gVS L−1. Phase VI, OLR 4.16 gVS L−1 day−1, HRT 14 d. CH4 content 80.77%. Specific biogas 324.85 ± 2.76 mL g−1VS. The paper does not say whether the VS basis is VS added or VS removed. This is not a vinasse + filter cake-only mixture.",own_measurement,supports_central,llm_double_read,,"Verbatim on PDF p.12. 233.20 mLNCH4 g−1VS is numerically the same unit as NL CH4/kg VS and is about the 230 central. Caveats are correctly stated: a ternary blend with 10% deacetylation liquor, not vinasse + filter cake only; bench s-CSTR at 55 °C; phase VI; the paper does not say whether VS is added or removed."
volpi2021:codig_bmp:1,codig_bmp,volpi2021,1,8969,Abstract. The extraction interleaves the text; quoted verbatim as extracted.,The gradual increase of the applied organic load rates (OLR) allowed stabilization of the methanogenesis from 3.20 gVS L−1 day−1: the highest CH4 yield (230 mLNCH4 g−1VS) and average organic matter removal efficiency (83% ± 13) was achieved at ORL of 4.16 gVS L−1 day−1.,230,mLNCH4 g−1VS,"Same reactor and blend (55 °C s-CSTR, ternary blend), at OLR 4.16 gVS L−1 day−1.",own_measurement,supports_central,llm_corrected,,"Second read (misread) corrected the first: quote and page here are the second read's. In the printed abstract the '± 13' belongs to the organic matter removal efficiency (83% ± 13), not to the CH4 yield. The yield is printed as '230 mLNCH4 g−1VS' with no SD. The claim's value '230 ± 13' is therefore wrong, and so is its note that the abstract SD differs from the body. The ± 13 matches the body's removal SD of 83.08 ± 13.30, not the yield SD of ± 1.83. The first read's quote was also the scrambled extraction. The value 230 itself does support the central."
volpi2021:codig_bmp:2,codig_bmp,volpi2021,6,8974,"Results, text below Fig. 1 (interleaved with figure in extraction)","corresponded to the maximum applied OLR that the reactor was able to withstand with stability on CH4 production (93.92 ± 17.62 mLNCH4 g−1vS and 79.57 ± 4.54 % of organic matter removal), although this was not the maximum CH4 yield.",93.92 ± 17.62,mLNCH4 g−1vS,"Phase VII, OLR 4.80 gVS L−1 day−1 (maximum OLR with stable operation), HRT 12 d, 55 °C, ternary blend.",own_measurement,different,llm_corrected,,Second read (misquoted) corrected the first: quote and page here are the second read's. The value 93.92 ± 17.62 mLNCH4 g−1vS (phase VII) is right. The first read's quote was the scrambled extraction; the printed text is in the quote column. 'different' is correct because the value is far below 200–260.
volpi2021:olr_max_cstr:0,olr_max_cstr,volpi2021,16,8984,"Discussion, final concluding paragraph (no separate Conclusions heading). Page assigned from running headers and extraction order; it could be 8983 (pdf 15).","The upper limit of the OLR applied without collapsing the reactor was 4.80 gVS L−1 day−1, maintaining the efficiency of the reactor and the stability of CH4 production, although being 59% lower than the maximum CH4 yield obtained at a lower OLR.",4.80,gVS L−1 day−1,"Own s-CSTR, 55 °C, bench 4 L, fed once a day. Ternary blend 70% vinasse / 20% filter cake / 10% deacetylation liquor (VS basis). Phase VII, HRT 12 d. This is the maximum stable OLR; the maximum CH4 yield was at 4.16 gVS L−1 day−1.",own_measurement,supports_range,llm_double_read,,"Verbatim on PDF p.16 (printed 8984), not 8983. 4.80 gVS L−1 day−1 is the same as kg VS m−3 d−1 and sits at the upper bound of the 2.5–4.8 range. Bench scale, ternary blend, 55 °C."
volpi2021:olr_max_cstr:1,olr_max_cstr,volpi2021,12,8980,"Discussion, 'Biogas production and reactor efficiency'","The collapse of the studied s-CSTR occurred at the applied ORL of 5.23 gVS L−1 day−1, when the reactor efficiency significantly dropped with the accumulation of OA (Fig. 3a) and with the presence of carbohydrates in the digestate (Fig. 3b).",5.23,gVS L−1 day−1,"Phase VIII, HRT 11 d, 55 °C, ternary blend. The reactor collapsed at this OLR.",own_measurement,different,llm_double_read,,"Verbatim on PDF p.12. 5.23 is the collapse OLR (phase VIII, HRT 11 d per Table 1), so 'different' is appropriate."
volpi2021:olr_max_cstr:2,olr_max_cstr,volpi2021,1,8969,Abstract,The gradual increase of the applied organic load rates (OLR) allowed stabilization of the methanogenesis from 3.20 gVS L−1 day−1,3.20,gVS L−1 day−1,"OLR from which methanogenesis was stable (phase V, HRT 18 d). The highest yield was at 4.16 gVS L−1 day−1 (phase VI). Same reactor and blend.",own_measurement,supports_range,llm_support_disputed,,"Verbatim in the abstract, PDF p.1. However, 3.20 gVS L−1 day−1 is the OLR from which methanogenesis stabilised (onset of stability), not a maximum OLR; the reactor stayed stable up to 4.80. The quantity differs from the registry row, so this should be related_only, not supports_range."
volpi2021:olr_max_cstr:3,olr_max_cstr,volpi2021,12,8980,"Discussion, 'Biogas production and reactor efficiency'","These values are close to those obtained by Janke et al. (2016) in which 320 ± 0.48 mL biogas g VS−1 was achieved at the maximum ORL of 3.0 gVS L−1 day−1 in a s-CSTR treating sugarcane bagasse and filter cake (with tap water and cattle manure addition at mesophilic conditions, 38 °C).",3.0,gVS L−1 day−1,"Cited value: s-CSTR treating sugarcane bagasse + filter cake with tap water and cattle manure, mesophilic, 38 °C. The paper adds that this study had considerable OA accumulation and about 50% CH4 in the biogas.",cited,supports_central,llm_double_read,"Janke et al. (2016) | Janke L, Leite AF, Nikolausz M, Radetski CM, Nelles M, Stinner W (2016) Comparison of start-up strategies and process performance during semi-continuous anaerobic digestion of sugarcane filter cake co-digested with bagasse. Waste Manag 48:199–208. https:// doi. org/ 10. 1016/j. wasman. 2015. 11. 007","Verbatim on PDF p.12. Cited to Janke et al. (2016); the reference-list entry matches (Waste Manag 48:199–208, 10.1016/j.wasman.2015.11.007). 'maximum ORL of 3.0 gVS L−1 day−1' for filter cake + bagasse in an s-CSTR at 38 °C supports the 3.0 central. This is Janke 2016 (Waste Manag), not the Janke 2015 IJMS named in the registry, and it is a secondary citation."
volpi2021:hrt_cstr:0,hrt_cstr,volpi2021,3,8971,"Table 1, 'Phases of reactor operation and the respective applied OLRs, feeding rate flows, and HRT'. Columns: Phase; OLR (gVS L−1 day−1); Feeding rate (L day−1); HRT (days). Page assigned from running headers.",I 1.50 0.100 40,40,days,"Phase I (start-up), OLR 1.50 gVS L−1 day−1, feeding 0.100 L day−1. Own s-CSTR, 4 L working volume, 55 °C, ternary blend.",own_measurement,supports_range,llm_double_read,,"Table 1 is on PDF p.3 (printed 8971); row I reads 1.50 / 0.100 / 40. The 40 d HRT is at the upper bound of 20–40, but it was the start-up phase at the lowest OLR."
volpi2021:hrt_cstr:1,hrt_cstr,volpi2021,3,8971,"Table 1 (same table), row VI",VI 4.16 0.285 14,14,days,"Phase VI, OLR 4.16 gVS L−1 day−1. This phase gave the highest CH4 yield (233.20 mLNCH4 g−1VS).",own_measurement,different,llm_double_read,,"Table 1, row VI: 4.16 / 0.285 / 14, PDF p.3. 14 d is outside 20–40, so 'different' is fine."
volpi2021:hrt_cstr:2,hrt_cstr,volpi2021,3,8971,"Table 1 (same table), row VII",VII 4.80 0.333 12,12,days,"Phase VII, OLR 4.80 gVS L−1 day−1. Maximum stable OLR.",own_measurement,different,llm_double_read,,"Table 1, row VII: 4.80 / 0.333 / 12, PDF p.3. 'different' is fine."
volpi2021:hrt_cstr:3,hrt_cstr,volpi2021,3,8971,"Table 1 (same table), row VIII",VIII 5.23 0.363 11,11,days,"Phase VIII, OLR 5.23 gVS L−1 day−1. The reactor collapsed in this phase.",own_measurement,different,llm_double_read,,"Table 1, row VIII: 5.23 / 0.363 / 11, PDF p.3. 'different' is fine."
volpi2021:temp:0,temp,volpi2021,3,8971,"Materials and methods, 'Semi-continuous reactor: description and operation'","The operating temperature was 55°C, maintained by recirculating hot water through a serpentine.",55,°C,"Own bench s-CSTR (5 L Duran flask, 4 L working volume, 150 rpm). Thermophilic co-AD of vinasse + filter cake + deacetylation liquor. The inoculum was raised from mesophilic temperature by 5 degrees per day to 55 °C, then held for a week.",own_measurement,supports_central,llm_double_read,,"Verbatim on PDF p.3, 'Semi‑continuous reactor: description and operation'. 55 °C equals the central."
volpi2021:temp:1,temp,volpi2021,3,8971,"Materials and methods, 'Semi-continuous reactor: description and operation'",Thermophilic conditions were chosen because vinasse leaves the distillation columns at 90°C and thus would have lower (or none) energy expenditure to cool it to mesophilic conditions.,90,°C,"Temperature of vinasse leaving the distillation columns, given as the reason for choosing thermophilic operation. No citation is given. This is not a digestion temperature.",unclear,related_only,llm_double_read,,"Verbatim on PDF p.3. No citation is given, so 'unclear' is acceptable. 90 °C is the vinasse outlet temperature, not a digestion temperature, so related_only is right."
volpi2021:temp:2,temp,volpi2021,3,8971,"Materials and methods, 'Residues and inoculum'",The inoculum consisted of anaerobic consortium from the mesophilic reactor (BIOPAC®ICX - Paques) used for the treatment of vinasse from the Iracema sugarcane mill.,mesophilic (no numeric value printed),,"Full-scale vinasse reactor (BIOPAC ICX, Paques) at the Iracema mill, São Martinho group, Iracemápolis, SP. Described as mesophilic; no temperature is printed.",own_measurement,related_only,llm_double_read,,"Verbatim on PDF p.3. The paper does not say the BIOPAC ICX reactor is 'full-scale' or give its temperature; the claim's conditions add 'Full-scale' without support. It is a description of the inoculum source, not a measurement; related_only is fine."
volpi2021:temp:3,temp,volpi2021,12,8980,"Discussion, 'Biogas production and reactor efficiency'","These values are close to those obtained by Janke et al. (2016) in which 320 ± 0.48 mL biogas g VS−1 was achieved at the maximum ORL of 3.0 gVS L−1 day−1 in a s-CSTR treating sugarcane bagasse and filter cake (with tap water and cattle manure addition at mesophilic conditions, 38 °C).",38,°C,Cited: mesophilic s-CSTR treating bagasse + filter cake (Janke et al. 2016).,cited,supports_range,llm_double_read,"Janke et al. (2016) | Janke L, Leite AF, Nikolausz M, Radetski CM, Nelles M, Stinner W (2016) Comparison of start-up strategies and process performance during semi-continuous anaerobic digestion of sugarcane filter cake co-digested with bagasse. Waste Manag 48:199–208. https:// doi. org/ 10. 1016/j. wasman. 2015. 11. 007",Verbatim on PDF p.12. Cited to Janke et al. 2016 (reference entry matches). 38 °C is inside the 35–55 range.
volpi2021:fc_ts_vs:0,fc_ts_vs,volpi2021,5,8973,"Table 2, 'General characterization of residues', column 'Filter cake' (last column). Header: 'Characterization Inoculum a Vinasse lot 1 a Vinasse lot 2 a Liquor lot 1 a Liquor lot 2 a Filter cake a'.",Total solids (g mL−1) 0.025 ± 0.020 0.025 ± 0.00 0.015 ± 0.00 0.011 ± 0.00 0.014 ± 0.00 0.290 ± 0.02,0.290 ± 0.02,g mL−1 (as printed),"Filter cake from Iracema mill (São Martinho), Iracemápolis, SP. Standard Methods 2540; mean of three replicates ± SD. The basis is printed as g mL−1, not % FM or g g−1. The paper does not say whether this is a mass fraction of fresh matter.",own_measurement,related_only,llm_double_read,,"Table 2 is on PDF p.5 (printed 8973); the Total solids row is verbatim, and 0.290 ± 0.02 is the last (Filter cake) column. The unit is printed as g mL−1 even for a solid cake, so the basis is doubtful; related_only is appropriate."
volpi2021:fc_ts_vs:1,fc_ts_vs,volpi2021,5,8973,"Table 2, 'General characterization of residues', column 'Filter cake'",Volatile solids (g mL−1) 0.015 ± 0.001 0.018 ± 0.00 0.099 ± 0.00 0.103 ± 0.00 0.008 ± 0.00 0.192 ± 0.01,0.192 ± 0.01,g mL−1 (as printed),Same filter cake sample. VS is printed in g mL−1. VS as % of TS is not printed and was not computed here. Fixed solids for filter cake are printed as 0.097 ± 0.00 g mL−1.,own_measurement,related_only,llm_double_read,,"Table 2, Volatile solids row is verbatim on PDF p.5; filter cake 0.192 ± 0.01. Fixed solids for filter cake are printed as 0.097 ± 0.00. VS/TS is not printed; related_only is correct."
volpi2021:vin_cod:0,vin_cod,volpi2021,5,8973,"Table 2, 'General characterization of residues', column 'Vinasse lot 1'. Header: 'Characterization Inoculum a Vinasse lot 1 a Vinasse lot 2 a Liquor lot 1 a Liquor lot 2 a Filter cake a'.",COD (g L−1) 11.171 ± 0.901 28.660 ± 0.91 17.020 ± 0.45 32.920 ± 0.27 10.440 ± 0.01 -,28.660 ± 0.91,g L−1,"1G vinasse from Iracema mill (São Martinho group, Iracemápolis, SP), batch 1, used in the first operation phases. The vinasse type (juice/mixed/molasses) is not stated. COD by Standard Methods 5220B; mean of three replicates ± SD. The paper notes that the batch 1 COD includes non-organic material such as sulfide.",own_measurement,supports_central,llm_double_read,,"Table 2, COD row on PDF p.5. Vinasse lot 1 is 28.660 ± 0.91 g L−1, close to the 30 central. The p.7 Discussion states that the batch 1 COD 'takes into account non-organic materials, e.g., sulfide'. The vinasse type is not stated."
volpi2021:vin_cod:1,vin_cod,volpi2021,5,8973,"Table 2, 'General characterization of residues', column 'Vinasse lot 2'",COD (g L−1) 11.171 ± 0.901 28.660 ± 0.91 17.020 ± 0.45 32.920 ± 0.27 10.440 ± 0.01 -,17.020 ± 0.45,g L−1,"Same mill, vinasse batch 2, fed from phase IV onward. Vinasse type not stated. Mean of three replicates ± SD.",own_measurement,supports_range,llm_double_read,,"Vinasse lot 2 COD is 17.020 ± 0.45 g L−1, inside 15–50. Batch 2 vinasse was fed from phase IV (p.4)."
volpi2021:vin_cod:2,vin_cod,volpi2021,7,8975,"Discussion, 'Characterization of residues'","The COD value of vinasse batch 1 was close to the values normally found in the literature (Moraes et al. 2015), whereas batch 2 had much lower COD values.",no numeric value printed,,Qualitative comparison with the literature range (Moraes et al. 2015).,cited,related_only,llm_double_read,"Moraes et al. 2015 | Moraes BS, Zaiat M, Bonomi A (2015) Anaerobic digestion of vinasse from sugarcane ethanol production in Brazil: challenges and perspectives. Renew Sustain Energy Rev 44:888–903. https:// doi. org/ 10. 1016/j. rser. 2015. 01. 023","Verbatim on PDF p.7 (printed 8975), Discussion 'Characterization of residues'. It cites Moraes et al. 2015; the reference entry matches (RSER 44:888–903). No number is given; related_only is right."
volpi2021:vin_ts_vs:0,vin_ts_vs,volpi2021,5,8973,"Table 2, 'General characterization of residues', columns 'Vinasse lot 1' and 'Vinasse lot 2'",Total solids (g mL−1) 0.025 ± 0.020 0.025 ± 0.00 0.015 ± 0.00 0.011 ± 0.00 0.014 ± 0.00 0.290 ± 0.02,0.025 ± 0.00 (Vinasse lot 1); 0.015 ± 0.00 (Vinasse lot 2),g mL−1 (as printed),"Vinasse from Iracema mill (São Martinho), Iracemápolis, SP, batches 1 and 2. Standard Methods 2540; mean of three replicates ± SD. Printed in g mL−1; the registry uses g/L, and I applied no conversion.",own_measurement,supports_range,llm_double_read,,"Table 2 on PDF p.5: Vinasse lot 1 TS 0.025 ± 0.00 and lot 2 TS 0.015 ± 0.00, printed in g mL−1. Supporting the range needs the unit equivalence 0.025 g mL−1 = 25 g L−1 (inside 15–50; lot 2 is at the lower bound). The g mL−1 unit is doubtful because filter cake is printed in the same unit, so this support is conditional on the printed unit."
volpi2021:vin_ts_vs:1,vin_ts_vs,volpi2021,5,8973,"Table 2, 'General characterization of residues', column 'Vinasse lot 1'",Volatile solids (g mL−1) 0.015 ± 0.001 0.018 ± 0.00 0.099 ± 0.00 0.103 ± 0.00 0.008 ± 0.00 0.192 ± 0.01,0.018 ± 0.00,g mL−1 (as printed),Vinasse batch 1. Mean of three replicates ± SD.,own_measurement,supports_range,llm_double_read,,"Vinasse lot 1 VS 0.018 ± 0.00 g mL−1, PDF p.5. Lot 1 is internally consistent: VS 0.018 + FS 0.007 = TS 0.025. It falls in the VS range only under the g mL−1 → g L−1 equivalence (same caveat as above)."
volpi2021:vin_ts_vs:2,vin_ts_vs,volpi2021,5,8973,"Table 2, 'General characterization of residues', column 'Vinasse lot 2'",Volatile solids (g mL−1) 0.015 ± 0.001 0.018 ± 0.00 0.099 ± 0.00 0.103 ± 0.00 0.008 ± 0.00 0.192 ± 0.01,0.099 ± 0.00,g mL−1 (as printed),"Vinasse batch 2. As printed, VS (0.099) is greater than TS (0.015 g mL−1) for the same lot. This is internally inconsistent.",own_measurement,different,llm_double_read,,"Vinasse lot 2 VS 0.099 ± 0.00 g mL−1 as printed. The inconsistency is real: VS (0.099) + FS (0.005) does not equal TS (0.015), unlike lot 1. Liquor lot 1 shows the same anomaly (VS 0.103 > TS 0.011). Flag Table 2 VS/TS for lot 2 as unreliable; 'different' is fine."
volpi2021:vin_ts_vs:3,vin_ts_vs,volpi2021,7,8975,"Discussion, 'Characterization of residues'","Accordingly, the level of TS was also lower than the vinasse in batch 1, although the VS content was about 5 times higher.","about 5 times higher (VS, batch 2 vs batch 1)",,"Authors' comparison of vinasse batch 2 with batch 1. It confirms the Table 2 VS figures are as intended, despite VS exceeding TS for batch 2.",own_measurement,different,llm_double_read,,Verbatim on PDF p.7. The authors' own comparison of their batches; it matches Table 2 as printed. 'different' is fine.
volpi2021:vin_gen:0,vin_gen,volpi2021,3,8971,"Materials and methods, 'Semi-continuous reactor: description and operation'","These proportions were based on the residue’s avail- ability at the sugarcane mill, where the most abundant is vinasse (25 L vinasse per liter of ethanol total (1G+2G)) and the least would be the deacetylation liquor (7 L per liter of ethanol total (1G+2G)).",25,L vinasse per liter of ethanol total (1G+2G),"Basis is per litre of total 1G+2G ethanol, not 1G ethanol only. It refers to availability at 'the sugarcane mill' (Iracema mill implied by context). No citation or data source is given. It was used to set the feed proportions (70% vinasse VS). The same sentence gives deacetylation liquor as 7 L per litre of total ethanol.",unclear,different,llm_double_read,,"Verbatim on PDF p.3. No citation or data source is given, so 'unclear' is right. The basis is per litre of total 1G+2G ethanol and the value is outside 10–15, so 'different' is correct; it should not be used as a vinasse generation factor."
silvaneto2021:vin_gen:0,vin_gen,silvaneto2021,1,,"1. Introduction, first paragraph","Each liter of ethanol produces an average of 11.5 L of vinasse, a liquid with high pollution potential [2–5].",11.5,L vinasse per L ethanol,"Brazil, average from the literature; distillery type and vinasse origin (juice/molasses) not specified",cited,supports_range,llm_double_read,"[2–5] = [2] Janke L, Leite A, Nikolausz M, Schmidt T, Liebetrau J. Biogas production from sugarcane Waste : assessment on kinetic challenges for process designing. Int J Mol Sci 2015;16:20685–703. https://doi.org/10.3390/ijms160920685. [3] Elaiuy MLC, Borrion AL, Poggio D, Stegemann JA, Nour EAA. ADM1 modelling of large-scale Cigar treating sugarcane vinasse. Water Sci Technol 2018;77:1397–409. https://doi.org/10.2166/wst.2018.013. [4] Wilkie AC, Riedesel KJ, Owens JM. Stillage characterization and anaerobic treatment of ethanol stillage from conventional and cellulosic feedstocks. Biomass Bioenergy 2000;19:63–102. https://doi.org/10.1016/S0961-9534(00)00017-9. [5] Elia Neto A, Souza Z. Panorama do biogás no brasil – setor sucroalcooleiro. 2016.","The quote appears word for word on PDF page 1 (Introduction, first paragraph), with the citation [2–5]. The reference-list entries [2]-[5] match the cited_ref given. 11.5 L/L falls inside the registry range of 10–15. The paper does not state the vinasse origin (juice or molasses)."
silvaneto2021:vin_gen:1,vin_gen,silvaneto2021,5,5,"Table 2 (Main parameters used in calculations), row 'Vinasse Yield'",Vinasse Yield 11.5 m3vinasse/m3ethanol YieldVinasse [2–5],11.5,m3vinasse/m3ethanol,Model input for the national VBG power potential (Eq. 1) and the São Paulo VBM potential (Eq. 8); Brazilian literature average,cited,supports_range,llm_double_read,"[2–5] = [2] Janke L et al. Int J Mol Sci 2015;16:20685–703. https://doi.org/10.3390/ijms160920685; [3] Elaiuy MLC et al. Water Sci Technol 2018;77:1397–409. https://doi.org/10.2166/wst.2018.013; [4] Wilkie AC, Riedesel KJ, Owens JM. Biomass Bioenergy 2000;19:63–102. https://doi.org/10.1016/S0961-9534(00)00017-9; [5] Elia Neto A, Souza Z. Panorama do biogás no brasil – setor sucroalcooleiro. 2016.","The Table 2 row is on PDF page 5, which carries the printed number 5: 'Vinasse Yield 11.5 m3vinasse/m3ethanol YieldVinasse [2–5]'. It is a model input. Origin is cited, to [2–5]. The value lies inside the 10–15 range."
silvaneto2021:vin_cod:0,vin_cod,silvaneto2021,5,5,"Table 2 (Main parameters used in calculations), row 'Vinasse COD' (Reference cell empty)",Vinasse COD 31.5 kgO2/m3vinasse CODvinasse,31.5,kgO2/m3vinasse,"Brazilian average vinasse COD used as model input (Eqs. 1, 8, 11); vinasse type not stated; Section 3.1 says it was taken from the literature",unclear,supports_range,llm_double_read,,"The Table 2 row on PDF page 5 reads 'Vinasse COD 31.5 kgO2/m3vinasse CODvinasse' and its Reference cell is empty. 'unclear' is a defensible origin: §3.1 on p.3 only says the value is 'the average of Brazilian vinasse yield and Chemical Oxygen Demand (COD) ... found in literature' and names no source. The unit kgO2/m3 is the same as g/L, so 31.5 is inside the 15–50 range and near the central 30. The vinasse type is not stated."
silvaneto2021:vin_ch4_yield:0,vin_ch4_yield,silvaneto2021,5,5,"Table 2 (Main parameters used in calculations), row 'Methane Conversion Factor'","Methane Conversion Factor 0.225 Nm3CH4/kgCOD MCF [8],",0.225,"Nm3CH4/kgCOD (per kg COD of vinasse submitted to AD, i.e. COD fed, not COD removed)","Model input for Brazilian vinasse AD (Eqs. 1, 8, 11); basis is COD of vinasse submitted to anaerobic digestion per the paper's definition (p.2 and p.4); reactor type not stated",cited,different,llm_double_read,"[8] da Silva Neto JV, Gallo WLR, Nour EAA. Production and use of biogas from vinasse: implications for the energy balance and GHG emissions of sugar cane ethanol in the brazilian context. Environ Prog Sustain Energy 2020;39:13226. https://doi.org/10.1002/ep.13226.","The Table 2 row on PDF page 5 reads 'Methane Conversion Factor 0.225 Nm3CH4/kgCOD MCF [8],'. [8] is the authors' own earlier paper (da Silva Neto, Gallo, Nour 2020, Environ Prog Sustain Energy 39:13226), so the origin is cited. The definitions on p.2 and p.4 put the basis at COD of vinasse submitted to AD, i.e. COD fed. The registry row is per kg COD removed, so 'different' is the correct support class."
silvaneto2021:vin_ch4_yield:1,vin_ch4_yield,silvaneto2021,4,4,"3.1 Electricity from vinasse biogas, 'Where:' list under Equation (1)","MCF: Methane Conversion Factor, i.e.: amount of methane that is produced per kg of COD of vinasse submitted to anaerobic digestion [Nm3CH4/kgCOD].",n/a (definition of the basis; value given in Table 2),Nm3CH4/kgCOD,Defines the basis as COD of vinasse submitted to anaerobic digestion (COD fed),unclear,related_only,llm_double_read,,"The text is word for word in the 'Where:' list under Equation (1) on PDF page 4 (printed page 4). It is a definition with no value, so related_only is correct. The same definition appears in the Abbreviations box on p.2 (see missed)."
silvaneto2021:ethanol_yield:0,ethanol_yield,silvaneto2021,10,10,"4.3. Contribution of vinasse biogas in future energy scenarios, first paragraph","This increase in ethanol production will come with an increase in sugarcane cultivation area of 1.7 million hectares (18.9% more area), together with a 25% increase in sugarcane productivity (adding 309 million tons of sugarcane to Brazilian production) and combined with a 30% increase in ethanol production per ton of cane (from changes in ethanol/sugar mix).",30% increase,% relative change in ethanol produced per ton of cane,"Brazil, EPE high-growth scenario 2017 to 2030; relative change, not an absolute yield",cited,related_only,llm_double_read,[18] (named in the preceding sentence: 'The Brazilian Ethanol Supply Scenarios and Otto Cycle Demand for 2018–2030 [18] forecasts...') = [18] EPE. Ethanol supply scenarios and Otto cycle demand 2018-2030 2018:vol. 2.,"The sentence is word for word in §4.3 on PDF page 10, right column. The preceding sentence attributes it to [18] (EPE Ethanol supply scenarios 2018-2030). It gives a relative change (+30% ethanol per ton of cane, 2017–2030 high-growth scenario) and no absolute L/t value, so related_only is correct. No absolute ethanol yield per tonne of cane is printed anywhere in the paper."
silvaneto2021:opex_epe:0,opex_epe,silvaneto2021,9,9,"4.2. Vinasse biomethane in the state of São Paulo, paragraph 'Pricing VBM'","Comparing the average NG cost of distribution companies of USD0.2926/Nm3 to the VBM selling price presented by Leme and Seabra (2017) [52], which is USD0.3005/Nm3 for an autonomous distillery with a 2 million tons sugarcane crushing capacity, and USD0.4185/Nm3 for an autonomous distillery with a 1 million ton sugarcane crushing capacity, it is clear that setting the VBM price at the average historical price of NG does not seem to be high enough to motivate the widespread adoption of VBM.",0.3005; 0.4185,"USD/Nm3 (VBM selling price, not OPEX)","Vinasse biomethane, autonomous distillery of 2 Mt and 1 Mt sugarcane crushing capacity; selling price, not OPEX; price year not stated",cited,related_only,llm_double_read,"Leme and Seabra (2017) [52] = [52] Leme RM, Seabra JEA. Technical-economic assessment of different biogas upgrading routes from vinasse anaerobic digestion in the Brazilian bioethanol industry. Energy 2017;119:754–66. https://doi.org/10.1016/j.energy.2016.11.029.","The passage is word for word in the 'Pricing VBM' paragraph on PDF page 9, left column (printed page 9). Per-page pdftotext confirms page 9; the Drive text's header order wrongly suggests page 8. The figures are VBM selling prices in USD/Nm3 cited from Leme and Seabra (2017) [52], with no price year. They are not OPEX in R$/Nm3, so related_only is correct. The paper prints no OPEX value."
barros2017:vin_cod:0,vin_cod,barros2017,2,372,"Table 1 'Characteristics of vinasse and filter cake.' (vinasse column, mg L−1). pdf_page counted from printed journal page numbers (first page 371 = PDF p.1); text has no page markers","Parameters Vinasse (mg L−1) Filter cake (mg g−1 TS) pH 4.5 8.2 COD 44,500 20","44,500",mg L−1,"Raw sugarcane vinasse from distillation of hydrous ethanol, collected monthly at the exit of the distillation column, sugarcane plant in Ribeirão Preto region, SP, Brazil; juice/molasses/mixed origin not stated; the 20 in the same row is filter cake COD in mg g−1 TS",own_measurement,supports_range,llm_double_read,,"Table 1 on p.2 (372) reads 'Parameters Vinasse (mg L−1) Filter cake (mg g−1 TS) pH 4.5 8.2 COD 44,500 20 ...', which matches the claim. 44,500 mg/L is the paper's own characterization of raw vinasse from hydrous ethanol distillation (Section 2.2). The paper does not say whether it is juice, molasses or mixed vinasse. The value is inside 15–50 g/L, so supports_range is right."
barros2017:vin_cod:1,vin_cod,barros2017,6,376,Section 3.2 Removal of COD and biogas production,"The highest COD removal efficiency for the system (60%, R1 + R2) was attained at the highest COD tested (31,545 mg L−1 in the influent) (Fig. 2c).","31,545",mg L−1,"Reactor influent COD, not raw vinasse: the influent was vinasse with filter cake solution mixed with recirculated R2 effluent (Table 2 vinasse:effluent proportions 8:92 to 38:62 % vol.); thermophilic two-stage UASB",own_measurement,related_only,llm_double_read,,"Found verbatim in Section 3.2, on p.6 (376). 31,545 mg/L is the reactor influent COD, which is vinasse with filter cake diluted with recirculated R2 effluent (Table 2: vinasse:effluent 8:92 to 38:62 % vol.). It is not raw vinasse COD, so related_only is right."
barros2017:cod_removal:0,cod_removal,barros2017,6,376,Section 3.2 Removal of COD and biogas production,"The highest COD removal efficiency for the system (60%, R1 + R2) was attained at the highest COD tested (31,545 mg L−1 in the influent) (Fig. 2c).",60,%,"Highest system COD removal (R1 + R2 in series), two-stage thermophilic UASB (54–56 °C), vinasse supplemented with filter cake (40 g filter cake per L crude vinasse, sieved/filtered) and R2 effluent recirculation; influent COD 31,545 mg/L; lab scale (R1 12.1 L, R2 5.6 L)",own_measurement,supports_range,llm_double_read,,"Found verbatim on p.6 (376). 60% is the highest system removal (R1+R2), not a typical value. Removal in the other phases appears only in Fig. 2c; no number for it is printed in the text. 60 is inside 56–85, so supports_range holds, with the caveats that this is a lab-scale, thermophilic, two-stage UASB fed vinasse with filter cake."
barros2017:vin_ch4_yield:0,vin_ch4_yield,barros2017,6,376,Section 3.2 Removal of COD and biogas production,The average values of specific methane production ranged from 0.17 to 0.24LCH4 g−1 COD removed in R1 and from 0.09 to 0.25 L CH4 g−1 COD removed in R2 (Table 4).,0.17–0.24 (R1); 0.09–0.25 (R2),L CH4 g−1 COD removed,"Basis is L CH4 per g COD removed at STP (273.15 K, 101.325 kPa per Section 2.4); averages per OLR phase; thermophilic two-stage UASB, vinasse + filter cake, effluent recirculation; OLR R1 8–45, R2 13–55 g COD L−1 d−1",own_measurement,different,llm_double_read,,"Found verbatim on p.6 (376), below Table 4 ('0.24LCH4' is spaced that way in the text). The basis is L CH4 per g COD removed at STP, the same numeric basis as Nm3/kg COD removed. The values (0.09–0.25) are mostly below the registry range 0.25–0.34, so 'different' is right. There is an internal inconsistency: the text gives R1 as 0.17–0.24, but Table 4 lists R1 = 0.15 for the last phase (OLR 37)."
barros2017:vin_ch4_yield:1,vin_ch4_yield,barros2017,6,376,"Table 4 'Biogas characteristics in function of the OLR applied in two-stage UASB reactors (R1 and R2).', row Specific methane production (c); footnote: (c) L CH4 g−1 COD removed",Specific methane production (c) R1 0.17 0.18 0.24 0.21 0.19 0.15 v.c 54 31 12 16 13 32 R2 0.09 0.16 0.20 0.15 0.17 0.25 v.c 100 49 29 19 30 47 R1 + R2 0.19 0.17 0.23 0.20 0.19 0.16 v.c 77 31 13 12 12 19,R1 + R2: 0.19 0.17 0.23 0.20 0.19 0.16,L CH4 g−1 COD removed,Columns are OLR phases R1 8/18/28/32/45/37 and R2 13/26/30/38/49/55 g COD L−1 d−1; v.c = variation coefficient (%); STP basis,own_measurement,different,llm_double_read,,"The Table 4 row on p.6 (376) matches the claim token for token. Footnote: '(c) L CH4 g−1 COD removed'. The column-to-OLR mapping (R1 8/18/28/32/45/37; R2 13/26/30/38/49/55) is correct. The R1+R2 values (0.16–0.23) are below the registry range, so 'different' is right."
barros2017:vin_ch4_yield:2,vin_ch4_yield,barros2017,3,373,"Section 2.4 Tests and determinations in the influent, effluent, sludge, and production of biogas","The results of the methane production were reported at standard temperature and pressure (STP, 101.325 kPa, 273.15 K).","101.325 kPa, 273.15 K",gas volume reference basis,"Gas-volume basis for all methane values in the paper (matches the Nm³ basis of 0 °C, 1 atm)",own_measurement,related_only,llm_double_read,,"Section 2.4 on p.3 (373). In the extraction the sentence is interleaved with the Section 2.3 column ('reported at standard ... temperature and pressure (STP, 101.325 kPa, 273.15 K).'). Joined, it is verbatim. This is a basis statement only, so related_only is right."
barros2017:vin_ch4_yield:3,vin_ch4_yield,barros2017,6,376,Section 3.2 (literature comparison),"España-Gamboa et al. (2012), evaluating methane production by vinasse treatment using a modified UASB reactor, observed an optimum OLR of 17 g COD L−1 d−1, achieving a specific methane production of 0.263 L CH4 g−1 COD added, and the system collapsed at an OLR of 22 g COD L−1 d−1.",0.263,L CH4 g−1 COD added,"Different basis: per g COD ADDED, not removed; modified UASB treating vinasse from hydrous ethanol at optimum OLR 17 g COD L−1 d−1",cited,related_only,llm_double_read,"España-Gamboa et al. (2012) — España-Gamboa, E.I., Mijangos-Cortés, J.O., Hernández-Zárate, G., Maldonado, J.a.D., Alzate-Gaviria, L.M., 2012. Methane production by treating vinasses from hydrous ethanol using a modified UASB reactor. Biotechnol. Biofuels 5, 82.","Found verbatim on p.6 (376). The cited_ref matches the reference-list entry exactly (Biotechnol. Biofuels 5, 82). The value is per g COD ADDED, a different basis from the registry's, so related_only is right."
barros2017:olr_highrate:0,olr_highrate,barros2017,1,371,Abstract,"We used UASB reactors in a two-stage configuration, with OLRs up to 45 g COD L−1 d−1, and obtained methane production as high as 3 L L−1 d−1.",up to 45,g COD L−1 d−1,"Thermophilic (54–56 °C) two-stage UASB in series, lab scale (R1 12.1 L, R2 5.6 L), vinasse + filter cake + R2 effluent recirculation; 460 days of operation",own_measurement,different,llm_double_read,,"Found verbatim in the Abstract on p.1 (371), once the line-end hyphenation in 'pro- duction' is undone. 45 g COD/L/d is R1's maximum and is above the registry range of 7.5–30, so 'different' is right. R2 reached 55 (Table 2), and the Introduction says the OLR went from 5 to 55."
barros2017:olr_highrate:1,olr_highrate,barros2017,3,373,"Table 2 'Operating conditions of two-stage UASB reactors (R1 and R2), thermophilic, treating sugarcane vinasse.' rows OLR – R1 and OLR – R2 (the two rows are separated by interleaved body text in the extracted text); footnote: OLR in g COD L−1 d−1",OLR – R1 8 18 28 32 45 37 OLR – R2 13 26 30 38 49 55,"R1: 8, 18, 28, 32, 45, 37; R2: 13, 26, 30, 38, 49, 55",g COD L−1 d−1,"Six OLR phases over days 1–110, 110–170, 171–230, 231–310, 311–380, 381–460. HRT was R1 24 h and R2 11 h, then R1 17 h and R2 8 h after day 310. Thermophilic two-stage UASB with filter cake and effluent recirculation",own_measurement,different,llm_double_read,,"Table 2 on p.3 (373). The rows 'OLR – R1 8 18 28 32 45 37' and 'OLR – R2 13 26 30 38 49 55' are present but separated by interleaved body text. The day ranges and HRT values (R1 24 to 17 h, R2 11 to 8 h after day 310) agree with Section 2.3. Several phases exceed 30, so 'different' is right."
barros2017:olr_highrate:2,olr_highrate,barros2017,5,375,Section 3.1 Buffering capacity with high ORLs (literature comparison),"Fuess et al. (2017), treating vinasse in a UASB reactor in thermophilic conditions and OLR of 20–25 g COD L−1 d−1, reported that from 60 to 80% of the acids present in the effluent were composed of propionic acid.",20–25,g COD L−1 d−1,Thermophilic UASB treating vinasse (as described by Barros et al.; the cited reference title describes a two-phase system with a fixed-bed reactor),cited,supports_range,llm_double_read,"Fuess et al. (2017) — Fuess, L.T., Kiyuna, L.S.M., Ferraz, A.D.N., Persinoti, G.F., Squina, F.M., Garcia, M.L., Zaiat, M., 2017. Thermophilic two-phase anaerobic digestion using an innovative fixed-bed reactor for enhanced organic matter removal and bioenergy recovery from sugarcane vinasse. Appl. Energy 189, 480–491.","The sentence is in the right column of p.5 (375), inside Section 3.1 (Section 3.2 starts on p.6). It is interleaved with Methods text in the extraction but verbatim when joined. The cited_ref matches the reference list (Appl. Energy 189, 480–491). 20–25 is inside 7.5–30, so supports_range is valid. This is a secondhand restatement of Fuess 2017, which is already a registry source. Barros et al. describe it as 'a UASB reactor', but the cited title describes a two-phase fixed-bed system."
barros2017:olr_highrate:3,olr_highrate,barros2017,6,376,Section 3.2 (literature comparison),"España-Gamboa et al. (2012), evaluating methane production by vinasse treatment using a modified UASB reactor, observed an optimum OLR of 17 g COD L−1 d−1, achieving a specific methane production of 0.263 L CH4 g−1 COD added, and the system collapsed at an OLR of 22 g COD L−1 d−1.",17 (optimum); 22 (collapse),g COD L−1 d−1,Modified UASB treating vinasse from hydrous ethanol (temperature not stated in this sentence),cited,supports_range,llm_double_read,"España-Gamboa et al. (2012) — España-Gamboa, E.I., Mijangos-Cortés, J.O., Hernández-Zárate, G., Maldonado, J.a.D., Alzate-Gaviria, L.M., 2012. Methane production by treating vinasses from hydrous ethanol using a modified UASB reactor. Biotechnol. Biofuels 5, 82.","Found verbatim on p.6 (376). It is a citation and the cited_ref is correct. 17 (optimum) and 22 (collapse) are both inside 7.5–30, so supports_range is acceptable. This is a secondary citation, and the temperature is not stated in the sentence."
barros2017:vin_k2o:0,vin_k2o,barros2017,2,372,"Table 1 'Characteristics of vinasse and filter cake.' row K (columns: Vinasse (mg L−1), Filter cake (mg g−1 TS))",K 149 0.050,149,mg L−1 (as K),"Basis is elemental K, NOT K2O; raw vinasse from hydrous ethanol distillation, Ribeirão Preto region, SP; 0.050 is filter cake K in mg g−1 TS",own_measurement,different,llm_double_read,,"Table 1 on p.2 (372): 'K 149 0.050'. The vinasse column is in mg L−1 as elemental K, not K2O. The value is far below the registry's g/L range even before any basis conversion (none was computed), so 'different' is right. 149 mg/L is unusually low for vinasse; this should be flagged rather than used."
barros2017:vin_k2o:1,vin_k2o,barros2017,7,377,"Table 5 (Relation COD:N:P, concentration and removal efficiency of macro nutrients, KN, Ptotal, and K, in the influent and effluent), Potassium (K) block. Table tokens are interleaved with body text in the extracted text; footnote: Units for KN, Ptotal and K: mg L−1",Potassium (K) Influent v.c. R1 v.c. 27 77 75 49 115 114 88 7 9 30 21 12 28 61 82 51 110 121 81 36 5 34 15 21,"Influent: 27, 77, 75, 49, 115, 114",mg L−1 (as K),"Reactor influent (vinasse + filter cake + recirculated effluent), one value per OLR phase (R1 8–45 g COD L−1 d−1); elemental K basis, not K2O; the following numbers are v.c. (%), R1 effluent K and its v.c.",own_measurement,related_only,llm_double_read,,"The Table 5 Potassium block on p.7 (377) matches the claim token for token once the interleaved Thermotogae sentence is removed. Footnote: 'Units for KN, Ptotal and K: mg L−1'. The values (27–115 mg/L) are for the diluted reactor influent, as elemental K, so related_only is right. The text also states 'No removals were observed for potassium (K) (Table 5).'"
barros2017:temp:0,temp,barros2017,2,372,Section 2.1 Experimental setup (sentence begins at the bottom of p.371 and continues on p.372 below Table 1),The influent and UASB reactors temperatures were maintained in thermophilic range (54–56 °C) with a heating and temperature control system (equipped with thermocouple) installed in climate chamber.,54–56,°C,"Lab-scale two-stage UASB (R1 12.1 L, R2 5.6 L) in a climate chamber, sugarcane vinasse + filter cake; inoculum from a full-scale thermophilic UASB treating vinasse (Usina São Martinho, Pradópolis, SP)",own_measurement,supports_central,llm_double_read,,"The sentence starts at the end of p.1 ('The influent and UASB') and continues on p.2 (372) after Table 1, as the claim says. Verbatim. 54–56 °C matches the central value of 55, so supports_central is right."
barros2017:vin_ts_vs:0,vin_ts_vs,barros2017,2,372,Section 2.2 Influent and inoculum sludge,"The values of total solids (TS) and volatile solids (VS) were 16.2 and 8.7 g L−1, respectively.",TS 16.2; VS 8.7,g L−1,"INOCULUM SLUDGE collected in a full-scale thermophilic UASB reactor treating vinasse (Usina São Martinho, Pradópolis, SP), NOT vinasse",own_measurement,related_only,llm_double_read,,"Found verbatim in Section 2.2 on p.2 (372). The values are for the INOCULUM SLUDGE from the full-scale São Martinho thermophilic UASB, not for vinasse, so related_only is right. Caution: 16.2/8.7 g/L is almost the same as the registry central for vinasse (16/9 g/L, attributed to Janke 2015). This paper must not be used as support for vinasse TS/VS, and it is worth checking that the registry central was not taken from this sludge value. The paper reports no vinasse TS/VS."
barros2017:vin_ts_vs:1,vin_ts_vs,barros2017,1,371,1. Introduction,"The vinasse is constitutes 94–97% water, macronutrients (mainly K, Ca, N, Mg and S), melanoidins, and residual amounts of sugar, alcohol, and volatile components such as chloroform, pentachlorophenol, phenol, and methylene chloride, and the amount of these substances depends on the feedstock and the process of ethanol production (de Barros et al., 2016; Janke et al., 2016a; Prado et al., 2013).",94–97,% water (mass/volume basis not stated),General vinasse composition from literature; TS/VS not given directly,cited,related_only,llm_double_read,"(de Barros et al., 2016; Janke et al., 2016a; Prado et al., 2013) — de Barros, V.G., Duda, R.M., de Oliveira, R.A., 2016. Biomethane production from vinasse in UASB reactors inoculated with granular sludge. Brazilian J. Microbiol. 47, 1–12. | Janke, L., Leite, A.F., Batista, K., Silva, W., Nikolausz, M., Nelles, M., Stinner, W., 2016a. Enhancing biogas production from vinasse in sugarcane biorefineries: effects of urea and trace elements supplementation on process performance and stability. Bioresour. Technol. 1–11. | Prado, R.D.M., Caione, G., Campos, C.N.S., 2013. Filter cake and vinasse as fertilizers contributing to conservation agriculture. Appl. Environ. Soil Sci.","Found verbatim in the Introduction on p.1 (371), including the grammatical error 'is constitutes' and the hyphenation 'macro- nutrients'. It is a citation; all three cited_ref entries match the reference list. It gives water content, not TS/VS, and no basis is stated, so related_only is right."
aguiar2026:fc_bmp:0,fc_bmp,aguiar2026,11,11,5. Conclusion,"The literature survey indicated that filter cake (50–58 m3 CH4 ton− 1), sugarcane bagasse/straw (101–181 m3 CH4 ton− 1), thin stillage (4.7–5.2 m3 CH4 m− 3) and animal manure (18–123 m3 CH4 ton− 1) have significant potential based on their composition and demonstrated synergies in co-digestion systems.",50–58,m3 CH4 ton−1,"Filter cake. The basis is per ton of substrate, and the paper does not say whether this is fresh matter, TS or VS (it is not per kg VS). It is a synthesis of the literature survey. No reactor, temperature or gas normalisation is given.",unclear,different,llm_double_read,,"Verbatim in 5. Conclusion on p.11. No citation is attached and these per-ton figures appear nowhere else in the paper, including Table 5, so 'unclear' is the right origin. The basis is per ton of substrate, with FM, TS or VS not stated, so 'different' is correct."
aguiar2026:fc_bmp:1,fc_bmp,aguiar2026,8,8,"4.1. Scenario 1 (text, 2nd paragraph)","Janke et al. (2016b) demonstrated that high NaOH concentration (6 g NaOH/100 g FCFM), during pretreatment, accelerated 11.9 the conversion % increase in CH4 of sugarcane straw production (from 260 into CH4, to 291 NmL resulting CH4 g− in an 1 VS) [87].",260 to 291,NmL CH4 g−1 VS,"The extracted text is scrambled by column/subscript interleaving. The probable reading is that NaOH pretreatment (6 g NaOH/100 g FCFM) raised CH4 production by 11.9 %, from 260 to 291 NmL CH4 g−1 VS. The paper's sentence names 'sugarcane straw' as the substrate. However, 'FCFM' (filter cake fresh matter) and the cited reference title (filter cake co-digested with bagasse) point to filter cake. The substrate is therefore ambiguous.",cited,related_only,llm_double_read,"Janke et al. (2016b) ... [87] | [87] L. Janke, A.F. Leite, M. Nikolausz, C.M. Radetski, M. Nelles, W. Stinner, Comparison of start-up strategies and process performance during semi-continuous anaerobic digestion of sugarcane filter cake co-digested with bagasse, Waste Manag. 48 (2016) 199–208, https://doi.org/10.1016/j.wasman.2015.11.007.","The scrambled sentence is on p.8 (4.1, 2nd paragraph) exactly as quoted. The [87] reference entry matches. The paper calls the substrate 'sugarcane straw', but 'FCFM' and the title of [87] point to filter cake. related_only is appropriate."
aguiar2026:fc_ts_vs:0,fc_ts_vs,aguiar2026,4,4,"Table 1, TS row (columns: unit, AD optimal range, Vinasse, Filter Cake, Bagasse, Straw, Liquor Deacetylation, Pentose Liquor)",TS a %FMe – 1.4–5.2 22.0–32.0 45.0–5 7.0 46.0–94.0 2.2 2.82,22.0–32.0,%FM,"Filter cake column. Total solids on a fresh-matter basis. Literature range compiled from the survey; mill, region and year are not specified.",cited,supports_range,llm_support_disputed,Table 1 footnote: References: Caillet and Adelard [23]; Costa et al. [24]; Formann et al. [25]; Freitas et al. [7]; Janke et al. [26]; Marques et al. [27]; Niz et al. [28]; Peixoto et al. [29]; Pereira et al. [30]; Ramos and Silva [33]; Romanholo Ferreira et al. [34]; Santos et al. [35]; Silva et al. [36]; Siqueira et al. [37]; Souza et al. [31]; Volpi et al. [13]; Zanatta et al. [32]. (The table does not say which reference gives which cell.),"The Table 1 TS row is on p.4 and verbatim. Literature table, so origin 'cited' is right; the footnote reference list is reproduced correctly. Support problem: 22.0–32.0 %FM is wider than the registry range of 25–30 %FM, so it is not 'inside the range'. It brackets the central 28 and the whole registry range. It is a broader literature range that would argue for widening the registry range, not a value inside it."
aguiar2026:fc_ts_vs:1,fc_ts_vs,aguiar2026,4,4,"Table 1, VS row",VS b %TS – 67.0–80.0 62.0–83.0 82.5–9 7.0 68.0–92.0 75.8 91.5,62.0–83.0,%TS,Filter cake column. Volatile solids as % of TS. Literature range.,cited,supports_range,llm_support_disputed,Table 1 footnote (same list as above; the table does not say which reference gives which cell).,"The Table 1 VS row is on p.4 and verbatim. 62.0–83.0 %TS is wider than the registry range of 70–78 %TS. It contains the central 74 but extends beyond both ends, so it is not inside the range. Same caveat as statement 0."
aguiar2026:fc_ts_vs:2,fc_ts_vs,aguiar2026,4,4,Section 3.1 Substrates from the sugarcane sector (text after Tables 1-2),"In the case of filter cake, the considerable amount of volatile organic material with VS concentration ranging from 62.0 to 83.0 %TS indicates an interesting potential for CH4 production. However, the solid characteristic, with high concentrations of TS (22.0–32.0 %FM)",VS 62.0–83.0; TS 22.0–32.0,%TS (VS); %FM (TS),Filter cake. The text restates the Table 1 literature ranges.,cited,supports_range,llm_support_disputed,Refers to Table 1 (literature survey; see the Table 1 footnote reference list).,"Verbatim on p.4 (text after Tables 1–2; two columns are interleaved in the extraction, but the sentence is intact once the columns are joined). It restates the Table 1 ranges, which are wider than the registry TS and VS ranges, so the strict 'inside the range' test fails."
aguiar2026:vin_gen:0,vin_gen,aguiar2026,1,,"1. Introduction, 4th paragraph","Vinasse is an acidic effluent stream generated during the distillation step of ethanol production, in an average proportion of 10 L per 1 L of ethanol produced.",10,L vinasse per 1 L ethanol (average),"General average for sugarcane ethanol distillation. No region, mill or year is given.",unclear,supports_range,llm_double_read,,"Verbatim in the Introduction on p.1. The sentence has no citation; the next sentence, about filter cake, ends with [3]. 'unclear' is fair. The value 10 sits at the lower bound of the 10–15 range, so supports_range holds at the boundary."
aguiar2026:vin_cod:0,vin_cod,aguiar2026,4,4,"Table 1, COD row (columns: unit, AD optimal range, Vinasse, Filter Cake, Bagasse, Straw, Liquor Deacetylation, Pentose Liquor)",COD c g L− 1 – 16.0–49.0 – – – 32.6–33.2 41.5,16.0–49.0,g L−1,"Vinasse column (1G sugarcane vinasse; the vinasse type — juice, mixed or molasses — is not specified). Literature range.",cited,supports_range,llm_double_read,Table 1 footnote: References: Caillet and Adelard [23]; Costa et al. [24]; Formann et al. [25]; Freitas et al. [7]; Janke et al. [26]; Marques et al. [27]; Niz et al. [28]; Peixoto et al. [29]; Pereira et al. [30]; Ramos and Silva [33]; Romanholo Ferreira et al. [34]; Santos et al. [35]; Silva et al. [36]; Siqueira et al. [37]; Souza et al. [31]; Volpi et al. [13]; Zanatta et al. [32]. (The table does not say which reference gives which cell.),The Table 1 COD row is on p.4 and verbatim. 16.0–49.0 g/L lies inside the registry range of 15–50. The vinasse type is not specified.
aguiar2026:vin_cod:1,vin_cod,aguiar2026,4,4,Section 3.1 (text following Tables 1-2),"It is observed that vinasse contains important amounts of organic matter, as indicated by its COD concentration ranging from 16 to 49 g L− 1 and VS content between 67 % and 80 % of TS.",16 to 49,g L−1,Sugarcane vinasse (type not specified). Restates the Table 1 literature range.,cited,supports_range,llm_double_read,Refers to Table 1 (literature survey; see the Table 1 footnote reference list).,"The sentence starts at the bottom of the second column on p.3 ('It is observed that vinasse contains important amounts of organic') and continues on p.4, where the value '16 to 49 g L− 1' is printed. Wording is verbatim. It restates the Table 1 literature range, which is inside 15–50."
aguiar2026:vin_ch4_yield:0,vin_ch4_yield,aguiar2026,7,7,"Table 5 (Summary of methane productivity data), row 'By-products from the sugarcane industry / 1G Vinasse'; page inferred from running headers (Table 5 caption interleaved with page-7 text)",1G Vinasse | 306 NmL CH4 g− 1 COD | UASB two-stage (bench scale) | Ferraz Junior et al. [8],306,NmL CH4 g−1 COD,"1G sugarcane vinasse in a two-stage bench-scale UASB, thermophilic (according to the introduction and the reference title). The basis is printed as 'g−1 COD' without saying removed or added. Section 4.1 calls these 'BMP values'.",cited,supports_range,llm_double_read,"Ferraz Junior et al. [8] | [8] A.D. Ferraz Júnior, M.H. Koyama, M.M. de Araújo Júnior, M. Zaiat, Thermophilic anaerobic digestion of raw sugarcane vinasse, Renew. Energy 89 (2016) 245–252, https://doi.org/10.1016/j.renene.2015.11.064.","The Table 5 row elements ('1G Vinasse 306 NmL CH4 g− 1 COD', 'UASB two-stage (bench scale)', 'Ferraz Junior et al. [8]') are in the extracted Table 5, which sits on p.7 after the '7' footer and before the p.8 header. The ' | ' joins are a reconstruction of the row. The [8] entry matches. Numerically the value fits the 0.25–0.34 range. Caveat: the paper prints 'g−1 COD' without saying removed or added, and section 4.1 calls these 'BMP values', so the basis match with 'per kg COD removed' is not confirmed."
aguiar2026:vin_ch4_yield:1,vin_ch4_yield,aguiar2026,8,8,4.1. Scenario 1 (Barbosa et al. paragraph),"In Phase I, the reactor demonstrated a methane yield of 0.40 L CH4 g− 1 COD removed.",0.40,L CH4 g−1 COD removed,"UASB fed with sugarcane vinasse (Phase I, reactor restart). The paper does not say whether L is normalised (N). Basis: COD removed.",cited,different,llm_double_read,"Barbosa et al. (2022) ... [91] | [91] M.Y.U. Barbosa, I. Alves, V. Del Nery, I.K. Sakamoto, E. Pozzi, M.H.R.Z. Damianovic, Methane production in a UASB reactor from sugarcane vinasse: shutdown or exchanging substrate for molasses during the off-season? J. Water Process Eng. 47 (2022) https://doi.org/10.1016/j.jwpe.2022.102664.","Verbatim on p.8 (Barbosa et al. paragraph; [91] closes the paragraph). The value 0.40 L CH4/g COD removed is above the registry range and the theoretical 0.35, and the L is not stated as normalised. 'different' is correct."
aguiar2026:vin_ch4_yield:2,vin_ch4_yield,aguiar2026,8,8,4.1. Scenario 1 (Santana Junior et al. paragraph),"The results showed that with vinasse in the R2 reactor was possible to achieve 0.245 m3 CH4 kg− 1 COD, and with molasses was 0.056 m3 CH4 kg− 1 COD.",0.245,m3 CH4 kg−1 COD,"Sugarcane vinasse, two-stage thermophilic UASB (R1+R2), value for reactor R2. The paper does not say whether COD is removed or added, or whether m3 is normalised. Table 5 prints the same value as '0.245 L CH4 g− 1 COD (vinasse)'.",cited,different,llm_double_read,"Santana Junior et al. (2019) ... [90] | [90] A.E. Santana Junior, R.M. Duda, R.A. de Oliveira, Improving the energy balance of ethanol industry with methane production from vinasse and molasses in two-stage anaerobic reactors, J. Clean. Prod. 238 (2019), https://doi.org/10.1016/j.jclepro.2019.07.052.","Verbatim on p.8 (Santana Junior et al. paragraph, [90]). The value 0.245 is just below the 0.25 lower bound, and neither the removed/added basis nor normalisation is stated, so 'different' is acceptable. Table 5 on p.7 prints '0.245 L CH4 g− 1 COD (vinasse) 0.056 L CH4 g− 1 COD (molasses)' with the reactor 'UASB (R1+R2)'."
aguiar2026:vin_ch4_yield:3,vin_ch4_yield,aguiar2026,11,11,4.4. Scenario 4 (Borges et al. paragraph); also Table 5 row 'Glycerol',The highest CH4 yield (352 NmL CH4 g− 1 COD removed) was obtained with VGC in a 1:1 ratio,352,NmL CH4 g−1 COD removed,"Co-digestion of vinasse and distilled glycerol (VGC), 1:1 on a COD basis, mesophilic batch tests (Table 5: 'Flask'). This is not vinasse mono-digestion.",cited,related_only,llm_double_read,"Borges et al. (2021) ... [106] | [106] A. do V. Borges, L.T. Fuess, I. Alves, P.Y. Takeda, M.H.R.Z. Damianovic, Co-digesting sugarcane vinasse and distilled glycerol to enhance bioenergy generation in biofuel-producing plants, Energy Convers. Manag. 250 (2021), https://doi.org/10.1016/j.enconman.2021.114897.","Verbatim on p.11 (Borges et al. paragraph, [106]). The Table 5 Glycerol row on p.7 also prints '352 NmL CH4 g− 1 COD removed' with 'Flask'. This is vinasse + glycerol co-digestion, so related_only is right."
aguiar2026:cod_removal:0,cod_removal,aguiar2026,8,8,4.1. Scenario 1 (Barbosa et al. paragraph),"Throughout the experiment, the reactor consistently achieved approximately 80 % COD removal efficiency.",approximately 80,% COD removal,"UASB operated with sugarcane vinasse (Phases I and III) and sugarcane molasses (Phase II, off-season substitution).",cited,supports_range,llm_double_read,"Barbosa et al. (2022) ... [91] | [91] M.Y.U. Barbosa, I. Alves, V. Del Nery, I.K. Sakamoto, E. Pozzi, M.H.R.Z. Damianovic, Methane production in a UASB reactor from sugarcane vinasse: shutdown or exchanging substrate for molasses during the off-season? J. Water Process Eng. 47 (2022) https://doi.org/10.1016/j.jwpe.2022.102664.",Verbatim on p.8. The paragraph opens with 'Barbosa et al. (2022)' and ends with [91]. 'approximately 80 %' is inside 56–85. Note that it spans vinasse and molasses phases.
aguiar2026:cod_removal:1,cod_removal,aguiar2026,10,10,4.3. Scenario 3 (Santi Caraça et al. paragraph),Co-digestion with DCW and effluent recirculation resulted in average total COD removals of 77 % for the system (R1 + R2) and volumetric CH4 production of 0.451 m3 CH4 m− 3 d− 1 in R1.,77,% total COD removal,"Co-digestion of sugarcane vinasse with dairy cattle wastewater (DCW), two UASB reactors in series with effluent recirculation. The value is for the whole system (R1+R2).",cited,supports_range,llm_double_read,"Santi Caraça et al. (2023) ... [101] | [101] M. de Santi Caraça, R.A. de Oliveira, R.M. Duda, Bioenergy recovery from Anaerobic Co-Digestion of sugarcane vinasse and dairy cattle wastewater in two Up-Flow anaerobic sludge blanket reactors in series, Bioenergy Res. (2023), https://doi.org/10.1007/s12155-023-10614-6.","Verbatim on p.10 (Santi Caraça et al. paragraph, [101]). 77 % for R1+R2 is inside 56–85. The system is vinasse + dairy cattle wastewater in UASB reactors in series, which is vinasse co-digestion, but not a CSTR."
aguiar2026:cod_removal:2,cod_removal,aguiar2026,11,11,4.4. Scenario 4 (Borges et al. paragraph),"The highest CH4 yield (352 NmL CH4 g− 1 COD removed) was obtained with VGC in a 1:1 ratio, achieving a COD removal efficiency (169.3 NmL CH4 d− of 1) 97 and %.",97,% COD removal,"Vinasse + distilled glycerol co-digestion (VGC), 1:1 on a COD basis, mesophilic batch. The extracted text is scrambled by interleaving. The probable reading is 'achieving a COD removal efficiency of 97 %'.",cited,different,llm_double_read,"Borges et al. (2021) ... [106] | [106] A. do V. Borges, L.T. Fuess, I. Alves, P.Y. Takeda, M.H.R.Z. Damianovic, Co-digesting sugarcane vinasse and distilled glycerol to enhance bioenergy generation in biofuel-producing plants, Energy Convers. Manag. 250 (2021), https://doi.org/10.1016/j.enconman.2021.114897.","The scrambled text on p.11 matches the quote exactly. The reading '97 %' COD removal is plausible but comes from interleaved text. 97 is above 85, so 'different' is correct (vinasse + glycerol, batch)."
aguiar2026:cod_removal:3,cod_removal,aguiar2026,9,9,4.2. Scenario 2 (Ziero et al. paragraph),The results showed 88 % of COD removal efficiency and 65 % of CH4 content,88,% COD removal,"Corn thin stillage from a corn ethanol mill in Mato Grosso, Brazil. Not vinasse.",cited,related_only,llm_double_read,"Ziero et al. (2022) ... [79] | [79] H.D.D. Ziero, L.C. Ampese, L.S. Buller, V. Oliani Trevisan, M.T. Gouvˆea, M.T.M. G. Rosa, M.D. Berni, T. Forster-Carneiro, Energy generation from thin stillage anaerobic digestion in stand-alone corn ethanol mills, Ind. Crops Prod. 188 (2022) 115601, https://doi.org/10.1016/j.indcrop.2022.115601.","Verbatim on p.9 (Ziero et al. paragraph, [79]). The substrate is corn thin stillage, not vinasse, so related_only is right."
aguiar2026:codig_bmp:0,codig_bmp,aguiar2026,7,7,"Table 5 (Summary of methane productivity data), row 'By-products from the sugarcane industry / 1G Vinasse with Filter Cake'; page inferred from running headers",1G Vinasse with Filter Cake | 365 NmL CH4 g− 1 VS | Semi-continuous reactor (50 L) | Gonz´alzez et al. [11],365,NmL CH4 g−1 VS,Vinasse + filter cake (press mud) co-digestion in a 50 L semi-continuous reactor. This paper gives no temperature or mixing ratio. The table misspells the author as 'Gonz´alzez' (the reference list has 'Gonz´alez').,cited,different,llm_double_read,"Gonz´alzez et al. [11] | [11] L.M.L. Gonz´alez, I. Pereda Reyes, O. Romero Romero, Anaerobic co-digestion of sugarcane press mud with vinasse on methane yield, Waste Manag. 68 (2017) 139–145, https://doi.org/10.1016/j.wasman.2017.07.016.","Table 5 is on p.7. The extraction interleaves the cells ('1G Vinasse with Filter Cake ... Gonz´alzez et al. [11] 1G Vinasse with Deacetylation Liquor 365 NmL CH4 g− 1 VS Semi-continuous reactor (50 L) 861 NmL CH4 g− 1 VS Flask Volpi et al.'). Linking 365 to vinasse + filter cake is a reconstruction, but the p.8 text attributes 365 NmL/g VS to [11] for vinasse + filter cake. 365 is outside 200–260, and no temperature or ratio is given, so 'different' is correct. The [11] entry matches."
aguiar2026:codig_bmp:1,codig_bmp,aguiar2026,8,8,"4.1. Scenario 1, 1st paragraph","In a co-digestion vinasse and filter cake, a study reported a CH4 as 507 NmL CH4 g− 1 VS system containing yield of 365 NmL CH4 g− 1 VS [11].",365,NmL CH4 g−1 VS,"Vinasse + filter cake co-digestion. The extracted text is scrambled: the fragment 'as 507 NmL CH4 g−1 VS' belongs to the preceding sentence on vinasse BMP [13]. The probable reading is 'In a co-digestion system containing vinasse and filter cake, a study reported a CH4 yield of 365 NmL CH4 g−1 VS [11]'.",cited,different,llm_double_read,"[11] | [11] L.M.L. Gonz´alez, I. Pereda Reyes, O. Romero Romero, Anaerobic co-digestion of sugarcane press mud with vinasse on methane yield, Waste Manag. 68 (2017) 139–145, https://doi.org/10.1016/j.wasman.2017.07.016.",The scrambled sentence on p.8 matches exactly. The claimant's reading is correct: the '507 NmL CH4 g−1 VS' fragment belongs to the preceding vinasse-BMP sentence ([13]).
aguiar2026:codig_bmp:2,codig_bmp,aguiar2026,8,8,"4.1. Scenario 1, 1st paragraph; also Table 5","Within the 2G ethanol production context, the co-digestion of filter cake and deacetylation liquor reached up to 861 NmL CH4 g− 1 VS, emerging as an option for the sugarcane off-season [13].",up to 861,NmL CH4 g−1 VS,"Filter cake + deacetylation liquor (2G pretreatment liquor), flask (batch) test according to Table 5. Not vinasse + filter cake. Table 5 labels the 861 row '1G Vinasse with Deacetylation Liquor', which conflicts with the text ('filter cake and deacetylation liquor').",cited,related_only,llm_double_read,"[13]; Table 5: Volpi et al. (2022) [13] | [13] M.P.C. Volpi, L.B. Brenelli, G. Mockaitis, S.C. Rabelo, T.T. Franco, B.S. Moraes, Use of Lignocellulosic residue from second-generation ethanol production to enhance methane production through Co-digestion, Bioenergy Res. 15 (2021) 602–616, https://doi.org/10.1007/s12155-021-10293-1.","Verbatim on p.8. The text says 'filter cake and deacetylation liquor', while the Table 5 label (p.7) for the 861 row reads '1G Vinasse with Deacetylation Liquor', a real internal inconsistency. The [13] entry matches (Bioenergy Res. 15 (2021) 602–616, 10.1007/s12155-021-10293-1). related_only is correct."
aguiar2026:straw_gen:0,straw_gen,aguiar2026,2,2,"1. Introduction (right column, paragraph on straw and bagasse)","With the handling and processing of fresh sugarcane, it is estimated that approximately 14 % and 12.5 % of the sugarcane is straw and bagasse (on a dry basis), respectively [4].",14,% of the sugarcane (on a dry basis),"Sugarcane straw share 'on a dry basis'. The paper does not say whether the denominator is fresh cane mass or cane dry matter, so equivalence to 140 kg DM per t cane cannot be confirmed without interpretation. No region or year is given.",cited,supports_central,llm_double_read,"[4] | [4] D. Szczerbowski, A.P. Pitarelo, A. Zandon´a Filho, L.P. Ramos, Sugarcane biomass for biorefineries: comparative composition of carbohydrate and non-carbohydrate components of bagasse and straw, Carbohydr. Polym. 114 (2014) 95–101, https://doi.org/10.1016/j.carbpol.2014.07.052.","The quote is on p.2 (right column, interleaved with the left column in the extraction) and is verbatim once the columns are separated; [4] matches Szczerbowski et al. 2014. Support caveat: the paper prints '% of the sugarcane ... (on a dry basis)', not kg DM per t cane. Equality with 140 kg DM/t cane requires reading the denominator as fresh cane mass. That reading fits the paper's own figures: bagasse is 12.5 % dry basis here and '35 % w/w of the total weight of sugarcane' on p.5. It is still an interpretation, so the row should carry that caveat. The claimant's own conditions say so, yet it labels the claim supports_central."
aguiar2026:straw_bmp_untreated:0,straw_bmp_untreated,aguiar2026,11,11,5. Conclusion,"The literature survey indicated that filter cake (50–58 m3 CH4 ton− 1), sugarcane bagasse/straw (101–181 m3 CH4 ton− 1), thin stillage (4.7–5.2 m3 CH4 m− 3) and animal manure (18–123 m3 CH4 ton− 1) have significant potential based on their composition and demonstrated synergies in co-digestion systems.",101–181,m3 CH4 ton−1,"Bagasse and straw combined. The basis is per ton of substrate, and the paper does not say whether this is fresh matter, TS or VS (it is not per kg VS). Pretreatment status is not stated. Synthesis of the literature survey.",unclear,different,llm_double_read,,"Verbatim in the Conclusion on p.11. The basis is per ton, unspecified, no citation, and bagasse and straw are combined, so 'different' and 'unclear' are correct."
aguiar2026:straw_bmp_untreated:1,straw_bmp_untreated,aguiar2026,8,8,"4.1. Scenario 1 (text, 2nd paragraph)","Janke et al. (2016b) demonstrated that high NaOH concentration (6 g NaOH/100 g FCFM), during pretreatment, accelerated 11.9 the conversion % increase in CH4 of sugarcane straw production (from 260 into CH4, to 291 NmL resulting CH4 g− in an 1 VS) [87].",260 (before NaOH pretreatment) to 291 (after),NmL CH4 g−1 VS,"The extracted text is scrambled. The probable reading is an 11.9 % increase from 260 to 291 NmL CH4 g−1 VS after NaOH pretreatment (6 g NaOH/100 g FCFM). The paper calls the substrate 'sugarcane straw'. However, 'FCFM' and the cited reference (filter cake co-digested with bagasse) suggest the substrate is filter cake or a filter cake/bagasse mix, not straw.",cited,different,llm_double_read,"Janke et al. (2016b) ... [87] | [87] L. Janke, A.F. Leite, M. Nikolausz, C.M. Radetski, M. Nelles, W. Stinner, Comparison of start-up strategies and process performance during semi-continuous anaerobic digestion of sugarcane filter cake co-digested with bagasse, Waste Manag. 48 (2016) 199–208, https://doi.org/10.1016/j.wasman.2015.11.007.","The same scrambled sentence on p.8 matches. 260 (the probable untreated value) is outside 140–250, and the substrate is doubtful (FCFM; the [87] title is filter cake + bagasse). 'different' is acceptable, and related_only would also be defensible."
aguiar2026:olr_max_cstr:0,olr_max_cstr,aguiar2026,8,8,4.2. Scenario 2 (Sayedin et al. paragraph),Sayedin et al. (2019) performed the AD of thin stillage in an anaerobic baffled reactor (ABR) with a volume of 40 L. The system achieved 305 NmL CH4 g− 1 COD removed with an OLR of 3.5 kg COD m− 3 d− 1.,3.5,kg COD m−3 d−1,"Corn thin stillage in a 40 L anaerobic baffled reactor. COD basis, not VS. Not a CSTR with solids. The paper does not say whether 3.5 is a maximum.",cited,related_only,llm_double_read,"Sayedin et al. (2019); Table 5 'Savedin et al. (2019) [93]' | [93] F. Sayedin, A. Kermanshahi-pour, Q.S. He, Evaluating the potential of a novel anaerobic baffled reactor for anaerobic digestion of thin stillage: effect of organic loading rate, hydraulic retention time and recycle ratio, Renew. Energy 135 (2019) 975–983, https://doi.org/10.1016/j.renene.2018.12.084.","Verbatim on p.8 (end of the page, 4.2). The paragraph's citation [93] closes the continuation sentence on p.9. This is a COD-basis OLR in an ABR treating thin stillage, so related_only is right."
aguiar2026:olr_max_cstr:1,olr_max_cstr,aguiar2026,10,10,4.3. Scenario 3 (Langone et al. paragraph),"The reactor was loaded at an OLR of 2.5 kg total COD m− 3 d− 1, achieving total COD removal efficiencies of 90 %.",2.5,kg total COD m−3 d−1,"Bovine blood serum water, mesophilic up-flow anaerobic filter (UAF). COD basis. Not a CSTR with solids.",cited,related_only,llm_double_read,"Langone et al. (2019) ... [103] | [103] M. Langone, R. Ferrentino, F. Freddi, G. Andreottola, Anaerobic digestion of blood serum water integrated in a valorization process of the bovine blood treatment, Biomass Bioenergy 120 (2019) 1–8, https://doi.org/10.1016/j.biombioe.2018.10.015.","Verbatim on p.10 (Langone et al. paragraph, [103]). This is a COD-basis OLR in a UAF treating blood serum water, so related_only is right."
sica2020:vin_gen:0,vin_gen,sica2020,1,1427,"Introduction, 2nd paragraph (first page; no 'Page N' markers, PDF page counted from journal running headers, first page = 1427). The sentence is split in the text layer by the affiliation footnote; joined here.","High quantities of vinasse are generated, from 10 to 15 L per liter of ethanol produced [11].",10 to 15,L vinasse per L ethanol,General literature range for Brazilian sugarcane ethanol; no substrate or mill specified,cited,supports_range,llm_double_read,"[11] Silva A, Rossetto R, Bonnecine J, Piemonte M, Muraoka T (2013) Net and potential nitrogen mineralization in soil with sugarcane vinasse. Sugar Tech 15:159–164. https://doi.org/10.1007/s12355-012-0199-0",Verbatim on p1 (1427). The affiliation footnote splits the sentence in the text layer. The cited reference [11] is transcribed correctly. 10–15 L/L equals the registry range.
sica2020:vin_gen:1,vin_gen,sica2020,1,1427,Abstract,"However, for each liter of ethanol, 10–15 L of vinasse—liquid rich in organic matter and minerals—are generated.",10–15,L vinasse per L ethanol,"Brazil, sugarcane ethanol; same range as in the Introduction, where it is attributed to [11]",cited,supports_range,llm_double_read,"No citation in the abstract; the Introduction attributes the same range to [11] Silva A, Rossetto R, Bonnecine J, Piemonte M, Muraoka T (2013) Net and potential nitrogen mineralization in soil with sugarcane vinasse. Sugar Tech 15:159–164. https://doi.org/10.1007/s12355-012-0199-0","Verbatim in the Abstract, p1 ('etha- nol' hyphenation aside). The abstract sentence has no citation of its own. It is still background literature, not the authors' measurement, and the body attributes the same range to [11], so 'cited' is acceptable."
sica2020:vin_gen:2,vin_gen,sica2020,4,1430,Case study section (printed p. 1430 = PDF p. 4),"For each liter of ethanol produced, 10–15 L of vinasse are generated [11], in this case study, 12.5 L of vinasse per liter of ethanol produced was used, and the ethanol plant produced 2.4 billion liters of vinasse in 2018/2019.",10–15 (cited range); 12.5 (case-study assumption),L vinasse per L ethanol,"Hypothetical average São Paulo ethanol plant, 4 million t cane per season, 192 million L ethanol, 2018/2019 season. 12.5 is the authors' chosen value inside the cited range, not a measurement.",cited,supports_range,llm_double_read,"[11] Silva A, Rossetto R, Bonnecine J, Piemonte M, Muraoka T (2013) Net and potential nitrogen mineralization in soil with sugarcane vinasse. Sugar Tech 15:159–164. https://doi.org/10.1007/s12355-012-0199-0","Verbatim in the Case study on p4 (1430). The 10–15 range is cited to [11]. The 12.5 L/L figure is the authors' own case-study assumption, not a measurement or a citation. It lies inside the registry range and near the central value of 12. The conditions (4 million t cane, 192 million L ethanol, 2018/2019) are confirmed in the text."
sica2020:vin_gen:3,vin_gen,sica2020,1,1427,"Introduction, 2nd paragraph (sentence split in the text layer by the affiliation footnote; joined here)","Considering that in 2018/2019, the state of São Paulo produced almost 16 billion liters of ethanol [5], from 160 to 240 billion liters of vinasse was produced in this state during this period, which is a considerable amount.",160 to 240 billion L vinasse; almost 16 billion L ethanol,L per season (São Paulo State),"São Paulo State, 2018/2019 season; vinasse volume follows from applying the 10–15 L/L range to SP ethanol output",cited,related_only,llm_double_read,"[5] UNICA (Brazilian Sugarcane Industry Association) (2019) Sugarcane, ethanol and sugar production—2018/2019 harvest season. (unicadata.com.br URL) Accessed 3 Dec 2019","Verbatim on p1 (1427), split by the affiliation footnote. 'Almost 16 billion liters of ethanol' is cited to [5]. The 160–240 billion L figure is the authors' extrapolation using the 10–15 range. related_only is correct."
sica2020:vin_cod:0,vin_cod,sica2020,2,1428,"Introduction, 3rd paragraph (printed p. 1428 = PDF p. 2)","The minimum COD value was 9.2 g L−1, the maximum of 97.4 g L−1, and an average of 28.45 g L−1 [21].",min 9.2; max 97.4; average 28.45,g COD L−1,"64 vinasse samples from 28 ethanol plants in São Paulo State (1995). The preceding sentence says COD varies over the harvest and with the type of must (molasses, sugarcane juice or mixed). The range covers all must types.",cited,supports_central,llm_double_read,"[21] Elia Neto A, Nakahodo T (1995) Physicochemical characterization of vinasse. CTC (Sugarcane Technology Center), Piracicaba (In Portuguese). (In-text spelling 'Elia Neto and Nakahondo' at this point.)","Verbatim on p2 (1428), cited to [21]. The in-text spelling is 'Nakahondo'; the reference list has 'Nakahodo'. The average of 28.45 g/L is close to the central value of 30. The min–max span (9.2–97.4 g/L) covers molasses, juice and mixed musts and is much wider than the registry range of 15–50."
sica2020:vin_cod:1,vin_cod,sica2020,2,1428,"Introduction, 3rd paragraph (printed p. 1428 = PDF p. 2)","Since vinasse is also rich in organic matter with high chemical oxygen demand (COD), which may vary, according to Souza et al. in Brazil, 31.5 g L−1 (1992) [18], while to Sumardiono et al. in Indonesia, 299.25 g L−1 (2013) [19], and to Wheatley from 50 to 100 g L−1 (1990) [20].",31.5 (Brazil); 299.25 (Indonesia); 50 to 100,g COD L−1,"Literature values. Souza 1992: Brazil, pilot UASB. Sumardiono 2013: Indonesia. Wheatley 1990: general. Must type not stated.",cited,supports_range,llm_support_disputed,"[18] Souza ME, Fuzaro G, Polegato AR (1992) Thermophilic anaerobic digestion of vinasse in pilot plant UASB reactor. Water Sci Technol 7:213–222. | [19] Sumardiono S, Syaichurrozi I, Sasongko SB (2013) The effect of COD: N ratios and pH control to biogas production from vinasse. Int J Biochem Res Rev 4:401–413. https://doi.org/10.9734/IJBCRR/2013/3797 | [20] Wheatley A (1990) Anaerobic digestion: a waste treatment technology. Elsevier, London","Verbatim on p2 (1428). The references [18], [19] and [20] are transcribed correctly. 'supports_range' overstates the support. Only Souza et al. (31.5 g/L) falls inside 15–50. Sumardiono et al. (299.25 g/L, Indonesia) is far outside any registry value. Wheatley's 50–100 g/L sits at or above the upper bound and matches the 'molasses up to ~100 g/L' note, not the juice/mixed range. Best classed as mixed/different, with Souza 31.5 alone supporting the range."
sica2020:vin_cod:2,vin_cod,sica2020,2,1428,"Materials and methods, Experimental (printed p. 1428 = PDF p. 2)","The anaerobic digestion was carried out in a 4.5 L UASB reactor with COD concentrations of 30 g L−1 (V) [21] and 41.2 g L−1, vinasse concentrated 37.3%.",30 (V); 41.2 (C),g COD L−1,"Reactor feed COD chosen by the authors. Vinasse came from a mill in Iracemápolis SP, was evaporated to 800 g L−1 COD for transport, then diluted. 30 g L−1 is referenced to the Elia Neto & Nakahodo average [21].",cited,supports_central,llm_double_read,"[21] Elia Neto A, Nakahodo T (1995) Physicochemical characterization of vinasse. CTC (Sugarcane Technology Center), Piracicaba (In Portuguese)","Verbatim in Materials and methods on p2 (1428). [21] sits right next to 30 g/L, so 'cited' is acceptable. Caveat: 30 g/L is a feed set point made by diluting evaporated vinasse (800 g/L COD). It is not an independent characterization of mill vinasse; it rounds the [21] average of 28.45, so it is not independent of statement 0. The 41.2 g/L feed is 'vinasse concentrated 37.3%'."
sica2020:vin_cod:3,vin_cod,sica2020,3,1429,Table 1 (substrate characteristics; printed p. 1429 = PDF p. 3),COD (g L−1) 30 41.2,30 (Vinasse V); 41.2 (Concentrated C),g L−1 (COD),"Experimental feed, made from evaporated vinasse (800 g L−1 COD) and diluted, not raw mill vinasse. Total solids 2.0 % and 2.8 %, initial pH 4.5, neutralized to pH 7.0 with lime.",own_measurement,supports_central,llm_support_disputed,,"The Table 1 row 'COD (g L−1) 30 41.2' is on p3 (1429). Labelling it own_measurement is acceptable, since these are the authors' experimental conditions. It should not be counted as supporting the central value, because it is a dilution set point from an evaporated concentrate, not a measured vinasse COD. It also duplicates statement 2, which takes the value from [21]. Better classed as related_only."
sica2020:cod_removal:0,cod_removal,sica2020,4,1430,Table 2 (printed p. 1430 = PDF p. 4),COD reduction (%) 80.8 80.1,80.8 (V); 80.1 (C),%,"4.5 L glass UASB with recirculation, 37.5–38 °C, HRT 15 d. Organic load 2.0 (V) and 2.75 (C) g L of reactor−1 d−1. Feed COD 30 (V) and 41.2 (C) g/L, from evaporated SP vinasse, lime-neutralized. Experiment ran 150 days. COD by HACH 8000, three times per week. No significant difference between treatments.",own_measurement,supports_range,llm_double_read,,"The Table 2 row 'COD reduction (%) 80.8 80.1' is on p4 (1430). The conditions are confirmed: 4.5 L glass UASB with recirculation, 37.5–38 °C, HRT 15 d, OLR 2.0/2.75, 150 days, HACH 8000 three times per week, and no significant difference between treatments. Both values fall inside the 56–85 % range. Note that this is a lab UASB at low OLR, not a CSTR."
sica2020:cod_removal:1,cod_removal,sica2020,4,1430,Effluent characterization (printed p. 1430 = PDF p. 4),"Final COD of the vinasse treatment was 5.8 g L−1 and of the concentrated vinasse 8.2 g L−1 but this difference is due to the initial COD concentration, since both treatments reduced in about 80% the COD, as mentioned on Sect. 3.1, same for total solids (Table 3).","about 80 (removal); final COD 5.8 (V), 8.2 (C)",% ; g L−1,Same UASB experiment as Table 2,own_measurement,supports_range,llm_double_read,,Verbatim in Effluent characterization on p4 (1430). Table 3 gives the same final COD values (5.8 and 8.2 g/L).
sica2020:cod_removal:2,cod_removal,sica2020,5,1431,Conclusions (printed p. 1431 = PDF p. 5),"The anaerobic digestion reduced about 80% of vinasse’s organic load, keeping its pH at 7.00 and reducing potential environmental impacts when applied to the soil.",about 80,%,Same UASB experiment,own_measurement,supports_range,llm_double_read,,"Verbatim in Conclusions on p5 (1431). It restates the experiment's result, so it adds no independent evidence."
sica2020:cod_removal:3,cod_removal,sica2020,5,1431,Case study (continued; printed p. 1431 = PDF p. 5),"Considering 80% reduction of the vinasse COD, for each liter of vinasse, 24 g of COD are avoided to be applied in the field.",80 (assumed removal); 24 g COD avoided per L vinasse,% ; g COD per L vinasse,"Case-study assumption based on the authors' own result, applied to vinasse at 30 g/L COD. Hypothetical SP plant producing 2.4 billion L vinasse per season.",own_measurement,supports_range,llm_double_read,,"Verbatim on p5 (1431), after Table 6. It is a case-study assumption that reuses the authors' own about-80 % result, not a new measurement. The abstract gives the plant-level figure: 'avoiding 57,600 tons of COD'."
sica2020:vin_ch4_yield:0,vin_ch4_yield,sica2020,4,1430,"Table 2 (printed p. 1430 = PDF p. 4); the asterisk marks a significant difference between treatments (ANOVA, F test)",CH4 per reduced COD (L g−1)* 0.19 0.25,0.19 (V); 0.25 (C),L CH4 per g COD reduced (gas temperature and pressure basis not stated),"4.5 L UASB, 37.5–38 °C, HRT 15 d. Feed COD 30 g/L (V) and 41.2 g/L (C), from evaporated SP vinasse, lime-neutralized. Biogas measured daily by wet tip gas meter; CH4 measured three times per week by GC (SRI 310). Normalization to 0 °C / 1 atm is not reported.",own_measurement,different,llm_double_read,,"The Table 2 row is on p4 (1430); the asterisk footnote is confirmed. The paper states no gas temperature/pressure normalization. 0.19 is below the 0.25–0.34 range and 0.25 sits on its lower bound, so 'different' is reasonable."
sica2020:vin_ch4_yield:1,vin_ch4_yield,sica2020,3,1429,"Results and discussion, Anaerobic digestion (printed p. 1429 = PDF p. 3)","The C treatment was also more efficient in the production of methane per COD reduced, 0.25 L of methane per gram of reduced COD, compared to 0.19 L of methane per gram of reduced COD of the vinasse treatment (Table 2).",0.25 (C); 0.19 (V),L CH4 per g COD reduced (gas basis not stated),Same experiment. 0.25 is for the concentrated feed (41.2 g/L COD). The abstract repeats it: 'increased the liters of methane produced per grams of COD reduced from 0.19 to 0.25'.,own_measurement,supports_range,llm_support_disputed,,"The text is on p3 (1429), interleaved with the right-column methods text but recoverable verbatim. 'supports_range' is not justified. The representative vinasse feed (V, 30 g/L) gives 0.19, below the range. Only the concentrated feed's 0.25 touches the lower bound, and the gas basis is not stated as 0 °C/1 atm. The same data are labelled 'different' in statement 0, which is the more defensible label."
sica2020:vin_ch4_yield:2,vin_ch4_yield,sica2020,3,1429,"Results and discussion, Anaerobic digestion (printed p. 1429 = PDF p. 3); part of a longer sentence","The anaerobic digestion results are in agreement with Lamo, who stated that for each gram of vinasse COD reduced, about 0.3 L of methane would be produced [32],",about 0.3,L CH4 per g COD reduced,Literature value for vinasse; no conditions given,cited,supports_central,llm_double_read,"[32] Lamo P (1991) Methane gas production system through treatment of industrial effluents. METHAX/BIOPAQ, Piracicaba (In Portuguese)",Verbatim on p3 (1429). The citation of [32] Lamo P (1991) is correct. 'About 0.3 L' matches the central 0.30. It is a vague grey-literature value (METHAX/BIOPAQ company document) with no conditions given.
sica2020:vin_ch4_yield:3,vin_ch4_yield,sica2020,3,1429,"Results and discussion, Anaerobic digestion (printed p. 1429 = PDF p. 3); second half of the same sentence","and Janke et al. that achieved a production 0.239 L g COD−1, supplying the substrate with urea [33].",0.239,L g COD−1 (added or removed basis not stated),Vinasse with urea supplementation (Janke et al. 2016),cited,different,llm_double_read,"[33] Janke L, Leite AF, Batista K, Silva W, Nikolausz M, Nelles M (2016) Enhancing biogas production from vinasse in sugarcane biorefineries: effects of urea and trace elements supplementation on process performance and stability. Bioresour Technol 217:10–20. https://doi.org/10.1016/j.biortech.2016.01.110 (the reference list is interleaved across two columns in the text layer; reassembled here)","Verbatim on p3 (1429). The [33] Janke et al. 2016 entry is reassembled correctly from the interleaved reference columns, and the DOI 10.1016/j.biortech.2016.01.110 matches. 0.239 L g COD−1 has an unstated basis (added or removed) and lies below 0.25, so 'different' is fine."
sica2020:olr_highrate:0,olr_highrate,sica2020,3,1429,Table 1 (printed p. 1429 = PDF p. 3),Organic load (g L of reactor−1 days −1) 2.0 2.75,2.0 (V); 2.75 (C),g L of reactor−1 days−1 (printed unit does not name COD),"4.5 L lab UASB (high-rate type), 37.5–38 °C, HRT 15 d. Feed COD 30 (V) and 41.2 (C) g/L, 0.3 L vinasse per day. Reached about 80 % COD removal.",own_measurement,different,llm_double_read,,"The Table 1 row is on p3 (1429), and the printed unit does not name COD. 2.0 and 2.75 are far below 7.5–30, so 'different' is correct."
sica2020:olr_highrate:1,olr_highrate,sica2020,3,1429,Table 1 (printed p. 1429 = PDF p. 3),Hydraulic retention time (days) 15 15,15 (V); 15 (C),days,Same UASB experiment,own_measurement,related_only,llm_double_read,,The Table 1 row is on p3 (1429). related_only is correct.
sica2020:olr_highrate:2,olr_highrate,sica2020,3,1429,"Results and discussion, Anaerobic digestion (printed p. 1429 = PDF p. 3)","Since both treatments were fed with the same volume of vinasse per day (0.3 L), there was also a 42.2% reduction in terms of liters of methane per liter of vinasse between the vinasse treatment and the concentrated vinasse treatment, 4.70 and 8.13 L of methane per liter of vinasse, respectively.",0.3,L vinasse per day (feed to the 4.5 L reactor),Same UASB experiment,own_measurement,related_only,llm_double_read,,"Verbatim on p3 (1429), split across the interleaved table text in the layer. The 0.3 L/day feed volume is printed. related_only is correct."
sica2020:vin_k2o:0,vin_k2o,sica2020,5,1431,"Table 6, Potassium row (printed p. 1431 = PDF p. 5). Columns: Digested vinasse | São Paulo vinasse (Elia Neto and Nakahodo 1995) Minimum | Average | Maximum",Potassium (mg K2O L−1) 1310.54 814 2034.89 3852,min 814; average 2034.89; max 3852,mg K2O L−1,Raw vinasse: 64 samples from 28 ethanol plants in São Paulo State (1995),cited,supports_range,llm_double_read,"[21] Elia Neto A, Nakahodo T (1995) Physicochemical characterization of vinasse. CTC (Sugarcane Technology Center), Piracicaba (In Portuguese). Table 6 caption: 'Source: adapted from [21]'","The Table 6 row is on p5 (1431), and the caption reads 'Source: adapted from [21]'. Support is only partial. The SP average of 2034.89 mg K2O/L lies inside 1.5–4.6 g/L but is clearly below the registry central of 3.0 g/L. The minimum (814 mg/L) is below the registry lower bound, while the maximum (3852 mg/L) is inside. This 64-sample SP dataset arguably bears on (and lowers) the central value; worth logging."
sica2020:vin_k2o:1,vin_k2o,sica2020,5,1431,"Table 6, Potassium row, 'Digested vinasse' column (printed p. 1431 = PDF p. 5)",Potassium (mg K2O L−1) 1310.54 814 2034.89 3852,1310.54,mg K2O L−1,"Digested vinasse: UASB effluent of treatment V (feed 30 g/L COD, diluted from evaporated vinasse). Converted by the authors from a dry-matter analysis (UGA Soil Testing Lab) to a liquid basis. Not raw vinasse. The text on p. 1430 gives the same value as '1,310.54 mg L−1' for potassium, without the K2O label.",own_measurement,different,llm_double_read,,"Table 6 on p5 (1431). The text on p4 (1430) gives '1,310.54 mg L−1' for potassium, converted from the dry-matter basis. This is digested UASB effluent, not raw vinasse, so 'different' is correct."
sica2020:vin_k2o:2,vin_k2o,sica2020,5,1431,"Table 4, macronutrients of digested vinasse on dry-matter basis (printed p. 1431 = PDF p. 5); header and value rows are separate lines in the text layer","Nitrogen Phosphorus (P2O5) Potassium (K2O) Calcium (CaO) Magnesium (MgO) Sulphate (SO4) Concentration (mg kg−1) 1491 2.87 187,220 79,160 19,800 16,324","187,220",mg K2O kg−1 dry matter,"Digested vinasse (treatment V), dry-matter basis",own_measurement,related_only,llm_double_read,,"The Table 4 header and value lines are verbatim on p5 (1431). Dry-matter basis, so related_only is correct."
sica2020:vin_k2o:3,vin_k2o,sica2020,5,1431,"Case study, fertilizer paragraph (printed p. 1431 = PDF p. 5). The text layer interleaves two columns here; only the contiguous fragment is quoted.","1300 mg of K2O per liter, or 1.3 kg m−3",1300 mg per L; 1.3 kg m−3,mg K2O L−1 ; kg K2O m−3,"Digested vinasse, rounded from 1310.54. Used to compute about 77 m3/ha (plant cane) and 69 m3/ha (ratoon) to meet the K2O recommendation of IAC Bulletin 200.",own_measurement,different,llm_double_read,,"The contiguous fragment is on p5 (1431), inside a two-column interleaved passage. It refers to digested vinasse, so 'different' is correct. The 77 m3/ha (plant cane) and 69 m3/ha (ratoon) figures are confirmed in the text."
sica2020:vin_ch4_vol:0,vin_ch4_vol,sica2020,4,1430,Table 2 (printed p. 1430 = PDF p. 4); the asterisk marks a significant difference between treatments,CH4 per liter of vinasse (L L−1)* 4.70 8.13,4.70 (V); 8.13 (C),L CH4 per L vinasse (gas temperature and pressure basis not stated),"4.5 L UASB, 37.5–38 °C, HRT 15 d. Feed COD 30 g/L (V) and 41.2 g/L (C), diluted from evaporated SP vinasse, lime-neutralized, about 80 % COD removal. Gas by wet tip gas meter, CH4 by GC.",own_measurement,different,llm_double_read,,"The Table 2 row is on p4 (1430). 4.70 (V, 30 g/L) is below the registry lower bound of 5, and 8.13 (C, 41.2 g/L) is inside 5–11.4. No gas normalization is stated. 'different' is defensible for the representative V feed, but it conflicts with statement 1, which labels the same data supports_range."
sica2020:vin_ch4_vol:1,vin_ch4_vol,sica2020,3,1429,"Results and discussion, Anaerobic digestion (printed p. 1429 = PDF p. 3)","Since both treatments were fed with the same volume of vinasse per day (0.3 L), there was also a 42.2% reduction in terms of liters of methane per liter of vinasse between the vinasse treatment and the concentrated vinasse treatment, 4.70 and 8.13 L of methane per liter of vinasse, respectively.",4.70 (V); 8.13 (C),L CH4 per L vinasse,Same experiment. 8.13 is for the concentrated feed (41.2 g/L COD).,own_measurement,supports_range,llm_double_read,,"Verbatim on p3 (1429). 8.13 L/L is for the 41.2 g/L COD feed, which is still within the vin_cod range, and it sits well inside 5–11.4 near the central of 8, so supports_range is acceptable for that value only. The 30 g/L feed gives 4.70, below the range, and the gas basis is not normalized."
sica2020:vin_ch4_vol:2,vin_ch4_vol,sica2020,4,1430,Case study (printed p. 1430 = PDF p. 4),"The vinasse treatment produced 4.7 L of methane for each liter of vinasse digested, in this case, if this ethanol plant had a biodigester with the same yield as the experiment reactor, it would have produced 11.28 billion liters of methane during this period.",4.7; 11.28 billion L CH4 per season,L CH4 per L vinasse ; L CH4 per season,"Upscaling of the V result (30 g/L COD) to a hypothetical SP plant with 2.4 billion L vinasse per season (2018/2019). Uses CH4 lower calorific power 9.5 kcal L−1, giving +6 % plant energy.",own_measurement,different,llm_double_read,,"Verbatim in the Case study on p4 (1430). The lower calorific power of 9.5 kcal L−1 and the 'almost 6%' energy increase are confirmed. It is an upscaling of the V result, so 'different' is correct."
