id,path,bytes,sha256,url,url_written_in,license,confidential,partner_nda,year_from_name,kind,sources_yaml_candidate,components,notes
esd_br_municipios_2025,00_Primary_Data_Sources_PILAR2b/01_IBGE_Shapefiles/BR_Municipios_2025/BR_Municipios_2025.shp,323476388,b32a23c0e1d72cefc414e92e0201bb76da7a9d2b5a5058da953bffeb6ded607c,não encontrado,,não encontrado,not_flagged,não encontrado,2025,raw_or_reference,yes,.cpg;.dbf;.prj;.shp;.shx,
esd_br_rg_intermediarias_2025,00_Primary_Data_Sources_PILAR2b/01_IBGE_Shapefiles/BR_RG_Intermediarias_2025/BR_RG_Intermediarias_2025.shp,61978924,faaf3125dc6d5149e2681d94dfed69ffec9bdb2b1506bad24423f8a1d02925f7,https://www.ibge.gov.br/geociencias/organizacao-do-territorio/divisao-regional,00_Primary_Data_Sources_PILAR2b/README_DICIONARIO_ILUC_PIPELINE.md:174,não encontrado,not_flagged,não encontrado,2025,raw_or_reference,yes,.cpg;.dbf;.prj;.shp;.shx,
esd_regioes_geograficas_composicao_por_municipios_2017_20180911,00_Primary_Data_Sources_PILAR2b/01_IBGE_Shapefiles/Lookup/regioes_geograficas_composicao_por_municipios_2017_20180911.xlsx,260130,fb1546ee6036ce30b5f96b8fcaf432b3b0ab7b55494b18f3eacd40a6da47aea9,não encontrado,,não encontrado,not_flagged,não encontrado,2017,raw_or_reference,yes,,
esd_rg2017_rgint,00_Primary_Data_Sources_PILAR2b/01_IBGE_Shapefiles/RG2017_rgint_20180911/RG2017_rgint.shp,725263,8b40b709997c00986084dbe90de5a108067814a86e7d8c2b7065da02cb097a28,https://www.ibge.gov.br/geociencias/organizacao-do-territorio/divisao-regional,00_Primary_Data_Sources_PILAR2b/README_DICIONARIO_ILUC_PIPELINE.md:174,não encontrado,not_flagged,não encontrado,2017,raw_or_reference,yes,.cpg;.dbf;.prj;.sbn;.sbx;.shp;.xml;.shx,
esd_agregados_por_municipios_basico_br,00_Primary_Data_Sources_PILAR2b/02_IBGE_Censo2022/IBGE_CENSO_2022_MUNICIPIOS/Agregados_por_municipios_basico_BR_20260520/Agregados_por_municipios_basico_BR.csv,1235364,082997193a49261fa6ae6a7abd86425e8147185a2cf17c2aef6179ca2e615e5b,não encontrado,,não encontrado,not_flagged,não encontrado,2022,raw_or_reference,yes,,
esd_agregados_por_municipios_caracteristicas_domicilio1_br,00_Primary_Data_Sources_PILAR2b/02_IBGE_Censo2022/IBGE_CENSO_2022_MUNICIPIOS/Agregados_por_municipios_caracteristicas_domicilio1_BR/Agregados_por_municipios_caracteristicas_domicilio1_BR.csv,2573743,97d98f503d19352010d4de379232578112c635083d9a2191f29edb75fec6f2bb,não encontrado,,não encontrado,not_flagged,não encontrado,2022,raw_or_reference,yes,,
esd_agregados_por_municipios_caracteristicas_domicilio2_br,00_Primary_Data_Sources_PILAR2b/02_IBGE_Censo2022/IBGE_CENSO_2022_MUNICIPIOS/Agregados_por_municipios_caracteristicas_domicilio2_BR_20250417/Agregados_por_municipios_caracteristicas_domicilio2_BR.csv,10890519,40166f086cfc43b24e31b5f299f7a2ff30176dc0576f2d9d5545d72ea2517dec,não encontrado,,não encontrado,not_flagged,não encontrado,2022,raw_or_reference,yes,,
esd_agregados_por_municipios_caracteristicas_domicilio3_br,00_Primary_Data_Sources_PILAR2b/02_IBGE_Censo2022/IBGE_CENSO_2022_MUNICIPIOS/Agregados_por_municipios_caracteristicas_domicilio3_BR_20250417/Agregados_por_municipios_caracteristicas_domicilio3_BR.csv,4665864,33a9622ad8794cea4168d8f95a1f6ab875c94d37b9d1df85a3d47bb90301dd41,não encontrado,,não encontrado,not_flagged,não encontrado,2022,raw_or_reference,yes,,
esd_agregados_por_municipios_demografia_br,00_Primary_Data_Sources_PILAR2b/02_IBGE_Censo2022/IBGE_CENSO_2022_MUNICIPIOS/Agregados_por_municipios_demografia_BR/Agregados_por_municipios_demografia_BR.csv,1430177,ce8a6e5cfbceced54c517586cfa4713c52ce0955da7d89f2cb4a491203085799,não encontrado,,não encontrado,not_flagged,não encontrado,2022,raw_or_reference,yes,,
esd_2008_snis_consolidadomunicipio_20260716124911,00_Primary_Data_Sources_PILAR2b/03_SNIS_Series/2008_SNIS_ConsolidadoMunicipio-20260716124911.csv,14967716,5e6f5f57974c999eadedf0799019bf63393bcd9562d5c6ddac74a9dc9ff3e999,não encontrado,,não encontrado,not_flagged,não encontrado,2008,raw_or_reference,yes,,
esd_2009_snis_consolidadomunicipio_20260716124911,00_Primary_Data_Sources_PILAR2b/03_SNIS_Series/2009_SNIS_ConsolidadoMunicipio-20260716124911.csv,17784266,14386070768bcb8678f239e1ccf490cb71e510e23d440525e26fc57a7d7d0362,não encontrado,,não encontrado,not_flagged,não encontrado,2009,raw_or_reference,yes,,
esd_2010_snis_consolidadomunicipio_20260716124911,00_Primary_Data_Sources_PILAR2b/03_SNIS_Series/2010_SNIS_ConsolidadoMunicipio-20260716124911.csv,18747918,d1b18be86eb7c181c6ba67a80221596292c67f3223300133c03814b81aa7aa3b,não encontrado,,não encontrado,not_flagged,não encontrado,2010,raw_or_reference,yes,,
esd_2011_snis_consolidadomunicipio_20260716124911,00_Primary_Data_Sources_PILAR2b/03_SNIS_Series/2011_SNIS_ConsolidadoMunicipio-20260716124911.csv,18328808,7305a41c12bc4ff22d1639841f0b1b1798ea10d9342f74b113babe5beb11acb7,não encontrado,,não encontrado,not_flagged,não encontrado,2011,raw_or_reference,yes,,
esd_2012_snis_consolidadomunicipio_20260716124911,00_Primary_Data_Sources_PILAR2b/03_SNIS_Series/2012_SNIS_ConsolidadoMunicipio-20260716124911.csv,20026818,1b425a33861dcf62e8a57b8b46b411ef33bba4e9ef2cf32c3794c1c25d8a7dd5,não encontrado,,não encontrado,not_flagged,não encontrado,2012,raw_or_reference,yes,,
esd_2013_snis_consolidadomunicipio_20260716124911,00_Primary_Data_Sources_PILAR2b/03_SNIS_Series/2013_SNIS_ConsolidadoMunicipio-20260716124911.csv,21026900,05d4eae1ed5d5c711357d18067a25582fa91ac224430562d0219ed8a27eab80d,não encontrado,,não encontrado,not_flagged,não encontrado,2013,raw_or_reference,yes,,
esd_2014_snis_consolidadomunicipio_20260716124911,00_Primary_Data_Sources_PILAR2b/03_SNIS_Series/2014_SNIS_ConsolidadoMunicipio-20260716124911.csv,20519060,144e8d3c88337b5032a603cf3a3be506aafe6c91d8d6a6f490e5afefc529b7b9,não encontrado,,não encontrado,not_flagged,não encontrado,2014,raw_or_reference,yes,,
esd_2015_snis_consolidadomunicipio_20260716124911,00_Primary_Data_Sources_PILAR2b/03_SNIS_Series/2015_SNIS_ConsolidadoMunicipio-20260716124911.csv,20524744,e9fb3a4d505960fd0acd8939c07c80807f08f370c2bd82cc14c45f2d624dfdad,não encontrado,,não encontrado,not_flagged,não encontrado,2015,raw_or_reference,yes,,
esd_2016_snis_consolidadomunicipio_20260716124911,00_Primary_Data_Sources_PILAR2b/03_SNIS_Series/2016_SNIS_ConsolidadoMunicipio-20260716124911.csv,21760302,383437d504a557561e05110a72436883c7aa60c5edb8188655f63a4732830a9f,não encontrado,,não encontrado,not_flagged,não encontrado,2016,raw_or_reference,yes,,
esd_2017_snis_consolidadomunicipio_20260716124911,00_Primary_Data_Sources_PILAR2b/03_SNIS_Series/2017_SNIS_ConsolidadoMunicipio-20260716124911.csv,21793618,6855024cd0174711782cbd0dce336a4154cc3b1bfe39c4efdb1948a8f4f71d30,não encontrado,,não encontrado,not_flagged,não encontrado,2017,raw_or_reference,yes,,
esd_2018_snis_consolidadomunicipio_20260716124911,00_Primary_Data_Sources_PILAR2b/03_SNIS_Series/2018_SNIS_ConsolidadoMunicipio-20260716124911.csv,21449692,e50402a7318e839a8665430f14a0f0a56520b3251fbdaf1d1ebba8098873241d,não encontrado,,não encontrado,not_flagged,não encontrado,2018,raw_or_reference,yes,,
esd_2019_snis_consolidadomunicipio_20260716124911,00_Primary_Data_Sources_PILAR2b/03_SNIS_Series/2019_SNIS_ConsolidadoMunicipio-20260716124911.csv,22877734,6afb4d40d115ce56c286eadd5cbc92c155acb3e0c9dc60ad4753e557d7c1c2e0,não encontrado,,não encontrado,not_flagged,não encontrado,2019,raw_or_reference,yes,,
esd_2020_snis_consolidadomunicipio_20260716124911,00_Primary_Data_Sources_PILAR2b/03_SNIS_Series/2020_SNIS_ConsolidadoMunicipio-20260716124911.csv,24477998,e6446f1858f997a43dccdc81215c1be55cdb9e89faa3b4299850867787a6ad11,não encontrado,,não encontrado,not_flagged,não encontrado,2020,raw_or_reference,yes,,
esd_2021_snis_consolidadomunicipio_20260716124911,00_Primary_Data_Sources_PILAR2b/03_SNIS_Series/2021_SNIS_ConsolidadoMunicipio-20260716124911.csv,24833094,faed895a81a3487deaeae9c08e9b60b2838deebf61f14aad895510710d725f64,não encontrado,,não encontrado,not_flagged,não encontrado,2021,raw_or_reference,yes,,
esd_2022_snis_consolidadomunicipio_20260716124911,00_Primary_Data_Sources_PILAR2b/03_SNIS_Series/2022_SNIS_ConsolidadoMunicipio-20260716124911.csv,27481424,3d8a5ae30cf650f2bb8adf1818800afbb8af587d038d8999752c8142714e0250,não encontrado,,não encontrado,not_flagged,não encontrado,2022,raw_or_reference,yes,,
esd_snis_consolidadomunicipio_latest,00_Primary_Data_Sources_PILAR2b/03_SNIS_Series/SNIS_ConsolidadoMunicipio_LATEST.csv,120628,8495c3e824405b1c1b17d072e0fd5d9170022e40bd80b5375dea02737f564965,não encontrado,,não encontrado,not_flagged,não encontrado,não encontrado,raw_or_reference,yes,,
esd_ar_br_rg_uf_rgint_rgi_mun_2025,00_Primary_Data_Sources_PILAR2b/04_IBGE_Tabelas/AR_BR_RG_UF_RGINT_RGI_MUN_2025.xls,924672,7307482460cb361aa6b84e3d28f4aaa8d1ac6cac9eeaaa3a0ed901fccff8dfd9,não encontrado,,não encontrado,not_flagged,não encontrado,2025,raw_or_reference,yes,,
esd_tabela_1612_2012_a_2008,00_Primary_Data_Sources_PILAR2b/04_IBGE_Tabelas/PAM_1612_1613_raw/TABELA_1612_2012_A_2008.xlsx,8928046,13682be331bcbb7df383f3bac2e198c651cc1e3075644361821ae39b95d92953,não encontrado,,não encontrado,not_flagged,não encontrado,2012,raw_or_reference,yes,,
esd_tabela_1612_2016_a_2013,00_Primary_Data_Sources_PILAR2b/04_IBGE_Tabelas/PAM_1612_1613_raw/TABELA_1612_2016_A_2013.xlsx,7102791,7d950e7bddf3eb79bb88971157b44839870b1d87ddceeca05417ff375e8bfe09,não encontrado,,não encontrado,not_flagged,não encontrado,2016,raw_or_reference,yes,,
esd_tabela_1612_2020_a_2017,00_Primary_Data_Sources_PILAR2b/04_IBGE_Tabelas/PAM_1612_1613_raw/TABELA_1612_2020_A_2017.xlsx,7142227,f98f2c86778dfda3c19cf2dfb7b7686ae0c0db43b61371c4baad6842f730bde7,não encontrado,,não encontrado,not_flagged,não encontrado,2020,raw_or_reference,yes,,
esd_tabela_1612_2024_a_2021,00_Primary_Data_Sources_PILAR2b/04_IBGE_Tabelas/PAM_1612_1613_raw/TABELA_1612_2024_A_2021.xlsx,7157506,9b753edbad6908a54d841667c77db8eb7ee427c20c3ba104fb8dcdca4fba826b,não encontrado,,não encontrado,not_flagged,não encontrado,2024,raw_or_reference,yes,,
esd_tabela_1613_2008_a_2011,00_Primary_Data_Sources_PILAR2b/04_IBGE_Tabelas/PAM_1612_1613_raw/TABELA_1613_2008_A_2011.xlsx,7813972,14863650190b25b79c90e9eb816c947da3924cfdc4d3553d24488927260fed0d,não encontrado,,não encontrado,not_flagged,não encontrado,2008,raw_or_reference,yes,,
esd_tabela_1613_2012_a_2015,00_Primary_Data_Sources_PILAR2b/04_IBGE_Tabelas/PAM_1612_1613_raw/TABELA_1613_2012_A_2015.xlsx,7648077,eb35e90c2f531972a9682b801d58dbf21be0e951bf1a732b93b0da5139f2693e,não encontrado,,não encontrado,not_flagged,não encontrado,2012,raw_or_reference,yes,,
esd_tabela_1613_2016_a_2020,00_Primary_Data_Sources_PILAR2b/04_IBGE_Tabelas/PAM_1612_1613_raw/TABELA_1613_2016_A_2020.xlsx,7566177,8e1bd751b0f1df214b5c35896fc0db782fb2cd1372a548dfe408898d445d538b,não encontrado,,não encontrado,not_flagged,não encontrado,2016,raw_or_reference,yes,,
esd_tabela_1613_2020_a_2023,00_Primary_Data_Sources_PILAR2b/04_IBGE_Tabelas/PAM_1612_1613_raw/TABELA_1613_2020_A_2023.xlsx,7507245,2814806f4d5f34e3ffd2345d4bf78d3a48e579a062109af45a80aebb1020da17,não encontrado,,não encontrado,not_flagged,não encontrado,2020,raw_or_reference,yes,,
esd_tabela_1613_2024,00_Primary_Data_Sources_PILAR2b/04_IBGE_Tabelas/PAM_1612_1613_raw/TABELA_1613_2024.xlsx,2171888,4ecf05a6becd73a5a65b8f637007682d87e64d39a071ed4a5e30abe83d1a5842,não encontrado,,não encontrado,not_flagged,não encontrado,2024,raw_or_reference,yes,,
esd_conab_graos_cana_uf_2008_2024,00_Primary_Data_Sources_PILAR2b/04_IBGE_Tabelas/PAM_CONAB/CONAB_GRAOS_CANA_UF_2008_2024.csv,49528,c15740e754a6c52aeeb07e30f5cbfd738890142db5ee21bbf128aaa54540b258,https://www.conab.gov.br/info-agro/safras/serie-historica,00_Primary_Data_Sources_PILAR2b/README_DICIONARIO_ILUC_PIPELINE.md:173,não encontrado,not_flagged,não encontrado,2008,raw_or_reference,yes,,
esd_conab_graos_uf_2008_2024,00_Primary_Data_Sources_PILAR2b/04_IBGE_Tabelas/PAM_CONAB/CONAB_GRAOS_UF_2008_2024.csv,20437,bc5fc938ae88e7a692ec406edd4afd82a0de58b0390450dae72eb2ee58b389d3,https://www.conab.gov.br/info-agro/safras/serie-historica,00_Primary_Data_Sources_PILAR2b/README_DICIONARIO_ILUC_PIPELINE.md:173,não encontrado,not_flagged,não encontrado,2008,raw_or_reference,yes,,
esd_dados_conab,00_Primary_Data_Sources_PILAR2b/04_IBGE_Tabelas/PAM_CONAB/Dados_CONAB.xlsx,1324188,0f1d3920190eff61c611f6f685c3f7b10e3c7bc3565e130583d36cb83c0dc812,https://www.conab.gov.br/info-agro/safras/serie-historica,00_Primary_Data_Sources_PILAR2b/README_DICIONARIO_ILUC_PIPELINE.md:173,não encontrado,not_flagged,não encontrado,não encontrado,raw_or_reference,yes,,
esd_dados_sidra_culturas_1,00_Primary_Data_Sources_PILAR2b/04_IBGE_Tabelas/PAM_CONAB/Dados_SIDRA_Culturas (1).xlsx,487128,c3cefabd9d7d8ff101d21c6daf49aa8cd5cbeb8a8f34489a6e28151159243ed5,https://www.conab.gov.br/info-agro/safras/serie-historica,00_Primary_Data_Sources_PILAR2b/README_DICIONARIO_ILUC_PIPELINE.md:173,não encontrado,not_flagged,não encontrado,não encontrado,raw_or_reference,yes,,
esd_milho_pam_safras_limpo,00_Primary_Data_Sources_PILAR2b/04_IBGE_Tabelas/PAM_CONAB/Milho_PAM_SAFRAS_Limpo.csv,231827,0cf3381d3971f06bfeb34fb9b50d8b4c5489563a19381a0777acc355250c8ca2,https://www.conab.gov.br/info-agro/safras/serie-historica,00_Primary_Data_Sources_PILAR2b/README_DICIONARIO_ILUC_PIPELINE.md:173,não encontrado,not_flagged,não encontrado,não encontrado,raw_or_reference,yes,,
esd_milho_pam_safras_subdivi,00_Primary_Data_Sources_PILAR2b/04_IBGE_Tabelas/PAM_CONAB/Milho_PAM_SAFRAS_SUBDIVI.xlsx,4193575,a1460897613d60f9d56bb0923eaa1570d6108c6021a79f30b1663dc9af858974,https://www.conab.gov.br/info-agro/safras/serie-historica,00_Primary_Data_Sources_PILAR2b/README_DICIONARIO_ILUC_PIPELINE.md:173,não encontrado,not_flagged,não encontrado,não encontrado,raw_or_reference,yes,,
esd_pam_rgint_completo,00_Primary_Data_Sources_PILAR2b/04_IBGE_Tabelas/PAM_CONAB/PAM_RGINT_COMPLETO.csv,457802,24b230dc2c2e8f02e43c7e22496fd1cf884acc06deedcf739a896f3837de5efe,https://www.conab.gov.br/info-agro/safras/serie-historica,00_Primary_Data_Sources_PILAR2b/README_DICIONARIO_ILUC_PIPELINE.md:173,não encontrado,not_flagged,não encontrado,não encontrado,raw_or_reference,yes,,
esd_pam_tabela839_milho_por_safra,00_Primary_Data_Sources_PILAR2b/04_IBGE_Tabelas/PAM_CONAB/PAM_tabela839_milho_por_safra.xlsx,3153570,639c71cb00a0cc34c322e2c91529a3baf22836e2a1579da770b511c031268c14,https://www.conab.gov.br/info-agro/safras/serie-historica,00_Primary_Data_Sources_PILAR2b/README_DICIONARIO_ILUC_PIPELINE.md:173,não encontrado,not_flagged,não encontrado,não encontrado,raw_or_reference,yes,,
esd_tabela5457_1,00_Primary_Data_Sources_PILAR2b/04_IBGE_Tabelas/PAM_CONAB/tabela5457 (1).csv,8820127,2bdff5382862e25f2b7ea9b31dcd09e08aecde2807d7d9b652c55298c9aa9a61,https://sidra.ibge.gov.br/tabela/5457,00_Primary_Data_Sources_PILAR2b/README_DICIONARIO_ILUC_PIPELINE.md:172,não encontrado,not_flagged,não encontrado,não encontrado,raw_or_reference,yes,,
esd_tabela5457,00_Primary_Data_Sources_PILAR2b/04_IBGE_Tabelas/PAM_CONAB/tabela5457.csv,6508988,1662bcc3fa3dab776279e309d4d150a12d8fa50164946064d5ab2c65400bd4ea,https://sidra.ibge.gov.br/tabela/5457,00_Primary_Data_Sources_PILAR2b/README_DICIONARIO_ILUC_PIPELINE.md:172,não encontrado,not_flagged,não encontrado,não encontrado,raw_or_reference,yes,,
esd_pib_municipios_2010_2023,00_Primary_Data_Sources_PILAR2b/04_IBGE_Tabelas/PIB_Municipios_2010-2023.xlsx,21057431,7bf207208d08805eed3d74ad8e71a5967ea7eb333be0adf007d4942c1697e47a,não encontrado,,não encontrado,not_flagged,não encontrado,2010,raw_or_reference,yes,,
esd_pop2025_20260113,00_Primary_Data_Sources_PILAR2b/04_IBGE_Tabelas/POP2025_20260113.xls,800768,af63966d2ca32b285fac81994e243b822c096f3ad51106adc7689b6f74cabd05,não encontrado,,não encontrado,not_flagged,não encontrado,2025,raw_or_reference,yes,,
esd_tabela_3939_ppm_2008a2024,00_Primary_Data_Sources_PILAR2b/04_IBGE_Tabelas/TABELA_3939_PPM_2008A2024.xlsx,4695802,40bcf5618a4cba20727185fddfce604f19f95feb56d8506d5c183344b3f2c805,não encontrado,,não encontrado,not_flagged,não encontrado,2008,raw_or_reference,yes,,
esd_tabela_3940_2008a2024,00_Primary_Data_Sources_PILAR2b/04_IBGE_Tabelas/TABELA_3940_2008A2024.xlsx,6875829,e0b5c459bcd5c955498840fffc7a7c42122aaa59668891ec56e710d998c3eb66,não encontrado,,não encontrado,not_flagged,não encontrado,2008,raw_or_reference,yes,,
esd_tabela_74_2008a2024,00_Primary_Data_Sources_PILAR2b/04_IBGE_Tabelas/TABELA_74_2008A2024.xlsx,5591025,35760da9bc3c2d672fa41ab675d866797cf6f5d378c70f4e2abf0651e84d6320,não encontrado,,não encontrado,not_flagged,não encontrado,2008,raw_or_reference,yes,,
esd_xls_haibge_2_5_2382_cultivated_area_2008_2018_rsscprsprjmges,00_Primary_Data_Sources_PILAR2b/04_IBGE_Tabelas/UNICA/xls_haibge_2_5_2382_cultivated-area_2008_2018_rsscprsprjmgesmsmtgodfbasealpepbrncepimatopaaproamacrr.xlsx,108043,0806f4a682468733c252f8a8e4fb7a3cde1906ee9fb8298e38409fbaf07ad2b8,não encontrado,,não encontrado,not_flagged,não encontrado,2008,raw_or_reference,yes,,
esd_xls_haibge_2_5_2382_planted_area_2008_2018_rsscprsprjmgesmsm,00_Primary_Data_Sources_PILAR2b/04_IBGE_Tabelas/UNICA/xls_haibge_2_5_2382_planted-area_2008_2018_rsscprsprjmgesmsmtgodfbasealpepbrncepimatopaaproamacrr.xlsx,108042,8edfd079a96e73d75788ffc595faf82878563bbf9882fd410a1a7e019aea82e1,não encontrado,,não encontrado,not_flagged,não encontrado,2008,raw_or_reference,yes,,
esd_tabelas_completas_2023,00_Primary_Data_Sources_PILAR2b/04_IBGE_Tabelas/tabelas_completas_2023.xlsx,94914,3a0c51d647caca424c4356bd471f97c054827abd14c8fc31b551c1e152071fb8,não encontrado,,não encontrado,not_flagged,não encontrado,2023,raw_or_reference,yes,,
esd_conab_graos_cana_uf_2008_2024_2,00_Primary_Data_Sources_PILAR2b/05_ILUC_Fontes_Primarias/00_Fontes_Primarias/Agro_PAM_CONAB/CONAB_GRAOS_CANA_UF_2008_2024.csv,49528,c15740e754a6c52aeeb07e30f5cbfd738890142db5ee21bbf128aaa54540b258,https://www.conab.gov.br/info-agro/safras/serie-historica,00_Primary_Data_Sources_PILAR2b/README_DICIONARIO_ILUC_PIPELINE.md:173,não encontrado,check_origin,não encontrado,2008,raw_or_reference,yes,,README: preservado 'como recebido do projeto ILUC/ABIOVE'; licença não encontrada
esd_conab_graos_uf_2008_2024_2,00_Primary_Data_Sources_PILAR2b/05_ILUC_Fontes_Primarias/00_Fontes_Primarias/Agro_PAM_CONAB/CONAB_GRAOS_UF_2008_2024.csv,20437,bc5fc938ae88e7a692ec406edd4afd82a0de58b0390450dae72eb2ee58b389d3,https://www.conab.gov.br/info-agro/safras/serie-historica,00_Primary_Data_Sources_PILAR2b/README_DICIONARIO_ILUC_PIPELINE.md:173,não encontrado,check_origin,não encontrado,2008,raw_or_reference,yes,,README: preservado 'como recebido do projeto ILUC/ABIOVE'; licença não encontrada
esd_dados_conab_2,00_Primary_Data_Sources_PILAR2b/05_ILUC_Fontes_Primarias/00_Fontes_Primarias/Agro_PAM_CONAB/Dados_CONAB.xlsx,1324188,0f1d3920190eff61c611f6f685c3f7b10e3c7bc3565e130583d36cb83c0dc812,https://www.conab.gov.br/info-agro/safras/serie-historica,00_Primary_Data_Sources_PILAR2b/README_DICIONARIO_ILUC_PIPELINE.md:173,não encontrado,check_origin,não encontrado,não encontrado,raw_or_reference,yes,,README: preservado 'como recebido do projeto ILUC/ABIOVE'; licença não encontrada
esd_dados_sidra_culturas_1_2,00_Primary_Data_Sources_PILAR2b/05_ILUC_Fontes_Primarias/00_Fontes_Primarias/Agro_PAM_CONAB/Dados_SIDRA_Culturas (1).xlsx,487128,c3cefabd9d7d8ff101d21c6daf49aa8cd5cbeb8a8f34489a6e28151159243ed5,https://www.conab.gov.br/info-agro/safras/serie-historica,00_Primary_Data_Sources_PILAR2b/README_DICIONARIO_ILUC_PIPELINE.md:173,não encontrado,check_origin,não encontrado,não encontrado,raw_or_reference,yes,,README: preservado 'como recebido do projeto ILUC/ABIOVE'; licença não encontrada
esd_milho_pam_safras_limpo_2,00_Primary_Data_Sources_PILAR2b/05_ILUC_Fontes_Primarias/00_Fontes_Primarias/Agro_PAM_CONAB/Milho_PAM_SAFRAS_Limpo.csv,231827,0cf3381d3971f06bfeb34fb9b50d8b4c5489563a19381a0777acc355250c8ca2,https://www.conab.gov.br/info-agro/safras/serie-historica,00_Primary_Data_Sources_PILAR2b/README_DICIONARIO_ILUC_PIPELINE.md:173,não encontrado,check_origin,não encontrado,não encontrado,raw_or_reference,yes,,README: preservado 'como recebido do projeto ILUC/ABIOVE'; licença não encontrada
esd_milho_pam_safras_subdivi_2,00_Primary_Data_Sources_PILAR2b/05_ILUC_Fontes_Primarias/00_Fontes_Primarias/Agro_PAM_CONAB/Milho_PAM_SAFRAS_SUBDIVI.xlsx,4193575,a1460897613d60f9d56bb0923eaa1570d6108c6021a79f30b1663dc9af858974,https://www.conab.gov.br/info-agro/safras/serie-historica,00_Primary_Data_Sources_PILAR2b/README_DICIONARIO_ILUC_PIPELINE.md:173,não encontrado,check_origin,não encontrado,não encontrado,raw_or_reference,yes,,README: preservado 'como recebido do projeto ILUC/ABIOVE'; licença não encontrada
esd_pam_rgint_completo_2,00_Primary_Data_Sources_PILAR2b/05_ILUC_Fontes_Primarias/00_Fontes_Primarias/Agro_PAM_CONAB/PAM_RGINT_COMPLETO.csv,457802,24b230dc2c2e8f02e43c7e22496fd1cf884acc06deedcf739a896f3837de5efe,https://www.conab.gov.br/info-agro/safras/serie-historica,00_Primary_Data_Sources_PILAR2b/README_DICIONARIO_ILUC_PIPELINE.md:173,não encontrado,check_origin,não encontrado,não encontrado,raw_or_reference,yes,,README: preservado 'como recebido do projeto ILUC/ABIOVE'; licença não encontrada
esd_pam_tabela839_milho_por_safra_2,00_Primary_Data_Sources_PILAR2b/05_ILUC_Fontes_Primarias/00_Fontes_Primarias/Agro_PAM_CONAB/PAM_tabela839_milho_por_safra.xlsx,3153570,639c71cb00a0cc34c322e2c91529a3baf22836e2a1579da770b511c031268c14,https://www.conab.gov.br/info-agro/safras/serie-historica,00_Primary_Data_Sources_PILAR2b/README_DICIONARIO_ILUC_PIPELINE.md:173,não encontrado,check_origin,não encontrado,não encontrado,raw_or_reference,yes,,README: preservado 'como recebido do projeto ILUC/ABIOVE'; licença não encontrada
esd_tabela5457_1_2,00_Primary_Data_Sources_PILAR2b/05_ILUC_Fontes_Primarias/00_Fontes_Primarias/Agro_PAM_CONAB/tabela5457 (1).csv,8820127,2bdff5382862e25f2b7ea9b31dcd09e08aecde2807d7d9b652c55298c9aa9a61,https://sidra.ibge.gov.br/tabela/5457,00_Primary_Data_Sources_PILAR2b/README_DICIONARIO_ILUC_PIPELINE.md:172,não encontrado,check_origin,não encontrado,não encontrado,raw_or_reference,yes,,README: preservado 'como recebido do projeto ILUC/ABIOVE'; licença não encontrada
esd_tabela5457_2,00_Primary_Data_Sources_PILAR2b/05_ILUC_Fontes_Primarias/00_Fontes_Primarias/Agro_PAM_CONAB/tabela5457.csv,6508988,1662bcc3fa3dab776279e309d4d150a12d8fa50164946064d5ab2c65400bd4ea,https://sidra.ibge.gov.br/tabela/5457,00_Primary_Data_Sources_PILAR2b/README_DICIONARIO_ILUC_PIPELINE.md:172,não encontrado,check_origin,não encontrado,não encontrado,raw_or_reference,yes,,README: preservado 'como recebido do projeto ILUC/ABIOVE'; licença não encontrada
esd_xls_haibge_2_5_2382_cultivated_area_2008_2018_rsscprsprjmges_2,00_Primary_Data_Sources_PILAR2b/05_ILUC_Fontes_Primarias/00_Fontes_Primarias/DADOS_UNICA/xls_haibge_2_5_2382_cultivated-area_2008_2018_rsscprsprjmgesmsmtgodfbasealpepbrncepimatopaaproamacrr.xlsx,108043,0806f4a682468733c252f8a8e4fb7a3cde1906ee9fb8298e38409fbaf07ad2b8,não encontrado,,não encontrado,check_origin,não encontrado,2008,raw_or_reference,yes,,README: preservado 'como recebido do projeto ILUC/ABIOVE'; licença não encontrada
esd_xls_haibge_2_5_2382_planted_area_2008_2018_rsscprsprjmgesmsm_2,00_Primary_Data_Sources_PILAR2b/05_ILUC_Fontes_Primarias/00_Fontes_Primarias/DADOS_UNICA/xls_haibge_2_5_2382_planted-area_2008_2018_rsscprsprjmgesmsmtgodfbasealpepbrncepimatopaaproamacrr.xlsx,108042,8edfd079a96e73d75788ffc595faf82878563bbf9882fd410a1a7e019aea82e1,não encontrado,,não encontrado,check_origin,não encontrado,2008,raw_or_reference,yes,,README: preservado 'como recebido do projeto ILUC/ABIOVE'; licença não encontrada
esd_brasil_pasture_vigor_col9_s100_year_2008,00_Primary_Data_Sources_PILAR2b/05_ILUC_Fontes_Primarias/00_Fontes_Primarias/LAPIG_Vigor/brasil_pasture_vigor_col9_s100_year=2008.csv,2274382,b4d32bd01d0a0dc44d832a070e909ae41c2b80c5d3208b7fa51f637fde0ec2ea,https://pastagem.org,00_Primary_Data_Sources_PILAR2b/README_DICIONARIO_ILUC_PIPELINE.md:171,não encontrado,check_origin,não encontrado,2008,raw_or_reference,yes,,README: preservado 'como recebido do projeto ILUC/ABIOVE'; licença não encontrada
esd_brasil_pasture_vigor_col9_s100_year_2009,00_Primary_Data_Sources_PILAR2b/05_ILUC_Fontes_Primarias/00_Fontes_Primarias/LAPIG_Vigor/brasil_pasture_vigor_col9_s100_year=2009.csv,2273180,741e645bd567d1c942e349efc2ec8c702f1a5e662efde7f9947c592cf1b981dd,https://pastagem.org,00_Primary_Data_Sources_PILAR2b/README_DICIONARIO_ILUC_PIPELINE.md:171,não encontrado,check_origin,não encontrado,2009,raw_or_reference,yes,,README: preservado 'como recebido do projeto ILUC/ABIOVE'; licença não encontrada
esd_brasil_pasture_vigor_col9_s100_year_2010,00_Primary_Data_Sources_PILAR2b/05_ILUC_Fontes_Primarias/00_Fontes_Primarias/LAPIG_Vigor/brasil_pasture_vigor_col9_s100_year=2010.csv,2273202,494ce93286c2b664f3459a1479682cc9899a9e8536b46fc54a53f887c3811b5f,https://pastagem.org,00_Primary_Data_Sources_PILAR2b/README_DICIONARIO_ILUC_PIPELINE.md:171,não encontrado,check_origin,não encontrado,2010,raw_or_reference,yes,,README: preservado 'como recebido do projeto ILUC/ABIOVE'; licença não encontrada
esd_brasil_pasture_vigor_col9_s100_year_2011,00_Primary_Data_Sources_PILAR2b/05_ILUC_Fontes_Primarias/00_Fontes_Primarias/LAPIG_Vigor/brasil_pasture_vigor_col9_s100_year=2011.csv,2272947,90ebc96e85269c243cdba6aafb9386da514fe9ab8d200ee75f2f0926cfdeda48,https://pastagem.org,00_Primary_Data_Sources_PILAR2b/README_DICIONARIO_ILUC_PIPELINE.md:171,não encontrado,check_origin,não encontrado,2011,raw_or_reference,yes,,README: preservado 'como recebido do projeto ILUC/ABIOVE'; licença não encontrada
esd_brasil_pasture_vigor_col9_s100_year_2012,00_Primary_Data_Sources_PILAR2b/05_ILUC_Fontes_Primarias/00_Fontes_Primarias/LAPIG_Vigor/brasil_pasture_vigor_col9_s100_year=2012.csv,2269157,beca80aacf67b03aab2351e7466aec240d4cb9a32ff2580c01fe0349d3111fa7,https://pastagem.org,00_Primary_Data_Sources_PILAR2b/README_DICIONARIO_ILUC_PIPELINE.md:171,não encontrado,check_origin,não encontrado,2012,raw_or_reference,yes,,README: preservado 'como recebido do projeto ILUC/ABIOVE'; licença não encontrada
esd_brasil_pasture_vigor_col9_s100_year_2013,00_Primary_Data_Sources_PILAR2b/05_ILUC_Fontes_Primarias/00_Fontes_Primarias/LAPIG_Vigor/brasil_pasture_vigor_col9_s100_year=2013.csv,2265374,ca38882961b39345051ba6daeb38d786093e2eec04e69f683f675aaa161b91ef,https://pastagem.org,00_Primary_Data_Sources_PILAR2b/README_DICIONARIO_ILUC_PIPELINE.md:171,não encontrado,check_origin,não encontrado,2013,raw_or_reference,yes,,README: preservado 'como recebido do projeto ILUC/ABIOVE'; licença não encontrada
esd_brasil_pasture_vigor_col9_s100_year_2014,00_Primary_Data_Sources_PILAR2b/05_ILUC_Fontes_Primarias/00_Fontes_Primarias/LAPIG_Vigor/brasil_pasture_vigor_col9_s100_year=2014.csv,2261094,99125319d9f010d8f29f37240ea379b9ad6a31f7f0c4ad4f7bab63edfd6bf1a1,https://pastagem.org,00_Primary_Data_Sources_PILAR2b/README_DICIONARIO_ILUC_PIPELINE.md:171,não encontrado,check_origin,não encontrado,2014,raw_or_reference,yes,,README: preservado 'como recebido do projeto ILUC/ABIOVE'; licença não encontrada
esd_brasil_pasture_vigor_col9_s100_year_2015,00_Primary_Data_Sources_PILAR2b/05_ILUC_Fontes_Primarias/00_Fontes_Primarias/LAPIG_Vigor/brasil_pasture_vigor_col9_s100_year=2015.csv,2260196,23994af27951702345bb2fa2abc1f4ea24c5c52f2156f7129bbbabdf4d218ffa,https://pastagem.org,00_Primary_Data_Sources_PILAR2b/README_DICIONARIO_ILUC_PIPELINE.md:171,não encontrado,check_origin,não encontrado,2015,raw_or_reference,yes,,README: preservado 'como recebido do projeto ILUC/ABIOVE'; licença não encontrada
esd_brasil_pasture_vigor_col9_s100_year_2016,00_Primary_Data_Sources_PILAR2b/05_ILUC_Fontes_Primarias/00_Fontes_Primarias/LAPIG_Vigor/brasil_pasture_vigor_col9_s100_year=2016.csv,2262796,439ba2f566cf0f2cfdaed6c7f8646ff92f97d55c7c4f03f3cc0f16dfb7182b21,https://pastagem.org,00_Primary_Data_Sources_PILAR2b/README_DICIONARIO_ILUC_PIPELINE.md:171,não encontrado,check_origin,não encontrado,2016,raw_or_reference,yes,,README: preservado 'como recebido do projeto ILUC/ABIOVE'; licença não encontrada
esd_brasil_pasture_vigor_col9_s100_year_2017,00_Primary_Data_Sources_PILAR2b/05_ILUC_Fontes_Primarias/00_Fontes_Primarias/LAPIG_Vigor/brasil_pasture_vigor_col9_s100_year=2017.csv,2265703,4d592e54c6fc4a39e4efc4ad3432ee2fb301d2544273db1f06a61e4acd470995,https://pastagem.org,00_Primary_Data_Sources_PILAR2b/README_DICIONARIO_ILUC_PIPELINE.md:171,não encontrado,check_origin,não encontrado,2017,raw_or_reference,yes,,README: preservado 'como recebido do projeto ILUC/ABIOVE'; licença não encontrada
esd_brasil_pasture_vigor_col9_s100_year_2018,00_Primary_Data_Sources_PILAR2b/05_ILUC_Fontes_Primarias/00_Fontes_Primarias/LAPIG_Vigor/brasil_pasture_vigor_col9_s100_year=2018.csv,2270589,c51379bdcee08aa4d8858c305b5788d7f0a5d96a953167980b8cc9a28f5ad5a7,https://pastagem.org,00_Primary_Data_Sources_PILAR2b/README_DICIONARIO_ILUC_PIPELINE.md:171,não encontrado,check_origin,não encontrado,2018,raw_or_reference,yes,,README: preservado 'como recebido do projeto ILUC/ABIOVE'; licença não encontrada
esd_brasil_pasture_vigor_col9_s100_year_2019,00_Primary_Data_Sources_PILAR2b/05_ILUC_Fontes_Primarias/00_Fontes_Primarias/LAPIG_Vigor/brasil_pasture_vigor_col9_s100_year=2019.csv,2272468,404415afde157548c060b107e86602f5e49a47c017f8549ac37c4fea29dbdc8c,https://pastagem.org,00_Primary_Data_Sources_PILAR2b/README_DICIONARIO_ILUC_PIPELINE.md:171,não encontrado,check_origin,não encontrado,2019,raw_or_reference,yes,,README: preservado 'como recebido do projeto ILUC/ABIOVE'; licença não encontrada
esd_brasil_pasture_vigor_col9_s100_year_2020,00_Primary_Data_Sources_PILAR2b/05_ILUC_Fontes_Primarias/00_Fontes_Primarias/LAPIG_Vigor/brasil_pasture_vigor_col9_s100_year=2020.csv,2276021,685408f7c8926b607abb0d140545d2fb622063ad3897da4bb65439f34ab62330,https://pastagem.org,00_Primary_Data_Sources_PILAR2b/README_DICIONARIO_ILUC_PIPELINE.md:171,não encontrado,check_origin,não encontrado,2020,raw_or_reference,yes,,README: preservado 'como recebido do projeto ILUC/ABIOVE'; licença não encontrada
esd_brasil_pasture_vigor_col9_s100_year_2021,00_Primary_Data_Sources_PILAR2b/05_ILUC_Fontes_Primarias/00_Fontes_Primarias/LAPIG_Vigor/brasil_pasture_vigor_col9_s100_year=2021.csv,2277211,794b8e1081e92d5f493485a374e4412dbbc5c27fe2f83cad6d8f494360123993,https://pastagem.org,00_Primary_Data_Sources_PILAR2b/README_DICIONARIO_ILUC_PIPELINE.md:171,não encontrado,check_origin,não encontrado,2021,raw_or_reference,yes,,README: preservado 'como recebido do projeto ILUC/ABIOVE'; licença não encontrada
esd_brasil_pasture_vigor_col9_s100_year_2022,00_Primary_Data_Sources_PILAR2b/05_ILUC_Fontes_Primarias/00_Fontes_Primarias/LAPIG_Vigor/brasil_pasture_vigor_col9_s100_year=2022.csv,2278269,5f325f203eb33ed41c40a0ee6d92dce7a4b933d783eab74914c38d736e9b4265,https://pastagem.org,00_Primary_Data_Sources_PILAR2b/README_DICIONARIO_ILUC_PIPELINE.md:171,não encontrado,check_origin,não encontrado,2022,raw_or_reference,yes,,README: preservado 'como recebido do projeto ILUC/ABIOVE'; licença não encontrada
esd_brasil_pasture_vigor_col9_s100_year_2023,00_Primary_Data_Sources_PILAR2b/05_ILUC_Fontes_Primarias/00_Fontes_Primarias/LAPIG_Vigor/brasil_pasture_vigor_col9_s100_year=2023.csv,2278073,2e2f0e5586a0ff23cf643ba5416e83f7de1fbda3923a180987572693a80106ef,https://pastagem.org,00_Primary_Data_Sources_PILAR2b/README_DICIONARIO_ILUC_PIPELINE.md:171,não encontrado,check_origin,não encontrado,2023,raw_or_reference,yes,,README: preservado 'como recebido do projeto ILUC/ABIOVE'; licença não encontrada
esd_regioes_geograficas_composicao_por_municipios_2017_20180911_2,00_Primary_Data_Sources_PILAR2b/05_ILUC_Fontes_Primarias/00_Fontes_Primarias/Lookup_Espacial/regioes_geograficas_composicao_por_municipios_2017_20180911.xlsx,260130,fb1546ee6036ce30b5f96b8fcaf432b3b0ab7b55494b18f3eacd40a6da47aea9,não encontrado,,não encontrado,check_origin,não encontrado,2017,raw_or_reference,yes,,README: preservado 'como recebido do projeto ILUC/ABIOVE'; licença não encontrada
esd_2008_agriculture_agricultural_use_second_crop_1_1_1_38baa159,00_Primary_Data_Sources_PILAR2b/05_ILUC_Fontes_Primarias/00_Fontes_Primarias/MapBiomas_Segunda_Safra/2008_agriculture_agricultural_use_second_crop_1-1-1_38baa159-d9a2-4a5c-a1ed-3da8f4e5651d.tif,55674809,b053e7f8a48c815c6eaad2ca62a14b15113cd57e87ed9a5af58d7dfb70009c0f,https://mapbiomas.org,00_Primary_Data_Sources_PILAR2b/README_DICIONARIO_ILUC_PIPELINE.md:168,não encontrado,check_origin,não encontrado,2008,raw_or_reference,yes,,README: preservado 'como recebido do projeto ILUC/ABIOVE'; licença não encontrada
esd_2009_agriculture_agricultural_use_second_crop_1_1_1_dd05383e,00_Primary_Data_Sources_PILAR2b/05_ILUC_Fontes_Primarias/00_Fontes_Primarias/MapBiomas_Segunda_Safra/2009_agriculture_agricultural_use_second_crop_1-1-1_dd05383e-0650-4661-8c59-70f0af4aea7d.tif,55635822,000ee1f421b3f327e7e6b189fb5414bacd0194b33376f45cc6d177836baa74de,https://mapbiomas.org,00_Primary_Data_Sources_PILAR2b/README_DICIONARIO_ILUC_PIPELINE.md:168,não encontrado,check_origin,não encontrado,2009,raw_or_reference,yes,,README: preservado 'como recebido do projeto ILUC/ABIOVE'; licença não encontrada
esd_2010_agriculture_agricultural_use_second_crop_1_1_1_e296e27d,00_Primary_Data_Sources_PILAR2b/05_ILUC_Fontes_Primarias/00_Fontes_Primarias/MapBiomas_Segunda_Safra/2010_agriculture_agricultural_use_second_crop_1-1-1_e296e27d-bcc0-469c-aab5-ef4a2a141288.tif,54693796,1d09b41f38338da373a0166971eafe3b255016740f2436c9e731a1dbffb8a7e8,https://mapbiomas.org,00_Primary_Data_Sources_PILAR2b/README_DICIONARIO_ILUC_PIPELINE.md:168,não encontrado,check_origin,não encontrado,2010,raw_or_reference,yes,,README: preservado 'como recebido do projeto ILUC/ABIOVE'; licença não encontrada
esd_2011_agriculture_agricultural_use_second_crop_1_1_1_1a0bd1dc,00_Primary_Data_Sources_PILAR2b/05_ILUC_Fontes_Primarias/00_Fontes_Primarias/MapBiomas_Segunda_Safra/2011_agriculture_agricultural_use_second_crop_1-1-1_1a0bd1dc-330d-40bb-a52d-c5d79a3f33ab.tif,55146893,0093b7bfc304bed6977848c8e12f30a5af2986cdf6e3cef0b202cc324f97bdcf,https://mapbiomas.org,00_Primary_Data_Sources_PILAR2b/README_DICIONARIO_ILUC_PIPELINE.md:168,não encontrado,check_origin,não encontrado,2011,raw_or_reference,yes,,README: preservado 'como recebido do projeto ILUC/ABIOVE'; licença não encontrada
esd_2012_agriculture_agricultural_use_second_crop_1_1_1_20fa85e9,00_Primary_Data_Sources_PILAR2b/05_ILUC_Fontes_Primarias/00_Fontes_Primarias/MapBiomas_Segunda_Safra/2012_agriculture_agricultural_use_second_crop_1-1-1_20fa85e9-ae55-4364-af89-5b200fa6b36b.tif,62965990,b4362ad4202ce1c669a00f285aa198110d39893099af8a1ba7264c06ed422396,https://mapbiomas.org,00_Primary_Data_Sources_PILAR2b/README_DICIONARIO_ILUC_PIPELINE.md:168,não encontrado,check_origin,não encontrado,2012,raw_or_reference,yes,,README: preservado 'como recebido do projeto ILUC/ABIOVE'; licença não encontrada
esd_2013_agriculture_agricultural_use_second_crop_1_1_1_6b05d133,00_Primary_Data_Sources_PILAR2b/05_ILUC_Fontes_Primarias/00_Fontes_Primarias/MapBiomas_Segunda_Safra/2013_agriculture_agricultural_use_second_crop_1-1-1_6b05d133-eea0-4545-9317-0006c5f0f823.tif,63187230,da6c71aab6a6c0598c2a3408f8891e94c6e859401096d1992b98318ef1d2e071,https://mapbiomas.org,00_Primary_Data_Sources_PILAR2b/README_DICIONARIO_ILUC_PIPELINE.md:168,não encontrado,check_origin,não encontrado,2013,raw_or_reference,yes,,README: preservado 'como recebido do projeto ILUC/ABIOVE'; licença não encontrada
esd_2014_agriculture_agricultural_use_second_crop_1_1_1_b67ba13e,00_Primary_Data_Sources_PILAR2b/05_ILUC_Fontes_Primarias/00_Fontes_Primarias/MapBiomas_Segunda_Safra/2014_agriculture_agricultural_use_second_crop_1-1-1_b67ba13e-39b5-4e0c-9625-3b42c1e8623a.tif,69518774,5efad80b689c35b6aaa3b1f61bd1c08c1d94becf4dc8537babc468a45003d57a,https://mapbiomas.org,00_Primary_Data_Sources_PILAR2b/README_DICIONARIO_ILUC_PIPELINE.md:168,não encontrado,check_origin,não encontrado,2014,raw_or_reference,yes,,README: preservado 'como recebido do projeto ILUC/ABIOVE'; licença não encontrada
esd_2015_agriculture_agricultural_use_second_crop_1_1_1_742e5e1a,00_Primary_Data_Sources_PILAR2b/05_ILUC_Fontes_Primarias/00_Fontes_Primarias/MapBiomas_Segunda_Safra/2015_agriculture_agricultural_use_second_crop_1-1-1_742e5e1a-744f-4e4a-9f10-4147398a05f3.tif,73919144,61c650a67064685c115af987997a9f43af79c01fed3b15bb9196bf92845cfcc8,https://mapbiomas.org,00_Primary_Data_Sources_PILAR2b/README_DICIONARIO_ILUC_PIPELINE.md:168,não encontrado,check_origin,não encontrado,2015,raw_or_reference,yes,,README: preservado 'como recebido do projeto ILUC/ABIOVE'; licença não encontrada
esd_2016_agriculture_agricultural_use_second_crop_1_1_1_e5afb7a3,00_Primary_Data_Sources_PILAR2b/05_ILUC_Fontes_Primarias/00_Fontes_Primarias/MapBiomas_Segunda_Safra/2016_agriculture_agricultural_use_second_crop_1-1-1_e5afb7a3-7eac-4108-8cdc-4f4bde23b867.tif,73307938,0b573154a0de340d52546ac74639fce0efd4fbb8fe691a1551b33c1ace3602ea,https://mapbiomas.org,00_Primary_Data_Sources_PILAR2b/README_DICIONARIO_ILUC_PIPELINE.md:168,não encontrado,check_origin,não encontrado,2016,raw_or_reference,yes,,README: preservado 'como recebido do projeto ILUC/ABIOVE'; licença não encontrada
esd_2017_agriculture_agricultural_use_second_crop_1_1_1_3447deb7,00_Primary_Data_Sources_PILAR2b/05_ILUC_Fontes_Primarias/00_Fontes_Primarias/MapBiomas_Segunda_Safra/2017_agriculture_agricultural_use_second_crop_1-1-1_3447deb7-3de9-4d8e-b568-0026f8a26755.tif,76231138,42ade3126293dea39e438bc43ed9e76c4c47d089e21c54a8d1a359c7256505e3,https://mapbiomas.org,00_Primary_Data_Sources_PILAR2b/README_DICIONARIO_ILUC_PIPELINE.md:168,não encontrado,check_origin,não encontrado,2017,raw_or_reference,yes,,README: preservado 'como recebido do projeto ILUC/ABIOVE'; licença não encontrada
esd_2018_agriculture_agricultural_use_second_crop_1_1_1_426286a2,00_Primary_Data_Sources_PILAR2b/05_ILUC_Fontes_Primarias/00_Fontes_Primarias/MapBiomas_Segunda_Safra/2018_agriculture_agricultural_use_second_crop_1-1-1_426286a2-798f-4bfc-a947-a76ee54c24b6.tif,78738965,23765a42062a62b245d3059d99220888736c38b8ce88ebb0816ec0328deccd60,https://mapbiomas.org,00_Primary_Data_Sources_PILAR2b/README_DICIONARIO_ILUC_PIPELINE.md:168,não encontrado,check_origin,não encontrado,2018,raw_or_reference,yes,,README: preservado 'como recebido do projeto ILUC/ABIOVE'; licença não encontrada
esd_2019_agriculture_agricultural_use_second_crop_1_1_1_90c180f1,00_Primary_Data_Sources_PILAR2b/05_ILUC_Fontes_Primarias/00_Fontes_Primarias/MapBiomas_Segunda_Safra/2019_agriculture_agricultural_use_second_crop_1-1-1_90c180f1-76f2-4166-b341-442b238b0d25.tif,81193954,37bb53bf7b3abad803cca8b92894bc891425d537295d9cf61f15bdd913d14fb1,https://mapbiomas.org,00_Primary_Data_Sources_PILAR2b/README_DICIONARIO_ILUC_PIPELINE.md:168,não encontrado,check_origin,não encontrado,2019,raw_or_reference,yes,,README: preservado 'como recebido do projeto ILUC/ABIOVE'; licença não encontrada
esd_2020_agriculture_agricultural_use_second_crop_1_1_1_6b693804,00_Primary_Data_Sources_PILAR2b/05_ILUC_Fontes_Primarias/00_Fontes_Primarias/MapBiomas_Segunda_Safra/2020_agriculture_agricultural_use_second_crop_1-1-1_6b693804-82ed-4e1e-98ce-472b41a8d0b4.tif,80991481,56bea84b9c24439c4e26e6951c33d29dc92132314e5b9068af8edf89ebeb76c2,https://mapbiomas.org,00_Primary_Data_Sources_PILAR2b/README_DICIONARIO_ILUC_PIPELINE.md:168,não encontrado,check_origin,não encontrado,2020,raw_or_reference,yes,,README: preservado 'como recebido do projeto ILUC/ABIOVE'; licença não encontrada
esd_2021_agriculture_agricultural_use_second_crop_1_1_1_1a0f0412,00_Primary_Data_Sources_PILAR2b/05_ILUC_Fontes_Primarias/00_Fontes_Primarias/MapBiomas_Segunda_Safra/2021_agriculture_agricultural_use_second_crop_1-1-1_1a0f0412-2bb2-4a8f-b87a-8333e58ff076.tif,79760117,1ebcfcbe88d1846d43138f48a04d6d5627352f8edcf921453f9241d129a7e522,https://mapbiomas.org,00_Primary_Data_Sources_PILAR2b/README_DICIONARIO_ILUC_PIPELINE.md:168,não encontrado,check_origin,não encontrado,2021,raw_or_reference,yes,,README: preservado 'como recebido do projeto ILUC/ABIOVE'; licença não encontrada
esd_2022_agriculture_agricultural_use_second_crop_1_1_1_138bb332,00_Primary_Data_Sources_PILAR2b/05_ILUC_Fontes_Primarias/00_Fontes_Primarias/MapBiomas_Segunda_Safra/2022_agriculture_agricultural_use_second_crop_1-1-1_138bb332-92ab-4e72-9ea0-1b915472fe5e.tif,80448477,0ed58ce325a823f7236a41cc6b1b3b2be3caf4ce8c17adbd344348ff82289a7d,https://mapbiomas.org,00_Primary_Data_Sources_PILAR2b/README_DICIONARIO_ILUC_PIPELINE.md:168,não encontrado,check_origin,não encontrado,2022,raw_or_reference,yes,,README: preservado 'como recebido do projeto ILUC/ABIOVE'; licença não encontrada
esd_2023_agriculture_agricultural_use_second_crop_1_1_1_ce1ce9ae,00_Primary_Data_Sources_PILAR2b/05_ILUC_Fontes_Primarias/00_Fontes_Primarias/MapBiomas_Segunda_Safra/2023_agriculture_agricultural_use_second_crop_1-1-1_ce1ce9ae-9432-454a-ae29-6bf44860176c.tif,80882841,8785e7e1c90e7573038da1012f3ff893dceed2a9f99b9cc7a128ea83f33a160d,https://mapbiomas.org,00_Primary_Data_Sources_PILAR2b/README_DICIONARIO_ILUC_PIPELINE.md:168,não encontrado,check_origin,não encontrado,2023,raw_or_reference,yes,,README: preservado 'como recebido do projeto ILUC/ABIOVE'; licença não encontrada
esd_2024_agriculture_agricultural_use_second_crop_1_1_1_f968dc13,00_Primary_Data_Sources_PILAR2b/05_ILUC_Fontes_Primarias/00_Fontes_Primarias/MapBiomas_Segunda_Safra/2024_agriculture_agricultural_use_second_crop_1-1-1_f968dc13-8eb5-4c84-a28f-d603591dd6b6.tif,84368323,c0e51d4733744e826d4ba3447e1599ab63fa8e69b1b35e696f78ee456fc037f4,https://mapbiomas.org,00_Primary_Data_Sources_PILAR2b/README_DICIONARIO_ILUC_PIPELINE.md:168,não encontrado,check_origin,não encontrado,2024,raw_or_reference,yes,,README: preservado 'como recebido do projeto ILUC/ABIOVE'; licença não encontrada
esd_master_uf_mb_pam_conab_2008_2024,00_Primary_Data_Sources_PILAR2b/05_ILUC_Fontes_Primarias/00_Fontes_Primarias/MapBiomas_col10/MASTER_UF_MB_PAM_CONAB_2008_2024.csv,187818,9c0293094175da47fb681f48f35fd70caa7243bce2c19bbe5c7dd3e27907848b,https://mapbiomas.org,00_Primary_Data_Sources_PILAR2b/README_DICIONARIO_ILUC_PIPELINE.md:168,não encontrado,check_origin,não encontrado,2008,raw_or_reference,yes,,README: preservado 'como recebido do projeto ILUC/ABIOVE'; licença não encontrada
esd_mb_col10_municipios,00_Primary_Data_Sources_PILAR2b/05_ILUC_Fontes_Primarias/00_Fontes_Primarias/MapBiomas_col10/MB_col10_municipios.csv,62744820,59a9d80f258950f2d1c5c462aa8c76b5b522e805068d6a3b1f4a898f032ec24e,https://mapbiomas.org,00_Primary_Data_Sources_PILAR2b/README_DICIONARIO_ILUC_PIPELINE.md:168,não encontrado,check_origin,não encontrado,não encontrado,raw_or_reference,yes,,README: preservado 'como recebido do projeto ILUC/ABIOVE'; licença não encontrada
esd_tabela_1612_2012_a_2008_2,00_Primary_Data_Sources_PILAR2b/05_ILUC_Fontes_Primarias/00_Fontes_Primarias/PAM_1612_1613/TABELA_1612_2012_A_2008.xlsx,8928046,13682be331bcbb7df383f3bac2e198c651cc1e3075644361821ae39b95d92953,não encontrado,,não encontrado,check_origin,não encontrado,2012,raw_or_reference,yes,,README: preservado 'como recebido do projeto ILUC/ABIOVE'; licença não encontrada
esd_tabela_1612_2016_a_2013_2,00_Primary_Data_Sources_PILAR2b/05_ILUC_Fontes_Primarias/00_Fontes_Primarias/PAM_1612_1613/TABELA_1612_2016_A_2013.xlsx,7102791,7d950e7bddf3eb79bb88971157b44839870b1d87ddceeca05417ff375e8bfe09,não encontrado,,não encontrado,check_origin,não encontrado,2016,raw_or_reference,yes,,README: preservado 'como recebido do projeto ILUC/ABIOVE'; licença não encontrada
esd_tabela_1612_2020_a_2017_2,00_Primary_Data_Sources_PILAR2b/05_ILUC_Fontes_Primarias/00_Fontes_Primarias/PAM_1612_1613/TABELA_1612_2020_A_2017.xlsx,7142227,f98f2c86778dfda3c19cf2dfb7b7686ae0c0db43b61371c4baad6842f730bde7,não encontrado,,não encontrado,check_origin,não encontrado,2020,raw_or_reference,yes,,README: preservado 'como recebido do projeto ILUC/ABIOVE'; licença não encontrada
esd_tabela_1612_2024_a_2021_2,00_Primary_Data_Sources_PILAR2b/05_ILUC_Fontes_Primarias/00_Fontes_Primarias/PAM_1612_1613/TABELA_1612_2024_A_2021.xlsx,7157506,9b753edbad6908a54d841667c77db8eb7ee427c20c3ba104fb8dcdca4fba826b,não encontrado,,não encontrado,check_origin,não encontrado,2024,raw_or_reference,yes,,README: preservado 'como recebido do projeto ILUC/ABIOVE'; licença não encontrada
esd_tabela_1613_2008_a_2011_2,00_Primary_Data_Sources_PILAR2b/05_ILUC_Fontes_Primarias/00_Fontes_Primarias/PAM_1612_1613/TABELA_1613_2008_A_2011.xlsx,7813972,14863650190b25b79c90e9eb816c947da3924cfdc4d3553d24488927260fed0d,não encontrado,,não encontrado,check_origin,não encontrado,2008,raw_or_reference,yes,,README: preservado 'como recebido do projeto ILUC/ABIOVE'; licença não encontrada
esd_tabela_1613_2012_a_2015_2,00_Primary_Data_Sources_PILAR2b/05_ILUC_Fontes_Primarias/00_Fontes_Primarias/PAM_1612_1613/TABELA_1613_2012_A_2015.xlsx,7648077,eb35e90c2f531972a9682b801d58dbf21be0e951bf1a732b93b0da5139f2693e,não encontrado,,não encontrado,check_origin,não encontrado,2012,raw_or_reference,yes,,README: preservado 'como recebido do projeto ILUC/ABIOVE'; licença não encontrada
esd_tabela_1613_2016_a_2020_2,00_Primary_Data_Sources_PILAR2b/05_ILUC_Fontes_Primarias/00_Fontes_Primarias/PAM_1612_1613/TABELA_1613_2016_A_2020.xlsx,7566177,8e1bd751b0f1df214b5c35896fc0db782fb2cd1372a548dfe408898d445d538b,não encontrado,,não encontrado,check_origin,não encontrado,2016,raw_or_reference,yes,,README: preservado 'como recebido do projeto ILUC/ABIOVE'; licença não encontrada
esd_tabela_1613_2020_a_2023_2,00_Primary_Data_Sources_PILAR2b/05_ILUC_Fontes_Primarias/00_Fontes_Primarias/PAM_1612_1613/TABELA_1613_2020_A_2023.xlsx,7507245,2814806f4d5f34e3ffd2345d4bf78d3a48e579a062109af45a80aebb1020da17,não encontrado,,não encontrado,check_origin,não encontrado,2020,raw_or_reference,yes,,README: preservado 'como recebido do projeto ILUC/ABIOVE'; licença não encontrada
esd_tabela_1613_2024_2,00_Primary_Data_Sources_PILAR2b/05_ILUC_Fontes_Primarias/00_Fontes_Primarias/PAM_1612_1613/TABELA_1613_2024.xlsx,2171888,4ecf05a6becd73a5a65b8f637007682d87e64d39a071ed4a5e30abe83d1a5842,não encontrado,,não encontrado,check_origin,não encontrado,2024,raw_or_reference,yes,,README: preservado 'como recebido do projeto ILUC/ABIOVE'; licença não encontrada
esd_br_ibge_pevs_producao_silvicultura,00_Primary_Data_Sources_PILAR2b/05_ILUC_Fontes_Primarias/00_Fontes_Primarias/SILVICULTURA_br_ibge_pevs_producao_silvicultura.csv/br_ibge_pevs_producao_silvicultura.csv,9676066,14b380902632311ce1e0e51fbba794b8c53e30e5926520845ffe4deb5dd3b5bd,não encontrado,,não encontrado,check_origin,não encontrado,não encontrado,raw_or_reference,yes,,README: preservado 'como recebido do projeto ILUC/ABIOVE'; licença não encontrada
esd_dadosabertos_snif_pevs_1994_2024_ibge_092025,00_Primary_Data_Sources_PILAR2b/05_ILUC_Fontes_Primarias/00_Fontes_Primarias/SILVICULTURA_br_ibge_pevs_producao_silvicultura.csv/dadosabertos_snif_pevs_1994-2024_ibge_092025.csv,3068606,44dca4364352414a9a2906e5007068b319cb2a67d847b7a4e3e902ad12e854de,não encontrado,,não encontrado,check_origin,não encontrado,1994,raw_or_reference,yes,,README: preservado 'como recebido do projeto ILUC/ABIOVE'; licença não encontrada
esd_dadosabertos_snif_pia_2005_2024_ibge_072026,00_Primary_Data_Sources_PILAR2b/05_ILUC_Fontes_Primarias/00_Fontes_Primarias/SILVICULTURA_br_ibge_pevs_producao_silvicultura.csv/dadosabertos_snif_pia_2005-2024_ibge_072026.csv,1504458,ddc383fdf975b13b3d1147f675e46ab6d6d6d31d0d9b586cef5aa77b67119f31,não encontrado,,não encontrado,check_origin,não encontrado,2005,raw_or_reference,yes,,README: preservado 'como recebido do projeto ILUC/ABIOVE'; licença não encontrada
esd_agricultura_uso_agr_cola_segunda_safra_por_classe_2024,00_Primary_Data_Sources_PILAR2b/05_ILUC_Fontes_Primarias/00_Fontes_Primarias/Serasa_Danilo_Milho2/Agricultura • Uso agrícola - Segunda safra por classe • 2024.csv,174,eec145491f433177fb727b5b75b32a308db9aec6bd3ceff6312cc1ab4f2970d5,não encontrado,,não encontrado,check_origin,não encontrado,2024,raw_or_reference,yes,,README: preservado 'como recebido do projeto ILUC/ABIOVE'; licença não encontrada
esd_s_rie_temporal_de_agricultura_uso_agr_cola_segunda_safra_por,00_Primary_Data_Sources_PILAR2b/05_ILUC_Fontes_Primarias/00_Fontes_Primarias/Serasa_Danilo_Milho2/Série temporal de Agricultura • Uso agrícola - Segunda safra por classe • 2000 - 2024.csv,1808,ee0d54ff889d74bae61565222e7412851b5e421f1d8ac20992b850e1c1d52d6d,não encontrado,,não encontrado,check_origin,não encontrado,2000,raw_or_reference,yes,,README: preservado 'como recebido do projeto ILUC/ABIOVE'; licença não encontrada
esd_cruzamento_milho2_por_rgint_retorno_danilo,00_Primary_Data_Sources_PILAR2b/05_ILUC_Fontes_Primarias/00_Fontes_Primarias/Serasa_Danilo_Milho2/cruzamento_milho2_por_rgint_RETORNO_DANILO.csv,13186,7f14768ae79854747e3174e8d77ed00f97f031698472e61c1f72ecc924c89b4b,não encontrado,,não encontrado,check_third_party,não encontrado,não encontrado,raw_or_reference,yes,,pasta Serasa_Danilo_Milho2: dado de terceiro (Serasa) citado em LEIA-ME_cruzamento.md; licença não encontrada; conteúdo não aberto
esd_lookup_municipio_rgint,00_Primary_Data_Sources_PILAR2b/05_ILUC_Fontes_Primarias/00_Fontes_Primarias/Serasa_Danilo_Milho2/dados_referencia_NIPE/lookup_municipio_rgint.csv,163634,cb07334e798c7dfce67a864a60cc285cd5ffc1b5d062e362151384bae17f5edf,não encontrado,,não encontrado,check_origin,não encontrado,não encontrado,raw_or_reference,yes,,README: preservado 'como recebido do projeto ILUC/ABIOVE'; licença não encontrada
esd_ref_mapbiomas_por_rgint,00_Primary_Data_Sources_PILAR2b/05_ILUC_Fontes_Primarias/00_Fontes_Primarias/Serasa_Danilo_Milho2/dados_referencia_NIPE/ref_mapbiomas_por_rgint.csv,18449,fcb333f4eca53f533e628ccc9581a7a2d18cfe14ad138288a9f88e3400a1c1cc,https://mapbiomas.org,00_Primary_Data_Sources_PILAR2b/README_DICIONARIO_ILUC_PIPELINE.md:168,não encontrado,check_origin,não encontrado,não encontrado,raw_or_reference,yes,,README: preservado 'como recebido do projeto ILUC/ABIOVE'; licença não encontrada
esd_ref_milho2_conab_pam_por_rgint,00_Primary_Data_Sources_PILAR2b/05_ILUC_Fontes_Primarias/00_Fontes_Primarias/Serasa_Danilo_Milho2/dados_referencia_NIPE/ref_milho2_conab_pam_por_rgint.csv,4280,c5e286319d82c0b8bbe0d8d3a533016044e7340fcedaa772ce6c78626acc5c14,https://www.conab.gov.br/info-agro/safras/serie-historica,00_Primary_Data_Sources_PILAR2b/README_DICIONARIO_ILUC_PIPELINE.md:173,não encontrado,check_origin,não encontrado,não encontrado,raw_or_reference,yes,,README: preservado 'como recebido do projeto ILUC/ABIOVE'; licença não encontrada
esd_ref_nipe_classe3_por_rgint,00_Primary_Data_Sources_PILAR2b/05_ILUC_Fontes_Primarias/00_Fontes_Primarias/Serasa_Danilo_Milho2/dados_referencia_NIPE/ref_nipe_classe3_por_rgint.csv,4168,cdcdc7d6b59abc0f8b3cdacdd6a47c0cc2e70fd01c2a6afafe063bb19d84042f,não encontrado,,não encontrado,check_origin,não encontrado,não encontrado,raw_or_reference,yes,,README: preservado 'como recebido do projeto ILUC/ABIOVE'; licença não encontrada
esd_rgint_simplified,00_Primary_Data_Sources_PILAR2b/05_ILUC_Fontes_Primarias/00_Fontes_Primarias/Serasa_Danilo_Milho2/dados_referencia_NIPE/rgint_simplified.geojson,1673497,a0a30bfad1f7ae3046b37ea08af54f24e9c4f6d3548f36f82c2f7007b87ca9aa,não encontrado,,não encontrado,check_origin,não encontrado,não encontrado,raw_or_reference,yes,,README: preservado 'como recebido do projeto ILUC/ABIOVE'; licença não encontrada
esd_perfilador_milho,00_Primary_Data_Sources_PILAR2b/05_ILUC_Fontes_Primarias/00_Fontes_Primarias/Serasa_Danilo_Milho2/perfilador_milho.zip,19269,91053ce24b0c24ced549078287745b12e52031b231ef7fac9469a1fa387785b2,não encontrado,,não encontrado,check_origin,não encontrado,não encontrado,raw_or_reference,yes,,README: preservado 'como recebido do projeto ILUC/ABIOVE'; licença não encontrada
esd_relatorio_milho,00_Primary_Data_Sources_PILAR2b/05_ILUC_Fontes_Primarias/00_Fontes_Primarias/Serasa_Danilo_Milho2/relatorio_milho.json,3849,1463b2657a95fb488d37ed856a6f050b8870ed46d97be6ab954b148ec06158bd,não encontrado,,não encontrado,check_third_party,não encontrado,não encontrado,raw_or_reference,yes,,pasta Serasa_Danilo_Milho2: dado de terceiro (Serasa) citado em LEIA-ME_cruzamento.md; licença não encontrada; conteúdo não aberto
esd_rgint_simplified_2,00_Primary_Data_Sources_PILAR2b/05_ILUC_Fontes_Primarias/00_Fontes_Primarias/Serasa_Danilo_Milho2/rgint_simplified.geojson,1673497,a0a30bfad1f7ae3046b37ea08af54f24e9c4f6d3548f36f82c2f7007b87ca9aa,não encontrado,,não encontrado,check_origin,não encontrado,não encontrado,raw_or_reference,yes,,README: preservado 'como recebido do projeto ILUC/ABIOVE'; licença não encontrada
esd_tc_amz_ac_harmonizado,00_Primary_Data_Sources_PILAR2b/05_ILUC_Fontes_Primarias/00_Fontes_Primarias/TerraClass/TC_AMZ_AC_harmonizado.csv,39574,2727e4e7247a6d64990c9d1f64e85028bf2a23fd54becacffb94c0c44548f675,http://www.inpe.br/terraclass,00_Primary_Data_Sources_PILAR2b/README_DICIONARIO_ILUC_PIPELINE.md:169,não encontrado,check_origin,não encontrado,não encontrado,raw_or_reference,yes,,README: preservado 'como recebido do projeto ILUC/ABIOVE'; licença não encontrada
esd_tc_amz_amazonia_legal_harmonizado,00_Primary_Data_Sources_PILAR2b/05_ILUC_Fontes_Primarias/00_Fontes_Primarias/TerraClass/TC_AMZ_AMAZONIA_LEGAL_harmonizado.csv,894195,5b3677cb3e210f97a9f1b59c6ab9a6669a6848445e10ec8162bb99171345c510,http://www.inpe.br/terraclass,00_Primary_Data_Sources_PILAR2b/README_DICIONARIO_ILUC_PIPELINE.md:169,não encontrado,check_origin,não encontrado,não encontrado,raw_or_reference,yes,,README: preservado 'como recebido do projeto ILUC/ABIOVE'; licença não encontrada
esd_tc_amz_amazonia_legal_harmonizado_flags,00_Primary_Data_Sources_PILAR2b/05_ILUC_Fontes_Primarias/00_Fontes_Primarias/TerraClass/TC_AMZ_AMAZONIA_LEGAL_harmonizado_flags.csv,973141,60fd85768cf70b264e5c9b1b967bae36a9b06eed6d8db7d47a7410828b6e3498,http://www.inpe.br/terraclass,00_Primary_Data_Sources_PILAR2b/README_DICIONARIO_ILUC_PIPELINE.md:169,não encontrado,check_origin,não encontrado,não encontrado,raw_or_reference,yes,,README: preservado 'como recebido do projeto ILUC/ABIOVE'; licença não encontrada
esd_tc_amz_am_harmonizado,00_Primary_Data_Sources_PILAR2b/05_ILUC_Fontes_Primarias/00_Fontes_Primarias/TerraClass/TC_AMZ_AM_harmonizado.csv,111668,a15add8c7ab66d4ec8d14127b9079b5cf2a79ec094b79670b6bbd9a9e949dd28,http://www.inpe.br/terraclass,00_Primary_Data_Sources_PILAR2b/README_DICIONARIO_ILUC_PIPELINE.md:169,não encontrado,check_origin,não encontrado,não encontrado,raw_or_reference,yes,,README: preservado 'como recebido do projeto ILUC/ABIOVE'; licença não encontrada
esd_tc_amz_ap_harmonizado,00_Primary_Data_Sources_PILAR2b/05_ILUC_Fontes_Primarias/00_Fontes_Primarias/TerraClass/TC_AMZ_AP_harmonizado.csv,30327,e072567aef4e44bf5e07dca4d399a4c0ee9c12a2c0df5a6faefb258dd4c93354,http://www.inpe.br/terraclass,00_Primary_Data_Sources_PILAR2b/README_DICIONARIO_ILUC_PIPELINE.md:169,não encontrado,check_origin,não encontrado,não encontrado,raw_or_reference,yes,,README: preservado 'como recebido do projeto ILUC/ABIOVE'; licença não encontrada
esd_tc_amz_ma_harmonizado,00_Primary_Data_Sources_PILAR2b/05_ILUC_Fontes_Primarias/00_Fontes_Primarias/TerraClass/TC_AMZ_MA_harmonizado.csv,180533,e913307438185dc0dca6f00d59535e7b7aa311ceba242d76bcd0747ce4aa9800,http://www.inpe.br/terraclass,00_Primary_Data_Sources_PILAR2b/README_DICIONARIO_ILUC_PIPELINE.md:169,não encontrado,check_origin,não encontrado,não encontrado,raw_or_reference,yes,,README: preservado 'como recebido do projeto ILUC/ABIOVE'; licença não encontrada
esd_tc_amz_mt_harmonizado,00_Primary_Data_Sources_PILAR2b/05_ILUC_Fontes_Primarias/00_Fontes_Primarias/TerraClass/TC_AMZ_MT_harmonizado.csv,97780,09a73efd3dcf4703e6f8e8e5e1a6f1fa24d972a26bb7df9aff2a5e5a5f93b169,http://www.inpe.br/terraclass,00_Primary_Data_Sources_PILAR2b/README_DICIONARIO_ILUC_PIPELINE.md:169,não encontrado,check_origin,não encontrado,não encontrado,raw_or_reference,yes,,README: preservado 'como recebido do projeto ILUC/ABIOVE'; licença não encontrada
esd_tc_amz_pa_harmonizado,00_Primary_Data_Sources_PILAR2b/05_ILUC_Fontes_Primarias/00_Fontes_Primarias/TerraClass/TC_AMZ_PA_harmonizado.csv,264675,627fc34e42e04312ca8c0ca267d06c32824ce6a07c0e450acd3e948efa1eb057,http://www.inpe.br/terraclass,00_Primary_Data_Sources_PILAR2b/README_DICIONARIO_ILUC_PIPELINE.md:169,não encontrado,check_origin,não encontrado,não encontrado,raw_or_reference,yes,,README: preservado 'como recebido do projeto ILUC/ABIOVE'; licença não encontrada
esd_tc_amz_ro_harmonizado,00_Primary_Data_Sources_PILAR2b/05_ILUC_Fontes_Primarias/00_Fontes_Primarias/TerraClass/TC_AMZ_RO_harmonizado.csv,99562,7df339342f5e3df33ed7207f676e65ebd3c57bc340e4e24908143165dd9146a7,http://www.inpe.br/terraclass,00_Primary_Data_Sources_PILAR2b/README_DICIONARIO_ILUC_PIPELINE.md:169,não encontrado,check_origin,não encontrado,não encontrado,raw_or_reference,yes,,README: preservado 'como recebido do projeto ILUC/ABIOVE'; licença não encontrada
esd_tc_amz_rr_harmonizado,00_Primary_Data_Sources_PILAR2b/05_ILUC_Fontes_Primarias/00_Fontes_Primarias/TerraClass/TC_AMZ_RR_harmonizado.csv,28891,19a44d07ba1a124a1aa1c97a19bb3f50a360d20a414e4ec0cec76d1b1c042227,http://www.inpe.br/terraclass,00_Primary_Data_Sources_PILAR2b/README_DICIONARIO_ILUC_PIPELINE.md:169,não encontrado,check_origin,não encontrado,não encontrado,raw_or_reference,yes,,README: preservado 'como recebido do projeto ILUC/ABIOVE'; licença não encontrada
esd_tc_amz_to_harmonizado,00_Primary_Data_Sources_PILAR2b/05_ILUC_Fontes_Primarias/00_Fontes_Primarias/TerraClass/TC_AMZ_TO_harmonizado.csv,49946,8b509c7e6b76a83378aa2aae8576073f34436388de5c2da4d626d670fdb149d7,http://www.inpe.br/terraclass,00_Primary_Data_Sources_PILAR2b/README_DICIONARIO_ILUC_PIPELINE.md:169,não encontrado,check_origin,não encontrado,não encontrado,raw_or_reference,yes,,README: preservado 'como recebido do projeto ILUC/ABIOVE'; licença não encontrada
esd_tc_cer_cerrado_harmonizado,00_Primary_Data_Sources_PILAR2b/05_ILUC_Fontes_Primarias/00_Fontes_Primarias/TerraClass/TC_CER_CERRADO_harmonizado.csv,999432,5d21e4f4ab7c320924e6a00acb082c451704fcf248fc65b018bde3d4c234a49d,http://www.inpe.br/terraclass,00_Primary_Data_Sources_PILAR2b/README_DICIONARIO_ILUC_PIPELINE.md:169,não encontrado,check_origin,não encontrado,não encontrado,raw_or_reference,yes,,README: preservado 'como recebido do projeto ILUC/ABIOVE'; licença não encontrada
esd_amz_2024_m,00_Primary_Data_Sources_PILAR2b/05_ILUC_Fontes_Primarias/00_Fontes_Primarias/TerraClass_AMZ_2024/AMZ.2024.M.qml,3360,d46590a56c015fb5fd0bd91a540b9ed79aa6f87ac8742eaafbfad7c8c0c70ca2,http://www.inpe.br/terraclass,00_Primary_Data_Sources_PILAR2b/README_DICIONARIO_ILUC_PIPELINE.md:169,não encontrado,check_origin,não encontrado,2024,raw_or_reference,yes,,README: preservado 'como recebido do projeto ILUC/ABIOVE'; licença não encontrada
esd_amz_2024_m_2,00_Primary_Data_Sources_PILAR2b/05_ILUC_Fontes_Primarias/00_Fontes_Primarias/TerraClass_AMZ_2024/AMZ.2024.M.tif,676466987,bd4529155e7c1f9b4b44512822c462f9c693ec1f950e34fff7b94a4a176229a0,http://www.inpe.br/terraclass,00_Primary_Data_Sources_PILAR2b/README_DICIONARIO_ILUC_PIPELINE.md:169,não encontrado,check_origin,não encontrado,2024,raw_or_reference,yes,,README: preservado 'como recebido do projeto ILUC/ABIOVE'; licença não encontrada
esd_amz_2024_m_tif_aux,00_Primary_Data_Sources_PILAR2b/05_ILUC_Fontes_Primarias/00_Fontes_Primarias/TerraClass_AMZ_2024/AMZ.2024.M.tif.aux.xml,409,60249f32fa4ffb2a3e9603b276b5e8930459e03caf3a05d1df88eb2e8fa1af9a,http://www.inpe.br/terraclass,00_Primary_Data_Sources_PILAR2b/README_DICIONARIO_ILUC_PIPELINE.md:169,não encontrado,check_origin,não encontrado,2024,raw_or_reference,yes,,README: preservado 'como recebido do projeto ILUC/ABIOVE'; licença não encontrada
esd_amz_2024_m_tif_vat,00_Primary_Data_Sources_PILAR2b/05_ILUC_Fontes_Primarias/00_Fontes_Primarias/TerraClass_AMZ_2024/AMZ.2024.M.tif.vat.cpg,583,3ad3031f5503a4404af825262ee8232cc04d4ea6683d42c5dd0a2f2a27ac9824,http://www.inpe.br/terraclass,00_Primary_Data_Sources_PILAR2b/README_DICIONARIO_ILUC_PIPELINE.md:169,não encontrado,check_origin,não encontrado,2024,raw_or_reference,yes,.cpg;.dbf,README: preservado 'como recebido do projeto ILUC/ABIOVE'; licença não encontrada
esd_fde_disponibilidade_residuos_cp2b,00_Primary_Data_Sources_PILAR2b/06_CP2B_Canonical/FDE_Disponibilidade_Residuos_CP2B.xlsx,78746,107b8c4ed7ada1a8b1dfcf3b0e172a367c22adf958067ebffd1da752f984b344,não encontrado,,não encontrado,not_flagged,não encontrado,não encontrado,cp2b_canonical,yes,,
esd_feedstock_bmp_from_refs,00_Primary_Data_Sources_PILAR2b/06_CP2B_Canonical/canonical_parameters/feedstock_bmp_from_refs.csv,2142,b2208eb833e7e3735275a8497b89398994178aadc91c9b54c2ce60184f5956a8,não encontrado,,não encontrado,not_flagged,não encontrado,não encontrado,cp2b_canonical,yes,,
esd_references_review,00_Primary_Data_Sources_PILAR2b/06_CP2B_Canonical/canonical_parameters/references_review.csv,71922,4e37152a7d6672a0f619d6ad95079770faff8395851b96bfdd75d7faa17145fa,não encontrado,,não encontrado,not_flagged,não encontrado,não encontrado,cp2b_canonical,yes,,
esd_references_review_2,00_Primary_Data_Sources_PILAR2b/06_CP2B_Canonical/canonical_parameters/references_review.xlsx,46575,afbb494c6bf676e869ea913f3ea2761ef5172d4345c10cff615ebebb8783bd0d,não encontrado,,não encontrado,not_flagged,não encontrado,não encontrado,cp2b_canonical,yes,,
esd_references_review_all,00_Primary_Data_Sources_PILAR2b/06_CP2B_Canonical/canonical_parameters/references_review_ALL.xlsx,66816,080c7166bb54fba21639ee9d9a3858a78f703338dbeaf56bca00dd632f7766eb,não encontrado,,não encontrado,not_flagged,não encontrado,não encontrado,cp2b_canonical,yes,,
esd_references_unified,00_Primary_Data_Sources_PILAR2b/06_CP2B_Canonical/canonical_parameters/references_unified.csv,71275,b6dbc2f8cb09ff5ae1545673b19e1609e9784b2e015a4432a1858f5811bddca7,não encontrado,,não encontrado,not_flagged,não encontrado,não encontrado,cp2b_canonical,yes,,
esd_biogas_canonical_comparison_by_stream,00_Primary_Data_Sources_PILAR2b/06_CP2B_Canonical/canonical_recalc_output/biogas_canonical_comparison_by_stream.csv,499277,036b0d08c4540c433e3e77d0a9659265406067ad8b685651e4014c4a1009a27a,não encontrado,,não encontrado,not_flagged,não encontrado,não encontrado,cp2b_canonical,yes,,
esd_biogas_canonical_state_summary,00_Primary_Data_Sources_PILAR2b/06_CP2B_Canonical/canonical_recalc_output/biogas_canonical_state_summary.csv,1362,337cfbfc224028846eab5749f055d70ba1209b7175e8c2b48b535fd0dc059cec,não encontrado,,não encontrado,not_flagged,não encontrado,não encontrado,cp2b_canonical,yes,,
esd_sp_canonical_by_stream,00_Primary_Data_Sources_PILAR2b/06_CP2B_Canonical/canonical_recalc_output/sp_canonical_by_stream.csv,2106,423744b1f9734a5f276a1d7612f772744229476483a67050139d1fd6f185f5ac,não encontrado,,não encontrado,not_flagged,não encontrado,não encontrado,cp2b_canonical,yes,,
esd_fde_all_residues,00_Primary_Data_Sources_PILAR2b/06_CP2B_Canonical/fde_all_residues.json,36076,f5c80ec4336b4f933946cdc21eab21bfd6163337601217589bc9c695e236e85d,não encontrado,,não encontrado,not_flagged,não encontrado,não encontrado,cp2b_canonical,yes,,
esd_fde_all_residues_patch,00_Primary_Data_Sources_PILAR2b/06_CP2B_Canonical/fde_all_residues_patch.json,1686,c9ec43ea1def8e0755df1033d81c00a90825a4cae0ee64bfc7f9c3515488fccb,não encontrado,,não encontrado,not_flagged,não encontrado,não encontrado,cp2b_canonical,yes,,
esd_sao_paulo_biogas_potential_fde,00_Primary_Data_Sources_PILAR2b/06_CP2B_Canonical/sao_paulo_biogas_potential_fde.json,297,af654146b7d9f75e3587ee2496e079f7c53fdda65a923f74dd30feb38c6dbd57,não encontrado,,não encontrado,not_flagged,não encontrado,não encontrado,cp2b_canonical,yes,,
esd_2008_agriculture_agricultural_use_second_crop_1_1_1_38baa159_2,00_Primary_Data_Sources_PILAR2b/07_MapBiomas/Segunda_Safra_TIF/2008_agriculture_agricultural_use_second_crop_1-1-1_38baa159-d9a2-4a5c-a1ed-3da8f4e5651d.tif,55674809,b053e7f8a48c815c6eaad2ca62a14b15113cd57e87ed9a5af58d7dfb70009c0f,https://mapbiomas.org,00_Primary_Data_Sources_PILAR2b/README_DICIONARIO_ILUC_PIPELINE.md:168,não encontrado,not_flagged,não encontrado,2008,raw_or_reference,yes,,
esd_2009_agriculture_agricultural_use_second_crop_1_1_1_dd05383e_2,00_Primary_Data_Sources_PILAR2b/07_MapBiomas/Segunda_Safra_TIF/2009_agriculture_agricultural_use_second_crop_1-1-1_dd05383e-0650-4661-8c59-70f0af4aea7d.tif,55635822,000ee1f421b3f327e7e6b189fb5414bacd0194b33376f45cc6d177836baa74de,https://mapbiomas.org,00_Primary_Data_Sources_PILAR2b/README_DICIONARIO_ILUC_PIPELINE.md:168,não encontrado,not_flagged,não encontrado,2009,raw_or_reference,yes,,
esd_2010_agriculture_agricultural_use_second_crop_1_1_1_e296e27d_2,00_Primary_Data_Sources_PILAR2b/07_MapBiomas/Segunda_Safra_TIF/2010_agriculture_agricultural_use_second_crop_1-1-1_e296e27d-bcc0-469c-aab5-ef4a2a141288.tif,54693796,1d09b41f38338da373a0166971eafe3b255016740f2436c9e731a1dbffb8a7e8,https://mapbiomas.org,00_Primary_Data_Sources_PILAR2b/README_DICIONARIO_ILUC_PIPELINE.md:168,não encontrado,not_flagged,não encontrado,2010,raw_or_reference,yes,,
esd_2011_agriculture_agricultural_use_second_crop_1_1_1_1a0bd1dc_2,00_Primary_Data_Sources_PILAR2b/07_MapBiomas/Segunda_Safra_TIF/2011_agriculture_agricultural_use_second_crop_1-1-1_1a0bd1dc-330d-40bb-a52d-c5d79a3f33ab.tif,55146893,0093b7bfc304bed6977848c8e12f30a5af2986cdf6e3cef0b202cc324f97bdcf,https://mapbiomas.org,00_Primary_Data_Sources_PILAR2b/README_DICIONARIO_ILUC_PIPELINE.md:168,não encontrado,not_flagged,não encontrado,2011,raw_or_reference,yes,,
esd_2012_agriculture_agricultural_use_second_crop_1_1_1_20fa85e9_2,00_Primary_Data_Sources_PILAR2b/07_MapBiomas/Segunda_Safra_TIF/2012_agriculture_agricultural_use_second_crop_1-1-1_20fa85e9-ae55-4364-af89-5b200fa6b36b.tif,62965990,b4362ad4202ce1c669a00f285aa198110d39893099af8a1ba7264c06ed422396,https://mapbiomas.org,00_Primary_Data_Sources_PILAR2b/README_DICIONARIO_ILUC_PIPELINE.md:168,não encontrado,not_flagged,não encontrado,2012,raw_or_reference,yes,,
esd_2013_agriculture_agricultural_use_second_crop_1_1_1_6b05d133_2,00_Primary_Data_Sources_PILAR2b/07_MapBiomas/Segunda_Safra_TIF/2013_agriculture_agricultural_use_second_crop_1-1-1_6b05d133-eea0-4545-9317-0006c5f0f823.tif,63187230,da6c71aab6a6c0598c2a3408f8891e94c6e859401096d1992b98318ef1d2e071,https://mapbiomas.org,00_Primary_Data_Sources_PILAR2b/README_DICIONARIO_ILUC_PIPELINE.md:168,não encontrado,not_flagged,não encontrado,2013,raw_or_reference,yes,,
esd_2014_agriculture_agricultural_use_second_crop_1_1_1_b67ba13e_2,00_Primary_Data_Sources_PILAR2b/07_MapBiomas/Segunda_Safra_TIF/2014_agriculture_agricultural_use_second_crop_1-1-1_b67ba13e-39b5-4e0c-9625-3b42c1e8623a.tif,69518774,5efad80b689c35b6aaa3b1f61bd1c08c1d94becf4dc8537babc468a45003d57a,https://mapbiomas.org,00_Primary_Data_Sources_PILAR2b/README_DICIONARIO_ILUC_PIPELINE.md:168,não encontrado,not_flagged,não encontrado,2014,raw_or_reference,yes,,
esd_2015_agriculture_agricultural_use_second_crop_1_1_1_742e5e1a_2,00_Primary_Data_Sources_PILAR2b/07_MapBiomas/Segunda_Safra_TIF/2015_agriculture_agricultural_use_second_crop_1-1-1_742e5e1a-744f-4e4a-9f10-4147398a05f3.tif,73919144,61c650a67064685c115af987997a9f43af79c01fed3b15bb9196bf92845cfcc8,https://mapbiomas.org,00_Primary_Data_Sources_PILAR2b/README_DICIONARIO_ILUC_PIPELINE.md:168,não encontrado,not_flagged,não encontrado,2015,raw_or_reference,yes,,
esd_2016_agriculture_agricultural_use_second_crop_1_1_1_e5afb7a3_2,00_Primary_Data_Sources_PILAR2b/07_MapBiomas/Segunda_Safra_TIF/2016_agriculture_agricultural_use_second_crop_1-1-1_e5afb7a3-7eac-4108-8cdc-4f4bde23b867.tif,73307938,0b573154a0de340d52546ac74639fce0efd4fbb8fe691a1551b33c1ace3602ea,https://mapbiomas.org,00_Primary_Data_Sources_PILAR2b/README_DICIONARIO_ILUC_PIPELINE.md:168,não encontrado,not_flagged,não encontrado,2016,raw_or_reference,yes,,
esd_2017_agriculture_agricultural_use_second_crop_1_1_1_3447deb7_2,00_Primary_Data_Sources_PILAR2b/07_MapBiomas/Segunda_Safra_TIF/2017_agriculture_agricultural_use_second_crop_1-1-1_3447deb7-3de9-4d8e-b568-0026f8a26755.tif,76231138,42ade3126293dea39e438bc43ed9e76c4c47d089e21c54a8d1a359c7256505e3,https://mapbiomas.org,00_Primary_Data_Sources_PILAR2b/README_DICIONARIO_ILUC_PIPELINE.md:168,não encontrado,not_flagged,não encontrado,2017,raw_or_reference,yes,,
esd_2018_agriculture_agricultural_use_second_crop_1_1_1_426286a2_2,00_Primary_Data_Sources_PILAR2b/07_MapBiomas/Segunda_Safra_TIF/2018_agriculture_agricultural_use_second_crop_1-1-1_426286a2-798f-4bfc-a947-a76ee54c24b6.tif,78738965,23765a42062a62b245d3059d99220888736c38b8ce88ebb0816ec0328deccd60,https://mapbiomas.org,00_Primary_Data_Sources_PILAR2b/README_DICIONARIO_ILUC_PIPELINE.md:168,não encontrado,not_flagged,não encontrado,2018,raw_or_reference,yes,,
esd_2019_agriculture_agricultural_use_second_crop_1_1_1_90c180f1_2,00_Primary_Data_Sources_PILAR2b/07_MapBiomas/Segunda_Safra_TIF/2019_agriculture_agricultural_use_second_crop_1-1-1_90c180f1-76f2-4166-b341-442b238b0d25.tif,81193954,37bb53bf7b3abad803cca8b92894bc891425d537295d9cf61f15bdd913d14fb1,https://mapbiomas.org,00_Primary_Data_Sources_PILAR2b/README_DICIONARIO_ILUC_PIPELINE.md:168,não encontrado,not_flagged,não encontrado,2019,raw_or_reference,yes,,
esd_2020_agriculture_agricultural_use_second_crop_1_1_1_6b693804_2,00_Primary_Data_Sources_PILAR2b/07_MapBiomas/Segunda_Safra_TIF/2020_agriculture_agricultural_use_second_crop_1-1-1_6b693804-82ed-4e1e-98ce-472b41a8d0b4.tif,80991481,56bea84b9c24439c4e26e6951c33d29dc92132314e5b9068af8edf89ebeb76c2,https://mapbiomas.org,00_Primary_Data_Sources_PILAR2b/README_DICIONARIO_ILUC_PIPELINE.md:168,não encontrado,not_flagged,não encontrado,2020,raw_or_reference,yes,,
esd_2021_agriculture_agricultural_use_second_crop_1_1_1_1a0f0412_2,00_Primary_Data_Sources_PILAR2b/07_MapBiomas/Segunda_Safra_TIF/2021_agriculture_agricultural_use_second_crop_1-1-1_1a0f0412-2bb2-4a8f-b87a-8333e58ff076.tif,79760117,1ebcfcbe88d1846d43138f48a04d6d5627352f8edcf921453f9241d129a7e522,https://mapbiomas.org,00_Primary_Data_Sources_PILAR2b/README_DICIONARIO_ILUC_PIPELINE.md:168,não encontrado,not_flagged,não encontrado,2021,raw_or_reference,yes,,
esd_2022_agriculture_agricultural_use_second_crop_1_1_1_138bb332_2,00_Primary_Data_Sources_PILAR2b/07_MapBiomas/Segunda_Safra_TIF/2022_agriculture_agricultural_use_second_crop_1-1-1_138bb332-92ab-4e72-9ea0-1b915472fe5e.tif,80448477,0ed58ce325a823f7236a41cc6b1b3b2be3caf4ce8c17adbd344348ff82289a7d,https://mapbiomas.org,00_Primary_Data_Sources_PILAR2b/README_DICIONARIO_ILUC_PIPELINE.md:168,não encontrado,not_flagged,não encontrado,2022,raw_or_reference,yes,,
esd_2023_agriculture_agricultural_use_second_crop_1_1_1_ce1ce9ae_2,00_Primary_Data_Sources_PILAR2b/07_MapBiomas/Segunda_Safra_TIF/2023_agriculture_agricultural_use_second_crop_1-1-1_ce1ce9ae-9432-454a-ae29-6bf44860176c.tif,80882841,8785e7e1c90e7573038da1012f3ff893dceed2a9f99b9cc7a128ea83f33a160d,https://mapbiomas.org,00_Primary_Data_Sources_PILAR2b/README_DICIONARIO_ILUC_PIPELINE.md:168,não encontrado,not_flagged,não encontrado,2023,raw_or_reference,yes,,
esd_2024_agriculture_agricultural_use_second_crop_1_1_1_f968dc13_2,00_Primary_Data_Sources_PILAR2b/07_MapBiomas/Segunda_Safra_TIF/2024_agriculture_agricultural_use_second_crop_1-1-1_f968dc13-8eb5-4c84-a28f-d603591dd6b6.tif,84368323,c0e51d4733744e826d4ba3447e1599ab63fa8e69b1b35e696f78ee456fc037f4,https://mapbiomas.org,00_Primary_Data_Sources_PILAR2b/README_DICIONARIO_ILUC_PIPELINE.md:168,não encontrado,not_flagged,não encontrado,2024,raw_or_reference,yes,,
esd_master_uf_mb_pam_conab_2008_2024_2,00_Primary_Data_Sources_PILAR2b/07_MapBiomas/col10_tabular/MASTER_UF_MB_PAM_CONAB_2008_2024.csv,187818,9c0293094175da47fb681f48f35fd70caa7243bce2c19bbe5c7dd3e27907848b,https://mapbiomas.org,00_Primary_Data_Sources_PILAR2b/README_DICIONARIO_ILUC_PIPELINE.md:168,não encontrado,not_flagged,não encontrado,2008,raw_or_reference,yes,,
esd_mb_col10_municipios_2,00_Primary_Data_Sources_PILAR2b/07_MapBiomas/col10_tabular/MB_col10_municipios.csv,62744820,59a9d80f258950f2d1c5c462aa8c76b5b522e805068d6a3b1f4a898f032ec24e,https://mapbiomas.org,00_Primary_Data_Sources_PILAR2b/README_DICIONARIO_ILUC_PIPELINE.md:168,não encontrado,not_flagged,não encontrado,não encontrado,raw_or_reference,yes,,
esd_amz_2024_m_3,00_Primary_Data_Sources_PILAR2b/08_TerraClass/AMZ_2024_raster/AMZ.2024.M.qml,3360,d46590a56c015fb5fd0bd91a540b9ed79aa6f87ac8742eaafbfad7c8c0c70ca2,http://www.inpe.br/terraclass,00_Primary_Data_Sources_PILAR2b/README_DICIONARIO_ILUC_PIPELINE.md:169,não encontrado,not_flagged,não encontrado,2024,raw_or_reference,yes,,
esd_amz_2024_m_4,00_Primary_Data_Sources_PILAR2b/08_TerraClass/AMZ_2024_raster/AMZ.2024.M.tif,676466987,bd4529155e7c1f9b4b44512822c462f9c693ec1f950e34fff7b94a4a176229a0,http://www.inpe.br/terraclass,00_Primary_Data_Sources_PILAR2b/README_DICIONARIO_ILUC_PIPELINE.md:169,não encontrado,not_flagged,não encontrado,2024,raw_or_reference,yes,,
esd_amz_2024_m_tif_aux_2,00_Primary_Data_Sources_PILAR2b/08_TerraClass/AMZ_2024_raster/AMZ.2024.M.tif.aux.xml,409,60249f32fa4ffb2a3e9603b276b5e8930459e03caf3a05d1df88eb2e8fa1af9a,http://www.inpe.br/terraclass,00_Primary_Data_Sources_PILAR2b/README_DICIONARIO_ILUC_PIPELINE.md:169,não encontrado,not_flagged,não encontrado,2024,raw_or_reference,yes,,
esd_amz_2024_m_tif_vat_2,00_Primary_Data_Sources_PILAR2b/08_TerraClass/AMZ_2024_raster/AMZ.2024.M.tif.vat.cpg,583,3ad3031f5503a4404af825262ee8232cc04d4ea6683d42c5dd0a2f2a27ac9824,http://www.inpe.br/terraclass,00_Primary_Data_Sources_PILAR2b/README_DICIONARIO_ILUC_PIPELINE.md:169,não encontrado,not_flagged,não encontrado,2024,raw_or_reference,yes,.cpg;.dbf,
esd_tc_amz_ac_harmonizado_2,00_Primary_Data_Sources_PILAR2b/08_TerraClass/tabular/TC_AMZ_AC_harmonizado.csv,39574,2727e4e7247a6d64990c9d1f64e85028bf2a23fd54becacffb94c0c44548f675,http://www.inpe.br/terraclass,00_Primary_Data_Sources_PILAR2b/README_DICIONARIO_ILUC_PIPELINE.md:169,não encontrado,not_flagged,não encontrado,não encontrado,raw_or_reference,yes,,
esd_tc_amz_amazonia_legal_harmonizado_2,00_Primary_Data_Sources_PILAR2b/08_TerraClass/tabular/TC_AMZ_AMAZONIA_LEGAL_harmonizado.csv,894195,5b3677cb3e210f97a9f1b59c6ab9a6669a6848445e10ec8162bb99171345c510,http://www.inpe.br/terraclass,00_Primary_Data_Sources_PILAR2b/README_DICIONARIO_ILUC_PIPELINE.md:169,não encontrado,not_flagged,não encontrado,não encontrado,raw_or_reference,yes,,
esd_tc_amz_amazonia_legal_harmonizado_flags_2,00_Primary_Data_Sources_PILAR2b/08_TerraClass/tabular/TC_AMZ_AMAZONIA_LEGAL_harmonizado_flags.csv,973141,60fd85768cf70b264e5c9b1b967bae36a9b06eed6d8db7d47a7410828b6e3498,http://www.inpe.br/terraclass,00_Primary_Data_Sources_PILAR2b/README_DICIONARIO_ILUC_PIPELINE.md:169,não encontrado,not_flagged,não encontrado,não encontrado,raw_or_reference,yes,,
esd_tc_amz_am_harmonizado_2,00_Primary_Data_Sources_PILAR2b/08_TerraClass/tabular/TC_AMZ_AM_harmonizado.csv,111668,a15add8c7ab66d4ec8d14127b9079b5cf2a79ec094b79670b6bbd9a9e949dd28,http://www.inpe.br/terraclass,00_Primary_Data_Sources_PILAR2b/README_DICIONARIO_ILUC_PIPELINE.md:169,não encontrado,not_flagged,não encontrado,não encontrado,raw_or_reference,yes,,
esd_tc_amz_ap_harmonizado_2,00_Primary_Data_Sources_PILAR2b/08_TerraClass/tabular/TC_AMZ_AP_harmonizado.csv,30327,e072567aef4e44bf5e07dca4d399a4c0ee9c12a2c0df5a6faefb258dd4c93354,http://www.inpe.br/terraclass,00_Primary_Data_Sources_PILAR2b/README_DICIONARIO_ILUC_PIPELINE.md:169,não encontrado,not_flagged,não encontrado,não encontrado,raw_or_reference,yes,,
esd_tc_amz_ma_harmonizado_2,00_Primary_Data_Sources_PILAR2b/08_TerraClass/tabular/TC_AMZ_MA_harmonizado.csv,180533,e913307438185dc0dca6f00d59535e7b7aa311ceba242d76bcd0747ce4aa9800,http://www.inpe.br/terraclass,00_Primary_Data_Sources_PILAR2b/README_DICIONARIO_ILUC_PIPELINE.md:169,não encontrado,not_flagged,não encontrado,não encontrado,raw_or_reference,yes,,
esd_tc_amz_mt_harmonizado_2,00_Primary_Data_Sources_PILAR2b/08_TerraClass/tabular/TC_AMZ_MT_harmonizado.csv,97780,09a73efd3dcf4703e6f8e8e5e1a6f1fa24d972a26bb7df9aff2a5e5a5f93b169,http://www.inpe.br/terraclass,00_Primary_Data_Sources_PILAR2b/README_DICIONARIO_ILUC_PIPELINE.md:169,não encontrado,not_flagged,não encontrado,não encontrado,raw_or_reference,yes,,
esd_tc_amz_pa_harmonizado_2,00_Primary_Data_Sources_PILAR2b/08_TerraClass/tabular/TC_AMZ_PA_harmonizado.csv,264675,627fc34e42e04312ca8c0ca267d06c32824ce6a07c0e450acd3e948efa1eb057,http://www.inpe.br/terraclass,00_Primary_Data_Sources_PILAR2b/README_DICIONARIO_ILUC_PIPELINE.md:169,não encontrado,not_flagged,não encontrado,não encontrado,raw_or_reference,yes,,
esd_tc_amz_ro_harmonizado_2,00_Primary_Data_Sources_PILAR2b/08_TerraClass/tabular/TC_AMZ_RO_harmonizado.csv,99562,7df339342f5e3df33ed7207f676e65ebd3c57bc340e4e24908143165dd9146a7,http://www.inpe.br/terraclass,00_Primary_Data_Sources_PILAR2b/README_DICIONARIO_ILUC_PIPELINE.md:169,não encontrado,not_flagged,não encontrado,não encontrado,raw_or_reference,yes,,
esd_tc_amz_rr_harmonizado_2,00_Primary_Data_Sources_PILAR2b/08_TerraClass/tabular/TC_AMZ_RR_harmonizado.csv,28891,19a44d07ba1a124a1aa1c97a19bb3f50a360d20a414e4ec0cec76d1b1c042227,http://www.inpe.br/terraclass,00_Primary_Data_Sources_PILAR2b/README_DICIONARIO_ILUC_PIPELINE.md:169,não encontrado,not_flagged,não encontrado,não encontrado,raw_or_reference,yes,,
esd_tc_amz_to_harmonizado_2,00_Primary_Data_Sources_PILAR2b/08_TerraClass/tabular/TC_AMZ_TO_harmonizado.csv,49946,8b509c7e6b76a83378aa2aae8576073f34436388de5c2da4d626d670fdb149d7,http://www.inpe.br/terraclass,00_Primary_Data_Sources_PILAR2b/README_DICIONARIO_ILUC_PIPELINE.md:169,não encontrado,not_flagged,não encontrado,não encontrado,raw_or_reference,yes,,
esd_tc_cer_cerrado_harmonizado_2,00_Primary_Data_Sources_PILAR2b/08_TerraClass/tabular/TC_CER_CERRADO_harmonizado.csv,999432,5d21e4f4ab7c320924e6a00acb082c451704fcf248fc65b018bde3d4c234a49d,http://www.inpe.br/terraclass,00_Primary_Data_Sources_PILAR2b/README_DICIONARIO_ILUC_PIPELINE.md:169,não encontrado,not_flagged,não encontrado,não encontrado,raw_or_reference,yes,,
esd_brasil_pasture_vigor_col9_s100_year_2008_2,00_Primary_Data_Sources_PILAR2b/09_LAPIG_Pastagem/brasil_pasture_vigor_col9_s100_year=2008.csv,2274382,b4d32bd01d0a0dc44d832a070e909ae41c2b80c5d3208b7fa51f637fde0ec2ea,https://pastagem.org,00_Primary_Data_Sources_PILAR2b/README_DICIONARIO_ILUC_PIPELINE.md:171,não encontrado,not_flagged,não encontrado,2008,raw_or_reference,yes,,
esd_brasil_pasture_vigor_col9_s100_year_2009_2,00_Primary_Data_Sources_PILAR2b/09_LAPIG_Pastagem/brasil_pasture_vigor_col9_s100_year=2009.csv,2273180,741e645bd567d1c942e349efc2ec8c702f1a5e662efde7f9947c592cf1b981dd,https://pastagem.org,00_Primary_Data_Sources_PILAR2b/README_DICIONARIO_ILUC_PIPELINE.md:171,não encontrado,not_flagged,não encontrado,2009,raw_or_reference,yes,,
esd_brasil_pasture_vigor_col9_s100_year_2010_2,00_Primary_Data_Sources_PILAR2b/09_LAPIG_Pastagem/brasil_pasture_vigor_col9_s100_year=2010.csv,2273202,494ce93286c2b664f3459a1479682cc9899a9e8536b46fc54a53f887c3811b5f,https://pastagem.org,00_Primary_Data_Sources_PILAR2b/README_DICIONARIO_ILUC_PIPELINE.md:171,não encontrado,not_flagged,não encontrado,2010,raw_or_reference,yes,,
esd_brasil_pasture_vigor_col9_s100_year_2011_2,00_Primary_Data_Sources_PILAR2b/09_LAPIG_Pastagem/brasil_pasture_vigor_col9_s100_year=2011.csv,2272947,90ebc96e85269c243cdba6aafb9386da514fe9ab8d200ee75f2f0926cfdeda48,https://pastagem.org,00_Primary_Data_Sources_PILAR2b/README_DICIONARIO_ILUC_PIPELINE.md:171,não encontrado,not_flagged,não encontrado,2011,raw_or_reference,yes,,
esd_brasil_pasture_vigor_col9_s100_year_2012_2,00_Primary_Data_Sources_PILAR2b/09_LAPIG_Pastagem/brasil_pasture_vigor_col9_s100_year=2012.csv,2269157,beca80aacf67b03aab2351e7466aec240d4cb9a32ff2580c01fe0349d3111fa7,https://pastagem.org,00_Primary_Data_Sources_PILAR2b/README_DICIONARIO_ILUC_PIPELINE.md:171,não encontrado,not_flagged,não encontrado,2012,raw_or_reference,yes,,
esd_brasil_pasture_vigor_col9_s100_year_2013_2,00_Primary_Data_Sources_PILAR2b/09_LAPIG_Pastagem/brasil_pasture_vigor_col9_s100_year=2013.csv,2265374,ca38882961b39345051ba6daeb38d786093e2eec04e69f683f675aaa161b91ef,https://pastagem.org,00_Primary_Data_Sources_PILAR2b/README_DICIONARIO_ILUC_PIPELINE.md:171,não encontrado,not_flagged,não encontrado,2013,raw_or_reference,yes,,
esd_brasil_pasture_vigor_col9_s100_year_2014_2,00_Primary_Data_Sources_PILAR2b/09_LAPIG_Pastagem/brasil_pasture_vigor_col9_s100_year=2014.csv,2261094,99125319d9f010d8f29f37240ea379b9ad6a31f7f0c4ad4f7bab63edfd6bf1a1,https://pastagem.org,00_Primary_Data_Sources_PILAR2b/README_DICIONARIO_ILUC_PIPELINE.md:171,não encontrado,not_flagged,não encontrado,2014,raw_or_reference,yes,,
esd_brasil_pasture_vigor_col9_s100_year_2015_2,00_Primary_Data_Sources_PILAR2b/09_LAPIG_Pastagem/brasil_pasture_vigor_col9_s100_year=2015.csv,2260196,23994af27951702345bb2fa2abc1f4ea24c5c52f2156f7129bbbabdf4d218ffa,https://pastagem.org,00_Primary_Data_Sources_PILAR2b/README_DICIONARIO_ILUC_PIPELINE.md:171,não encontrado,not_flagged,não encontrado,2015,raw_or_reference,yes,,
esd_brasil_pasture_vigor_col9_s100_year_2016_2,00_Primary_Data_Sources_PILAR2b/09_LAPIG_Pastagem/brasil_pasture_vigor_col9_s100_year=2016.csv,2262796,439ba2f566cf0f2cfdaed6c7f8646ff92f97d55c7c4f03f3cc0f16dfb7182b21,https://pastagem.org,00_Primary_Data_Sources_PILAR2b/README_DICIONARIO_ILUC_PIPELINE.md:171,não encontrado,not_flagged,não encontrado,2016,raw_or_reference,yes,,
esd_brasil_pasture_vigor_col9_s100_year_2017_2,00_Primary_Data_Sources_PILAR2b/09_LAPIG_Pastagem/brasil_pasture_vigor_col9_s100_year=2017.csv,2265703,4d592e54c6fc4a39e4efc4ad3432ee2fb301d2544273db1f06a61e4acd470995,https://pastagem.org,00_Primary_Data_Sources_PILAR2b/README_DICIONARIO_ILUC_PIPELINE.md:171,não encontrado,not_flagged,não encontrado,2017,raw_or_reference,yes,,
esd_brasil_pasture_vigor_col9_s100_year_2018_2,00_Primary_Data_Sources_PILAR2b/09_LAPIG_Pastagem/brasil_pasture_vigor_col9_s100_year=2018.csv,2270589,c51379bdcee08aa4d8858c305b5788d7f0a5d96a953167980b8cc9a28f5ad5a7,https://pastagem.org,00_Primary_Data_Sources_PILAR2b/README_DICIONARIO_ILUC_PIPELINE.md:171,não encontrado,not_flagged,não encontrado,2018,raw_or_reference,yes,,
esd_brasil_pasture_vigor_col9_s100_year_2019_2,00_Primary_Data_Sources_PILAR2b/09_LAPIG_Pastagem/brasil_pasture_vigor_col9_s100_year=2019.csv,2272468,404415afde157548c060b107e86602f5e49a47c017f8549ac37c4fea29dbdc8c,https://pastagem.org,00_Primary_Data_Sources_PILAR2b/README_DICIONARIO_ILUC_PIPELINE.md:171,não encontrado,not_flagged,não encontrado,2019,raw_or_reference,yes,,
esd_brasil_pasture_vigor_col9_s100_year_2020_2,00_Primary_Data_Sources_PILAR2b/09_LAPIG_Pastagem/brasil_pasture_vigor_col9_s100_year=2020.csv,2276021,685408f7c8926b607abb0d140545d2fb622063ad3897da4bb65439f34ab62330,https://pastagem.org,00_Primary_Data_Sources_PILAR2b/README_DICIONARIO_ILUC_PIPELINE.md:171,não encontrado,not_flagged,não encontrado,2020,raw_or_reference,yes,,
esd_brasil_pasture_vigor_col9_s100_year_2021_2,00_Primary_Data_Sources_PILAR2b/09_LAPIG_Pastagem/brasil_pasture_vigor_col9_s100_year=2021.csv,2277211,794b8e1081e92d5f493485a374e4412dbbc5c27fe2f83cad6d8f494360123993,https://pastagem.org,00_Primary_Data_Sources_PILAR2b/README_DICIONARIO_ILUC_PIPELINE.md:171,não encontrado,not_flagged,não encontrado,2021,raw_or_reference,yes,,
esd_brasil_pasture_vigor_col9_s100_year_2022_2,00_Primary_Data_Sources_PILAR2b/09_LAPIG_Pastagem/brasil_pasture_vigor_col9_s100_year=2022.csv,2278269,5f325f203eb33ed41c40a0ee6d92dce7a4b933d783eab74914c38d736e9b4265,https://pastagem.org,00_Primary_Data_Sources_PILAR2b/README_DICIONARIO_ILUC_PIPELINE.md:171,não encontrado,not_flagged,não encontrado,2022,raw_or_reference,yes,,
esd_brasil_pasture_vigor_col9_s100_year_2023_2,00_Primary_Data_Sources_PILAR2b/09_LAPIG_Pastagem/brasil_pasture_vigor_col9_s100_year=2023.csv,2278073,2e2f0e5586a0ff23cf643ba5416e83f7de1fbda3923a180987572693a80106ef,https://pastagem.org,00_Primary_Data_Sources_PILAR2b/README_DICIONARIO_ILUC_PIPELINE.md:171,não encontrado,not_flagged,não encontrado,2023,raw_or_reference,yes,,
esd_br_ibge_pevs_producao_silvicultura_2,00_Primary_Data_Sources_PILAR2b/10_Silvicultura_PEVS/br_ibge_pevs_producao_silvicultura.csv,9676066,14b380902632311ce1e0e51fbba794b8c53e30e5926520845ffe4deb5dd3b5bd,não encontrado,,não encontrado,not_flagged,não encontrado,não encontrado,raw_or_reference,yes,,
esd_dadosabertos_snif_pevs_1994_2024_ibge_092025_2,00_Primary_Data_Sources_PILAR2b/10_Silvicultura_PEVS/dadosabertos_snif_pevs_1994-2024_ibge_092025.csv,3068606,44dca4364352414a9a2906e5007068b319cb2a67d847b7a4e3e902ad12e854de,não encontrado,,não encontrado,not_flagged,não encontrado,1994,raw_or_reference,yes,,
esd_dadosabertos_snif_pia_2005_2024_ibge_072026_2,00_Primary_Data_Sources_PILAR2b/10_Silvicultura_PEVS/dadosabertos_snif_pia_2005-2024_ibge_072026.csv,1504458,ddc383fdf975b13b3d1147f675e46ab6d6d6d31d0d9b586cef5aa77b67119f31,não encontrado,,não encontrado,not_flagged,não encontrado,2005,raw_or_reference,yes,,
esd_agricultura_uso_agr_cola_segunda_safra_por_classe_2024_2,00_Primary_Data_Sources_PILAR2b/11_Analises_Complementares/Milho2_Serasa/Agricultura • Uso agrícola - Segunda safra por classe • 2024.csv,174,eec145491f433177fb727b5b75b32a308db9aec6bd3ceff6312cc1ab4f2970d5,não encontrado,,não encontrado,not_flagged,não encontrado,2024,raw_or_reference,yes,,
esd_s_rie_temporal_de_agricultura_uso_agr_cola_segunda_safra_por_2,00_Primary_Data_Sources_PILAR2b/11_Analises_Complementares/Milho2_Serasa/Série temporal de Agricultura • Uso agrícola - Segunda safra por classe • 2000 - 2024.csv,1808,ee0d54ff889d74bae61565222e7412851b5e421f1d8ac20992b850e1c1d52d6d,não encontrado,,não encontrado,not_flagged,não encontrado,2000,raw_or_reference,yes,,
esd_cruzamento_milho2_por_rgint_retorno_danilo_2,00_Primary_Data_Sources_PILAR2b/11_Analises_Complementares/Milho2_Serasa/cruzamento_milho2_por_rgint_RETORNO_DANILO.csv,13186,7f14768ae79854747e3174e8d77ed00f97f031698472e61c1f72ecc924c89b4b,não encontrado,,não encontrado,check_third_party,não encontrado,não encontrado,raw_or_reference,yes,,pasta Serasa_Danilo_Milho2: dado de terceiro (Serasa) citado em LEIA-ME_cruzamento.md; licença não encontrada; conteúdo não aberto
esd_lookup_municipio_rgint_2,00_Primary_Data_Sources_PILAR2b/11_Analises_Complementares/Milho2_Serasa/dados_referencia_NIPE/lookup_municipio_rgint.csv,163634,cb07334e798c7dfce67a864a60cc285cd5ffc1b5d062e362151384bae17f5edf,não encontrado,,não encontrado,not_flagged,não encontrado,não encontrado,raw_or_reference,yes,,
esd_ref_mapbiomas_por_rgint_2,00_Primary_Data_Sources_PILAR2b/11_Analises_Complementares/Milho2_Serasa/dados_referencia_NIPE/ref_mapbiomas_por_rgint.csv,18449,fcb333f4eca53f533e628ccc9581a7a2d18cfe14ad138288a9f88e3400a1c1cc,https://mapbiomas.org,00_Primary_Data_Sources_PILAR2b/README_DICIONARIO_ILUC_PIPELINE.md:168,não encontrado,not_flagged,não encontrado,não encontrado,raw_or_reference,yes,,
esd_ref_milho2_conab_pam_por_rgint_2,00_Primary_Data_Sources_PILAR2b/11_Analises_Complementares/Milho2_Serasa/dados_referencia_NIPE/ref_milho2_conab_pam_por_rgint.csv,4280,c5e286319d82c0b8bbe0d8d3a533016044e7340fcedaa772ce6c78626acc5c14,https://www.conab.gov.br/info-agro/safras/serie-historica,00_Primary_Data_Sources_PILAR2b/README_DICIONARIO_ILUC_PIPELINE.md:173,não encontrado,not_flagged,não encontrado,não encontrado,raw_or_reference,yes,,
esd_ref_nipe_classe3_por_rgint_2,00_Primary_Data_Sources_PILAR2b/11_Analises_Complementares/Milho2_Serasa/dados_referencia_NIPE/ref_nipe_classe3_por_rgint.csv,4168,cdcdc7d6b59abc0f8b3cdacdd6a47c0cc2e70fd01c2a6afafe063bb19d84042f,não encontrado,,não encontrado,not_flagged,não encontrado,não encontrado,raw_or_reference,yes,,
esd_rgint_simplified_3,00_Primary_Data_Sources_PILAR2b/11_Analises_Complementares/Milho2_Serasa/dados_referencia_NIPE/rgint_simplified.geojson,1673497,a0a30bfad1f7ae3046b37ea08af54f24e9c4f6d3548f36f82c2f7007b87ca9aa,não encontrado,,não encontrado,not_flagged,não encontrado,não encontrado,raw_or_reference,yes,,
esd_perfilador_milho_2,00_Primary_Data_Sources_PILAR2b/11_Analises_Complementares/Milho2_Serasa/perfilador_milho.zip,19269,91053ce24b0c24ced549078287745b12e52031b231ef7fac9469a1fa387785b2,não encontrado,,não encontrado,not_flagged,não encontrado,não encontrado,raw_or_reference,yes,,
esd_relatorio_milho_2,00_Primary_Data_Sources_PILAR2b/11_Analises_Complementares/Milho2_Serasa/relatorio_milho.json,3849,1463b2657a95fb488d37ed856a6f050b8870ed46d97be6ab954b148ec06158bd,não encontrado,,não encontrado,check_third_party,não encontrado,não encontrado,raw_or_reference,yes,,pasta Serasa_Danilo_Milho2: dado de terceiro (Serasa) citado em LEIA-ME_cruzamento.md; licença não encontrada; conteúdo não aberto
esd_rgint_simplified_4,00_Primary_Data_Sources_PILAR2b/11_Analises_Complementares/Milho2_Serasa/rgint_simplified.geojson,1673497,a0a30bfad1f7ae3046b37ea08af54f24e9c4f6d3548f36f82c2f7007b87ca9aa,não encontrado,,não encontrado,not_flagged,não encontrado,não encontrado,raw_or_reference,yes,,
esd_pam_1612_1613_2008_2024_long,00_Primary_Data_Sources_PILAR2b/PAM_1612_1613_2008_2024_long.csv,36781618,eeda421e70db27e49311d731635cf615515813a27484592600625a73a444c7e3,não encontrado,,não encontrado,not_flagged,não encontrado,2008,raw_or_reference,yes,,
esd_relatorio_0082803826_granjas_aves_unicamp,00_Primary_Data_Sources_PILAR2b/Relatorio_0082803826_granjas_aves_UNICAMP.xlsx,2104142,1c184dcbfddbbc7f22f0ece75de8b87f912f96e43242bd592f7afd3df339237a,não encontrado,,não encontrado,yes_personal_data,não encontrado,não encontrado,raw_or_reference,yes,,"GEDAVE/CDA-SP: propriedades georreferenciadas (Evidencias_CP2B_FC_FCo_FL.md §5.2 lista endereço, CEP e contato); LGPD; conteúdo não aberto"
esd_relatorio_0082804098_granjas_sui_unicamp,00_Primary_Data_Sources_PILAR2b/Relatorio_0082804098_granjas_sui_UNICAMP.xlsx,1459657,54f88c8e8cbca0e7d60c859073c260916f9ebc6347ece70f96d37f6159feb427,não encontrado,,não encontrado,yes_personal_data,não encontrado,não encontrado,raw_or_reference,yes,,"GEDAVE/CDA-SP: propriedades georreferenciadas (Evidencias_CP2B_FC_FCo_FL.md §5.2 lista endereço, CEP e contato); LGPD; conteúdo não aberto"
esd_amacro_v3,00_Primary_Data_Sources_PILAR2b/SHAPEFILES_MAPBIOMAS_10.1/AMACRO_v3/AMACRO_v3.shp,1212377,9ce82eb8a27eaea21072f84686da570744eda7ea2e5a9f26ad8dc03cc882e7bc,https://mapbiomas.org,00_Primary_Data_Sources_PILAR2b/README_DICIONARIO_ILUC_PIPELINE.md:168,não encontrado,not_flagged,não encontrado,não encontrado,raw_or_reference,yes,.cpg;.dbf;.prj;.shp;.shx,
esd_areas_prioritarias_do_mma_2018_v2,00_Primary_Data_Sources_PILAR2b/SHAPEFILES_MAPBIOMAS_10.1/AREAS_PRIORITARIAS_DO_MMA_2018_v2/AREAS_PRIORITARIAS_DO_MMA_2018_v2.shp,115729892,caf38318c70a8f6f1b1c92241b0ebaaa113bfd66548df0fdc98cb3eadf0dff9c,https://mapbiomas.org,00_Primary_Data_Sources_PILAR2b/README_DICIONARIO_ILUC_PIPELINE.md:168,não encontrado,not_flagged,não encontrado,2018,raw_or_reference,yes,.cpg;.dbf;.prj;.shp;.shx,
esd_atlantic_forest_law_v3,00_Primary_Data_Sources_PILAR2b/SHAPEFILES_MAPBIOMAS_10.1/ATLANTIC_FOREST_LAW_v3/ATLANTIC_FOREST_LAW_v3.shp,5147583,5ec39c56924c97365723e9923d42fa41624d518e0b288e44151d42a71d338b92,https://mapbiomas.org,00_Primary_Data_Sources_PILAR2b/README_DICIONARIO_ILUC_PIPELINE.md:168,não encontrado,not_flagged,não encontrado,não encontrado,raw_or_reference,yes,.cpg;.dbf;.prj;.shp;.shx,
esd_basin_level_1_dnaee_v3,00_Primary_Data_Sources_PILAR2b/SHAPEFILES_MAPBIOMAS_10.1/BASIN_LEVEL_1_DNAEE_v3/BASIN_LEVEL_1_DNAEE_v3.shp,112552,97d89cef4a8d6e61872e846c5831009102a20fed1a1f4365d7f4ad1a2e3dbff4,https://mapbiomas.org,00_Primary_Data_Sources_PILAR2b/README_DICIONARIO_ILUC_PIPELINE.md:168,não encontrado,not_flagged,não encontrado,não encontrado,raw_or_reference,yes,.cpg;.dbf;.prj;.shp;.shx,
esd_basin_level_1_pnrh_v3,00_Primary_Data_Sources_PILAR2b/SHAPEFILES_MAPBIOMAS_10.1/BASIN_LEVEL_1_PNRH_v3/BASIN_LEVEL_1_PNRH_v3.shp,3326380,d547fd726d9585f2d7a22d239e86b8923dfe826fd87a8bbdfeb6fb4d9b700165,https://mapbiomas.org,00_Primary_Data_Sources_PILAR2b/README_DICIONARIO_ILUC_PIPELINE.md:168,não encontrado,not_flagged,não encontrado,não encontrado,raw_or_reference,yes,.cpg;.dbf;.prj;.shp;.shx,
esd_basin_level_2_dnaee_v3,00_Primary_Data_Sources_PILAR2b/SHAPEFILES_MAPBIOMAS_10.1/BASIN_LEVEL_2_DNAEE_v3/BASIN_LEVEL_2_DNAEE_v3.shp,399280,27b47d3705073f2850d0f6a9917fd2a4073ea12cd91fd4fedb669bcd5cad1e37,https://mapbiomas.org,00_Primary_Data_Sources_PILAR2b/README_DICIONARIO_ILUC_PIPELINE.md:168,não encontrado,not_flagged,não encontrado,não encontrado,raw_or_reference,yes,.cpg;.dbf;.prj;.shp;.shx,
esd_basin_level_2_pnrh_v3,00_Primary_Data_Sources_PILAR2b/SHAPEFILES_MAPBIOMAS_10.1/BASIN_LEVEL_2_PNRH_v3/BASIN_LEVEL_2_PNRH_v3.shp,5972990,4b4a4a457e8a008387044cccc017f17b369158637fb620f6cfbc52d59c782771,https://mapbiomas.org,00_Primary_Data_Sources_PILAR2b/README_DICIONARIO_ILUC_PIPELINE.md:168,não encontrado,not_flagged,não encontrado,não encontrado,raw_or_reference,yes,.cpg;.dbf;.prj;.shp;.shx,
esd_biomes_v2,00_Primary_Data_Sources_PILAR2b/SHAPEFILES_MAPBIOMAS_10.1/BIOMES_v2/BIOMES_v2.shp,19605394,5129f5450b652d87ca8c7936c4e54b1bcac4a642f91c73b741d28947c42dd147,https://mapbiomas.org,00_Primary_Data_Sources_PILAR2b/README_DICIONARIO_ILUC_PIPELINE.md:168,não encontrado,not_flagged,não encontrado,não encontrado,raw_or_reference,yes,.cpg;.dbf;.prj;.shp;.shx,
esd_bolsa_verde_program_mma_v2,00_Primary_Data_Sources_PILAR2b/SHAPEFILES_MAPBIOMAS_10.1/BOLSA_VERDE_PROGRAM_MMA_v2/BOLSA_VERDE_PROGRAM_MMA_v2.shp,19488897,5bd2905bc69c329098b52d31c3857ae3e3d61b234300ad13b43923f4a8eb98e7,https://mapbiomas.org,00_Primary_Data_Sources_PILAR2b/README_DICIONARIO_ILUC_PIPELINE.md:168,não encontrado,not_flagged,não encontrado,não encontrado,raw_or_reference,yes,.cpg;.dbf;.prj;.shp;.shx,
esd_census_tracts_v1,00_Primary_Data_Sources_PILAR2b/SHAPEFILES_MAPBIOMAS_10.1/CENSUS_TRACTS_v1/CENSUS_TRACTS_v1.shp,2981199877,1e2adaa4f3d07e708ea15d23a265f1d22bb6ee520ec47151aca6a433dfeb6885,https://mapbiomas.org,00_Primary_Data_Sources_PILAR2b/README_DICIONARIO_ILUC_PIPELINE.md:168,não encontrado,not_flagged,não encontrado,não encontrado,raw_or_reference,yes,.cpg;.dbf;.prj;.shp;.shx,
esd_coastal_marine_zone_v3,00_Primary_Data_Sources_PILAR2b/SHAPEFILES_MAPBIOMAS_10.1/COASTAL_MARINE_ZONE_v3/COASTAL_MARINE_ZONE_v3.shp,3157517,1150afd39769614cf6e60a884fdf9368e5bdb0f38638b1867ea0570165d77f86,https://mapbiomas.org,00_Primary_Data_Sources_PILAR2b/README_DICIONARIO_ILUC_PIPELINE.md:168,não encontrado,not_flagged,não encontrado,não encontrado,raw_or_reference,yes,.cpg;.dbf;.prj;.shp;.shx,
esd_concessoes_florestais_v2,00_Primary_Data_Sources_PILAR2b/SHAPEFILES_MAPBIOMAS_10.1/CONCESSOES_FLORESTAIS_v2/CONCESSOES_FLORESTAIS_v2.shp,342405,687a5ab14a8bd0cac611e009af494e6bcd45993f5dcb9d564d33df26937d7997,https://mapbiomas.org,00_Primary_Data_Sources_PILAR2b/README_DICIONARIO_ILUC_PIPELINE.md:168,não encontrado,not_flagged,não encontrado,não encontrado,raw_or_reference,yes,.cpg;.dbf;.prj;.shp;.shx,
esd_dhn250_level_1_v2,00_Primary_Data_Sources_PILAR2b/SHAPEFILES_MAPBIOMAS_10.1/DHN250_LEVEL_1_v2/DHN250_LEVEL_1_v2.shp,21221140,6dabdf13ddf48c5f6b31385c2e90d49a8188f724e041bd618ced6a697ac74300,https://mapbiomas.org,00_Primary_Data_Sources_PILAR2b/README_DICIONARIO_ILUC_PIPELINE.md:168,não encontrado,not_flagged,não encontrado,não encontrado,raw_or_reference,yes,.cpg;.dbf;.prj;.shp;.shx,
esd_dhn250_level_2_v3,00_Primary_Data_Sources_PILAR2b/SHAPEFILES_MAPBIOMAS_10.1/DHN250_LEVEL_2_v3/DHN250_LEVEL_2_v3.shp,36825430,c2a3b243f54ffefc0dfb5d8d9dea8d286674010f9162da50691c04509cd11cc8,https://mapbiomas.org,00_Primary_Data_Sources_PILAR2b/README_DICIONARIO_ILUC_PIPELINE.md:168,não encontrado,not_flagged,não encontrado,não encontrado,raw_or_reference,yes,.cpg;.dbf;.prj;.shp;.shx,
esd_dhn250_level_3_v4,00_Primary_Data_Sources_PILAR2b/SHAPEFILES_MAPBIOMAS_10.1/DHN250_LEVEL_3_v4/DHN250_LEVEL_3_v4.shp,71434230,69f66306b7a85f160be66513fe67c85442b987ac0bd93af33f555b0aeb8a57db,https://mapbiomas.org,00_Primary_Data_Sources_PILAR2b/README_DICIONARIO_ILUC_PIPELINE.md:168,não encontrado,not_flagged,não encontrado,não encontrado,raw_or_reference,yes,.cpg;.dbf;.prj;.shp;.shx,
esd_federal_protected_areas_apa_v1,00_Primary_Data_Sources_PILAR2b/SHAPEFILES_MAPBIOMAS_10.1/FEDERAL_PROTECTED_AREAS_APA_v1 (1)/FEDERAL_PROTECTED_AREAS_APA_v1.shp,3903574,96b451e78e229447b9615cc9ea4d1da7613f82b822e06f2950a2385dfd80163e,https://mapbiomas.org,00_Primary_Data_Sources_PILAR2b/README_DICIONARIO_ILUC_PIPELINE.md:168,não encontrado,not_flagged,não encontrado,não encontrado,raw_or_reference,yes,.cpg;.dbf;.prj;.shp;.shx,
esd_federal_protected_areas_apa_v1_2,00_Primary_Data_Sources_PILAR2b/SHAPEFILES_MAPBIOMAS_10.1/FEDERAL_PROTECTED_AREAS_APA_v1/FEDERAL_PROTECTED_AREAS_APA_v1.shp,3903574,96b451e78e229447b9615cc9ea4d1da7613f82b822e06f2950a2385dfd80163e,https://mapbiomas.org,00_Primary_Data_Sources_PILAR2b/README_DICIONARIO_ILUC_PIPELINE.md:168,não encontrado,not_flagged,não encontrado,não encontrado,raw_or_reference,yes,.cpg;.dbf;.prj;.shp;.shx,
esd_federal_protected_areas_integral_protection_v2,00_Primary_Data_Sources_PILAR2b/SHAPEFILES_MAPBIOMAS_10.1/FEDERAL_PROTECTED_AREAS_INTEGRAL_PROTECTION_v2/FEDERAL_PROTECTED_AREAS_INTEGRAL_PROTECTION_v2.shp,10177234,c42be75850886eec7915915e9355ae62f8a800bca773071c284b2378eeb6beb8,https://mapbiomas.org,00_Primary_Data_Sources_PILAR2b/README_DICIONARIO_ILUC_PIPELINE.md:168,não encontrado,not_flagged,não encontrado,não encontrado,raw_or_reference,yes,.cpg;.dbf;.prj;.shp;.shx,
esd_federal_protected_areas_sustainable_use_except_apa_v2,00_Primary_Data_Sources_PILAR2b/SHAPEFILES_MAPBIOMAS_10.1/FEDERAL_PROTECTED_AREAS_SUSTAINABLE_USE_EXCEPT_APA_v2/FEDERAL_PROTECTED_AREAS_SUSTAINABLE_USE_EXCEPT_APA_v2.shp,13587570,656c6a7fa9181bbcd0a65b7a7147f1a23467f0fd97f8013a31fe00146f94640c,https://mapbiomas.org,00_Primary_Data_Sources_PILAR2b/README_DICIONARIO_ILUC_PIPELINE.md:168,não encontrado,not_flagged,não encontrado,não encontrado,raw_or_reference,yes,.cpg;.dbf;.prj;.shp;.shx,
esd_florestas_publicas_nao_destinadas_v26,00_Primary_Data_Sources_PILAR2b/SHAPEFILES_MAPBIOMAS_10.1/FLORESTAS_PUBLICAS_NAO_DESTINADAS_v26/FLORESTAS_PUBLICAS_NAO_DESTINADAS_v26.shp,223843828,0d53c66629c58e37731248fc92bf11d7c020e6ad0fd9264490c54d999753fe10,https://mapbiomas.org,00_Primary_Data_Sources_PILAR2b/README_DICIONARIO_ILUC_PIPELINE.md:168,não encontrado,not_flagged,não encontrado,não encontrado,raw_or_reference,yes,.cpg;.dbf;.prj;.shp;.shx,
esd_geoparques_v3,00_Primary_Data_Sources_PILAR2b/SHAPEFILES_MAPBIOMAS_10.1/GEOPARQUES_v3/GEOPARQUES_v3.shp,100057,eebdcae3d72870f13ee1dfbb2cf1ce4df0f20e6f739adbdfa389ac73a6fa0d70,https://mapbiomas.org,00_Primary_Data_Sources_PILAR2b/README_DICIONARIO_ILUC_PIPELINE.md:168,não encontrado,not_flagged,não encontrado,não encontrado,raw_or_reference,yes,.cpg;.dbf;.prj;.shp;.shx,
esd_indigenous_territories_v3,00_Primary_Data_Sources_PILAR2b/SHAPEFILES_MAPBIOMAS_10.1/INDIGENOUS_TERRITORIES_v3/INDIGENOUS_TERRITORIES_v3.shp,27562194,1652894313a20e581e6f8f90a502e575c0776af957bc41ed45b5615dfea07504,https://mapbiomas.org,00_Primary_Data_Sources_PILAR2b/README_DICIONARIO_ILUC_PIPELINE.md:168,não encontrado,not_flagged,não encontrado,não encontrado,raw_or_reference,yes,.cpg;.dbf;.prj;.shp;.shx,
esd_pistas_nao_registradas,00_Primary_Data_Sources_PILAR2b/SHAPEFILES_MAPBIOMAS_10.1/INFRAESTRUTURA/PISTAS_NAO_REGISTRADAS/PISTAS_NAO_REGISTRADAS.shp,5613260,c7c205459560a10098ef89fd9ea127b3bdfe12c5cdc21c073e9aadb052b862ed,https://mapbiomas.org,00_Primary_Data_Sources_PILAR2b/README_DICIONARIO_ILUC_PIPELINE.md:168,não encontrado,not_flagged,não encontrado,não encontrado,raw_or_reference,yes,.cpg;.dbf;.prj;.shp;.shx,
esd_pistas_registradas,00_Primary_Data_Sources_PILAR2b/SHAPEFILES_MAPBIOMAS_10.1/INFRAESTRUTURA/PISTAS_REGISTRADAS/PISTAS_REGISTRADAS.shp,3340370,9fee0ac3249ebd92773d610066f590267b0201109f156f64b80075acc33a99d1,https://mapbiomas.org,00_Primary_Data_Sources_PILAR2b/README_DICIONARIO_ILUC_PIPELINE.md:168,não encontrado,not_flagged,não encontrado,não encontrado,raw_or_reference,yes,.cpg;.dbf;.prj;.shp;.shx,
esd_sitios_ago2025_brasil_v2_com_classifica,00_Primary_Data_Sources_PILAR2b/SHAPEFILES_MAPBIOMAS_10.1/INFRAESTRUTURA/archaeological_sites/sitios_ago2025_Brasil_v2_com_classifica.shp,1071318,f79628215b1ae40c0dfff5177b1211370330727ef5be30d12d3c29e417fa8d52,https://mapbiomas.org,00_Primary_Data_Sources_PILAR2b/README_DICIONARIO_ILUC_PIPELINE.md:168,não encontrado,not_flagged,não encontrado,2025,raw_or_reference,yes,.prj;.sbx;.shp;.shx,
esd_pistas_nao_registradas_2,00_Primary_Data_Sources_PILAR2b/SHAPEFILES_MAPBIOMAS_10.1/INFRAESTRUTURA/archive/PISTAS_NAO_REGISTRADAS.zip,300801,9cb3e68e8ec9bacb8669e639180b180c298725258038eb03d99d8f6d914859f5,https://mapbiomas.org,00_Primary_Data_Sources_PILAR2b/README_DICIONARIO_ILUC_PIPELINE.md:168,não encontrado,not_flagged,não encontrado,não encontrado,raw_or_reference,yes,,
esd_pistas_registradas_2,00_Primary_Data_Sources_PILAR2b/SHAPEFILES_MAPBIOMAS_10.1/INFRAESTRUTURA/archive/PISTAS_REGISTRADAS.zip,200054,26da794b6c8ef0d47e9dd3de8ba667227c9de7536ca4ba866f77b2edce8d2f27,https://mapbiomas.org,00_Primary_Data_Sources_PILAR2b/README_DICIONARIO_ILUC_PIPELINE.md:168,não encontrado,not_flagged,não encontrado,não encontrado,raw_or_reference,yes,,
esd_archaeological_sites,00_Primary_Data_Sources_PILAR2b/SHAPEFILES_MAPBIOMAS_10.1/INFRAESTRUTURA/archive/archaeological_sites.zip,590364,235d00450def22faebf1a6fff0f3f516a63526acbfd73e3dea5e8b420edeb159,https://mapbiomas.org,00_Primary_Data_Sources_PILAR2b/README_DICIONARIO_ILUC_PIPELINE.md:168,não encontrado,not_flagged,não encontrado,não encontrado,raw_or_reference,yes,,
esd_structure_biodiesel_plant,00_Primary_Data_Sources_PILAR2b/SHAPEFILES_MAPBIOMAS_10.1/INFRAESTRUTURA/archive/structure_biodiesel_plant.zip,10795,35092f3bb31cfc414df864a3770d0ddae38ba8e908c6a8580d43e01f3b2cd3e8,https://mapbiomas.org,00_Primary_Data_Sources_PILAR2b/README_DICIONARIO_ILUC_PIPELINE.md:168,não encontrado,not_flagged,não encontrado,não encontrado,raw_or_reference,yes,,
esd_structure_biogas_plant,00_Primary_Data_Sources_PILAR2b/SHAPEFILES_MAPBIOMAS_10.1/INFRAESTRUTURA/archive/structure_biogas_plant.zip,40006,328e3b5e0425d083d6b6ea0d28264a129000e56ab2398a08262d9dc1e5e59ec8,https://mapbiomas.org,00_Primary_Data_Sources_PILAR2b/README_DICIONARIO_ILUC_PIPELINE.md:168,não encontrado,not_flagged,não encontrado,não encontrado,raw_or_reference,yes,,
esd_structure_biomass_thermal_power_plant,00_Primary_Data_Sources_PILAR2b/SHAPEFILES_MAPBIOMAS_10.1/INFRAESTRUTURA/archive/structure_biomass_thermal_power_plant.zip,104769,aa914ec500e355b5bfd134e96992c9a7798623ea3f3a975d3a38828bd0400fcb,https://mapbiomas.org,00_Primary_Data_Sources_PILAR2b/README_DICIONARIO_ILUC_PIPELINE.md:168,não encontrado,not_flagged,não encontrado,não encontrado,raw_or_reference,yes,,
esd_structure_compression_station,00_Primary_Data_Sources_PILAR2b/SHAPEFILES_MAPBIOMAS_10.1/INFRAESTRUTURA/archive/structure_compression_station.zip,5815,4ad005d3c7ff46ab4719c99f3f4736e6786e855be0f0070d4e8a6956697a034b,https://mapbiomas.org,00_Primary_Data_Sources_PILAR2b/README_DICIONARIO_ILUC_PIPELINE.md:168,não encontrado,not_flagged,não encontrado,não encontrado,raw_or_reference,yes,,
esd_structure_distribution_gas_pipeline,00_Primary_Data_Sources_PILAR2b/SHAPEFILES_MAPBIOMAS_10.1/INFRAESTRUTURA/archive/structure_distribution_gas_pipeline.zip,3982804,7b991280d94020c848cdb0818c0b925de6f66dcbefde214aa4f78583e612782e,https://mapbiomas.org,00_Primary_Data_Sources_PILAR2b/README_DICIONARIO_ILUC_PIPELINE.md:168,não encontrado,not_flagged,não encontrado,não encontrado,raw_or_reference,yes,,
esd_structure_energetic_product_mine,00_Primary_Data_Sources_PILAR2b/SHAPEFILES_MAPBIOMAS_10.1/INFRAESTRUTURA/archive/structure_energetic_product_mine.zip,5854,dc27e9e5b442d30ce3b06a2ff3fa7d98ab3530332e31e48c79dcbac57189b451,https://mapbiomas.org,00_Primary_Data_Sources_PILAR2b/README_DICIONARIO_ILUC_PIPELINE.md:168,não encontrado,not_flagged,não encontrado,não encontrado,raw_or_reference,yes,,
esd_structure_ethanol_plant,00_Primary_Data_Sources_PILAR2b/SHAPEFILES_MAPBIOMAS_10.1/INFRAESTRUTURA/archive/structure_ethanol_plant.zip,37717,e2e8f3ba099f066eb5c67179655886d84b56e82f28dacc16b5b7a4950c37227e,https://mapbiomas.org,00_Primary_Data_Sources_PILAR2b/README_DICIONARIO_ILUC_PIPELINE.md:168,não encontrado,not_flagged,não encontrado,não encontrado,raw_or_reference,yes,,
esd_structure_federal_highway,00_Primary_Data_Sources_PILAR2b/SHAPEFILES_MAPBIOMAS_10.1/INFRAESTRUTURA/archive/structure_federal_highway.zip,4193318,11de3596515ea5da8bdfcb56ea1ae0c6b667e9b237aca2e90813222f5fcab9dd,https://mapbiomas.org,00_Primary_Data_Sources_PILAR2b/README_DICIONARIO_ILUC_PIPELINE.md:168,não encontrado,not_flagged,não encontrado,não encontrado,raw_or_reference,yes,,
esd_structure_fossil_fuel_thermal_power_plant,00_Primary_Data_Sources_PILAR2b/SHAPEFILES_MAPBIOMAS_10.1/INFRAESTRUTURA/archive/structure_fossil_fuel_thermal_power_plant.zip,367533,e8483ed0a023a9353addfc7f96469e769fdf1240c05bd4a8b484393c83558272,https://mapbiomas.org,00_Primary_Data_Sources_PILAR2b/README_DICIONARIO_ILUC_PIPELINE.md:168,não encontrado,not_flagged,não encontrado,não encontrado,raw_or_reference,yes,,
esd_structure_gas_delivery_point,00_Primary_Data_Sources_PILAR2b/SHAPEFILES_MAPBIOMAS_10.1/INFRAESTRUTURA/archive/structure_gas_delivery_point.zip,13494,5dc534b208d77ec822b62ba3d205e118aa30653cd5b7b472a2ccf60d7920ceaf,https://mapbiomas.org,00_Primary_Data_Sources_PILAR2b/README_DICIONARIO_ILUC_PIPELINE.md:168,não encontrado,not_flagged,não encontrado,não encontrado,raw_or_reference,yes,,
esd_structure_helipad,00_Primary_Data_Sources_PILAR2b/SHAPEFILES_MAPBIOMAS_10.1/INFRAESTRUTURA/archive/structure_helipad.zip,272484,cd04a84abacef058bbd49bda38958cf685bf2879ea4b2a45972ecb3a684ff884,https://mapbiomas.org,00_Primary_Data_Sources_PILAR2b/README_DICIONARIO_ILUC_PIPELINE.md:168,não encontrado,not_flagged,não encontrado,não encontrado,raw_or_reference,yes,,
esd_structure_hydroelectric_power_plant,00_Primary_Data_Sources_PILAR2b/SHAPEFILES_MAPBIOMAS_10.1/INFRAESTRUTURA/archive/structure_hydroelectric_power_plant.zip,35051,d5050fae93b5d125ca4ada4a7806134fe4814744fa4dfe9b2dda8200e8ead274,https://mapbiomas.org,00_Primary_Data_Sources_PILAR2b/README_DICIONARIO_ILUC_PIPELINE.md:168,não encontrado,not_flagged,não encontrado,não encontrado,raw_or_reference,yes,,
esd_structure_liquefied_petroleum_gas_base,00_Primary_Data_Sources_PILAR2b/SHAPEFILES_MAPBIOMAS_10.1/INFRAESTRUTURA/archive/structure_liquefied_petroleum_gas_base.zip,27440,7201c1736d59db252f303bd1de2fd554eb8327f8ec33ab8a81a3fd017c4b3d33,https://mapbiomas.org,00_Primary_Data_Sources_PILAR2b/README_DICIONARIO_ILUC_PIPELINE.md:168,não encontrado,not_flagged,não encontrado,não encontrado,raw_or_reference,yes,,
esd_structure_liquid_fuel_base,00_Primary_Data_Sources_PILAR2b/SHAPEFILES_MAPBIOMAS_10.1/INFRAESTRUTURA/archive/structure_liquid_fuel_base.zip,30168,3aba528f1edf98a6da6ad97daeba1ddfbf8147342a2de88134e05fb6d4b5832f,https://mapbiomas.org,00_Primary_Data_Sources_PILAR2b/README_DICIONARIO_ILUC_PIPELINE.md:168,não encontrado,not_flagged,não encontrado,não encontrado,raw_or_reference,yes,,
esd_structure_lock,00_Primary_Data_Sources_PILAR2b/SHAPEFILES_MAPBIOMAS_10.1/INFRAESTRUTURA/archive/structure_lock.zip,3236,9c8b303a80579ff7bbb56b855bf166b692023587ff4d161f335efb026da3a8aa,https://mapbiomas.org,00_Primary_Data_Sources_PILAR2b/README_DICIONARIO_ILUC_PIPELINE.md:168,não encontrado,not_flagged,não encontrado,não encontrado,raw_or_reference,yes,,
esd_structure_metallic_product_mine,00_Primary_Data_Sources_PILAR2b/SHAPEFILES_MAPBIOMAS_10.1/INFRAESTRUTURA/archive/structure_metallic_product_mine.zip,20241,b051b81b7951a1dd29838943f3ab54bad1fa31d4b00d4f5a31e887c66e18c5ec,https://mapbiomas.org,00_Primary_Data_Sources_PILAR2b/README_DICIONARIO_ILUC_PIPELINE.md:168,não encontrado,not_flagged,não encontrado,não encontrado,raw_or_reference,yes,,
esd_structure_mining_pipeline,00_Primary_Data_Sources_PILAR2b/SHAPEFILES_MAPBIOMAS_10.1/INFRAESTRUTURA/archive/structure_mining_pipeline.zip,153359,15fe6329fd068c545f87053e1ad030121d33cd96aa509e0fc53bd512378ebf14,https://mapbiomas.org,00_Primary_Data_Sources_PILAR2b/README_DICIONARIO_ILUC_PIPELINE.md:168,não encontrado,not_flagged,não encontrado,não encontrado,raw_or_reference,yes,,
esd_structure_natural_gas_processing_unit,00_Primary_Data_Sources_PILAR2b/SHAPEFILES_MAPBIOMAS_10.1/INFRAESTRUTURA/archive/structure_natural_gas_processing_unit.zip,3942,bab3fb82253fd5c89b176e421fd204978eb532f2aa3e924abc43481975abb296,https://mapbiomas.org,00_Primary_Data_Sources_PILAR2b/README_DICIONARIO_ILUC_PIPELINE.md:168,não encontrado,not_flagged,não encontrado,não encontrado,raw_or_reference,yes,,
esd_structure_oil_and_oil_products_storage_and_distribution_term,00_Primary_Data_Sources_PILAR2b/SHAPEFILES_MAPBIOMAS_10.1/INFRAESTRUTURA/archive/structure_oil_and_oil_products_storage_and_distribution_terminal.zip,11393,e9d5f2ce39d91bdb2c1abcd4c26ad1d58e6fde2efe6e027ea9ea85b45c1a371b,https://mapbiomas.org,00_Primary_Data_Sources_PILAR2b/README_DICIONARIO_ILUC_PIPELINE.md:168,não encontrado,not_flagged,não encontrado,não encontrado,raw_or_reference,yes,,
esd_structure_oil_pipeline,00_Primary_Data_Sources_PILAR2b/SHAPEFILES_MAPBIOMAS_10.1/INFRAESTRUTURA/archive/structure_oil_pipeline.zip,1200164,cb3a17e28cee362755cbc8a3feceae83c0b4b429ae02f991f4a5b6e6d783582f,https://mapbiomas.org,00_Primary_Data_Sources_PILAR2b/README_DICIONARIO_ILUC_PIPELINE.md:168,não encontrado,not_flagged,não encontrado,não encontrado,raw_or_reference,yes,,
esd_structure_oil_refineries_and_other_processing_facilities,00_Primary_Data_Sources_PILAR2b/SHAPEFILES_MAPBIOMAS_10.1/INFRAESTRUTURA/archive/structure_oil_refineries_and_other_processing_facilities.zip,5182,c4b83fe4e79c5751980439a4bf90946aaf2ec1e2ecbd934db90681b3efc1607b,https://mapbiomas.org,00_Primary_Data_Sources_PILAR2b/README_DICIONARIO_ILUC_PIPELINE.md:168,não encontrado,not_flagged,não encontrado,não encontrado,raw_or_reference,yes,,
esd_structure_other_port_facilities,00_Primary_Data_Sources_PILAR2b/SHAPEFILES_MAPBIOMAS_10.1/INFRAESTRUTURA/archive/structure_other_port_facilities.zip,4632,004e36e2105755187e9faa723490e719424cbcc8a1ae185b7087b76dc6919614,https://mapbiomas.org,00_Primary_Data_Sources_PILAR2b/README_DICIONARIO_ILUC_PIPELINE.md:168,não encontrado,not_flagged,não encontrado,não encontrado,raw_or_reference,yes,,
esd_structure_other_products_mine,00_Primary_Data_Sources_PILAR2b/SHAPEFILES_MAPBIOMAS_10.1/INFRAESTRUTURA/archive/structure_other_products_mine.zip,13269,ed9fb64c2ed0ad7f7b909ecff1b8323b8c93ccf5b2341746b4058ffd10c60ba6,https://mapbiomas.org,00_Primary_Data_Sources_PILAR2b/README_DICIONARIO_ILUC_PIPELINE.md:168,não encontrado,not_flagged,não encontrado,não encontrado,raw_or_reference,yes,,
esd_structure_outflow_gas_pipeline,00_Primary_Data_Sources_PILAR2b/SHAPEFILES_MAPBIOMAS_10.1/INFRAESTRUTURA/archive/structure_outflow_gas_pipeline.zip,543106,84efe20151b68833ddf0031d6342e7180a4883c8d88cf0274b666cae21a23849,https://mapbiomas.org,00_Primary_Data_Sources_PILAR2b/README_DICIONARIO_ILUC_PIPELINE.md:168,não encontrado,not_flagged,não encontrado,não encontrado,raw_or_reference,yes,,
esd_structure_photovoltaic_solar_power_plant,00_Primary_Data_Sources_PILAR2b/SHAPEFILES_MAPBIOMAS_10.1/INFRAESTRUTURA/archive/structure_photovoltaic_solar_power_plant.zip,1149291,b07d652584d6421d6ba78bfaab84d46dfaf913eb3af05a8d67526c8578b085b5,https://mapbiomas.org,00_Primary_Data_Sources_PILAR2b/README_DICIONARIO_ILUC_PIPELINE.md:168,não encontrado,not_flagged,não encontrado,não encontrado,raw_or_reference,yes,,
esd_structure_polyduct,00_Primary_Data_Sources_PILAR2b/SHAPEFILES_MAPBIOMAS_10.1/INFRAESTRUTURA/archive/structure_polyduct.zip,147043,2f473be790ded77fec88f776ec95d1c4e2450434020abb20b1391cdbd87ec134,https://mapbiomas.org,00_Primary_Data_Sources_PILAR2b/README_DICIONARIO_ILUC_PIPELINE.md:168,não encontrado,not_flagged,não encontrado,não encontrado,raw_or_reference,yes,,
esd_structure_port_facility_for_tourism,00_Primary_Data_Sources_PILAR2b/SHAPEFILES_MAPBIOMAS_10.1/INFRAESTRUTURA/archive/structure_port_facility_for_tourism.zip,3903,52f102b9c29828800a57060274fe7d51293b0ace74554511cbdf59aaf234af16,https://mapbiomas.org,00_Primary_Data_Sources_PILAR2b/README_DICIONARIO_ILUC_PIPELINE.md:168,não encontrado,not_flagged,não encontrado,não encontrado,raw_or_reference,yes,,
esd_structure_private_airfield,00_Primary_Data_Sources_PILAR2b/SHAPEFILES_MAPBIOMAS_10.1/INFRAESTRUTURA/archive/structure_private_airfield.zip,863459,a369a9c44d33ffc890733869a196c974b84f6f1732845a6845eecf9f9f668b65,https://mapbiomas.org,00_Primary_Data_Sources_PILAR2b/README_DICIONARIO_ILUC_PIPELINE.md:168,não encontrado,not_flagged,não encontrado,não encontrado,raw_or_reference,yes,,
esd_structure_private_use_terminal,00_Primary_Data_Sources_PILAR2b/SHAPEFILES_MAPBIOMAS_10.1/INFRAESTRUTURA/archive/structure_private_use_terminal.zip,38828,42638cf97239668330be2e06149b076660a25b9e4df4682a9c5327d62bfafc54,https://mapbiomas.org,00_Primary_Data_Sources_PILAR2b/README_DICIONARIO_ILUC_PIPELINE.md:168,não encontrado,not_flagged,não encontrado,não encontrado,raw_or_reference,yes,,
esd_structure_public_airfield,00_Primary_Data_Sources_PILAR2b/SHAPEFILES_MAPBIOMAS_10.1/INFRAESTRUTURA/archive/structure_public_airfield.zip,123053,f76f92b974200cafe53f8acfdfa85db3180ee31147bd44f7c8427909232fced8,https://mapbiomas.org,00_Primary_Data_Sources_PILAR2b/README_DICIONARIO_ILUC_PIPELINE.md:168,não encontrado,not_flagged,não encontrado,não encontrado,raw_or_reference,yes,,
esd_structure_registered_port_facility,00_Primary_Data_Sources_PILAR2b/SHAPEFILES_MAPBIOMAS_10.1/INFRAESTRUTURA/archive/structure_registered_port_facility.zip,102304,d55162f672668ebbd84000676115c0278687b3a7844ede9c8d6deeaf5854fc83,https://mapbiomas.org,00_Primary_Data_Sources_PILAR2b/README_DICIONARIO_ILUC_PIPELINE.md:168,não encontrado,not_flagged,não encontrado,não encontrado,raw_or_reference,yes,,
esd_structure_slaughterhouse,00_Primary_Data_Sources_PILAR2b/SHAPEFILES_MAPBIOMAS_10.1/INFRAESTRUTURA/archive/structure_slaughterhouse.zip,37870,8ab3b5f46e872caf6da48b665855af32ac0700a4d355401274ffb07544458e94,https://mapbiomas.org,00_Primary_Data_Sources_PILAR2b/README_DICIONARIO_ILUC_PIPELINE.md:168,não encontrado,not_flagged,não encontrado,não encontrado,raw_or_reference,yes,,
esd_structure_small_hydropower_plant,00_Primary_Data_Sources_PILAR2b/SHAPEFILES_MAPBIOMAS_10.1/INFRAESTRUTURA/archive/structure_small_hydropower_plant.zip,75440,5ea2771d818b1d9d5d17d67a749429d41fe85fc0c8fda92e8e4f740accc9153e,https://mapbiomas.org,00_Primary_Data_Sources_PILAR2b/README_DICIONARIO_ILUC_PIPELINE.md:168,não encontrado,not_flagged,não encontrado,não encontrado,raw_or_reference,yes,,
esd_structure_state_highway,00_Primary_Data_Sources_PILAR2b/SHAPEFILES_MAPBIOMAS_10.1/INFRAESTRUTURA/archive/structure_state_highway.zip,11724714,4611fd9afd1b96d106b601a6b39e3dc2f22eabd65d292c3fc3064d1311db6a03,https://mapbiomas.org,00_Primary_Data_Sources_PILAR2b/README_DICIONARIO_ILUC_PIPELINE.md:168,não encontrado,not_flagged,não encontrado,não encontrado,raw_or_reference,yes,,
esd_structure_substation,00_Primary_Data_Sources_PILAR2b/SHAPEFILES_MAPBIOMAS_10.1/INFRAESTRUTURA/archive/structure_substation.zip,53953,bc7dd407f0f4497749910d3117e3ce2ac4e33699857588de974f52f49520205d,https://mapbiomas.org,00_Primary_Data_Sources_PILAR2b/README_DICIONARIO_ILUC_PIPELINE.md:168,não encontrado,not_flagged,não encontrado,não encontrado,raw_or_reference,yes,,
esd_structure_thermonuclear_power_plant,00_Primary_Data_Sources_PILAR2b/SHAPEFILES_MAPBIOMAS_10.1/INFRAESTRUTURA/archive/structure_thermonuclear_power_plant.zip,3229,9d9964908e7b2e40b58fb7540c70dc68a355275eb76a513cf2aad970cee2b5a5,https://mapbiomas.org,00_Primary_Data_Sources_PILAR2b/README_DICIONARIO_ILUC_PIPELINE.md:168,não encontrado,not_flagged,não encontrado,não encontrado,raw_or_reference,yes,,
esd_structure_transmission_line,00_Primary_Data_Sources_PILAR2b/SHAPEFILES_MAPBIOMAS_10.1/INFRAESTRUTURA/archive/structure_transmission_line.zip,2017848,6c7ebeda5eab02540dcaf5d3001afdc4b7a7ad06217ae524698d905f5649ca2e,https://mapbiomas.org,00_Primary_Data_Sources_PILAR2b/README_DICIONARIO_ILUC_PIPELINE.md:168,não encontrado,not_flagged,não encontrado,não encontrado,raw_or_reference,yes,,
esd_structure_transportation_gas_pipeline,00_Primary_Data_Sources_PILAR2b/SHAPEFILES_MAPBIOMAS_10.1/INFRAESTRUTURA/archive/structure_transportation_gas_pipeline.zip,576728,fda54a74c90552035813ccc794a84996dd404f855d0e2b077a59c7166a8ba16f,https://mapbiomas.org,00_Primary_Data_Sources_PILAR2b/README_DICIONARIO_ILUC_PIPELINE.md:168,não encontrado,not_flagged,não encontrado,não encontrado,raw_or_reference,yes,,
esd_structure_transshipment_station,00_Primary_Data_Sources_PILAR2b/SHAPEFILES_MAPBIOMAS_10.1/INFRAESTRUTURA/archive/structure_transshipment_station.zip,11048,63ca573330fe5d22736e440df3a0bf0a234f4dfa51a471bfbc4fba10bdb61fdf,https://mapbiomas.org,00_Primary_Data_Sources_PILAR2b/README_DICIONARIO_ILUC_PIPELINE.md:168,não encontrado,not_flagged,não encontrado,não encontrado,raw_or_reference,yes,,
esd_structure_waterway,00_Primary_Data_Sources_PILAR2b/SHAPEFILES_MAPBIOMAS_10.1/INFRAESTRUTURA/archive/structure_waterway.zip,4098247,1b2606930b311a0271b80d4ad292103f38d0db3957882fefba820218ecf876e0,https://mapbiomas.org,00_Primary_Data_Sources_PILAR2b/README_DICIONARIO_ILUC_PIPELINE.md:168,não encontrado,not_flagged,não encontrado,não encontrado,raw_or_reference,yes,,
esd_structure_wind_power_plant,00_Primary_Data_Sources_PILAR2b/SHAPEFILES_MAPBIOMAS_10.1/INFRAESTRUTURA/archive/structure_wind_power_plant.zip,132884,4fa1d36f3b67f528f63140fc6fe86af8ce1609124d9e9894fc3196dcbcbe4074,https://mapbiomas.org,00_Primary_Data_Sources_PILAR2b/README_DICIONARIO_ILUC_PIPELINE.md:168,não encontrado,not_flagged,não encontrado,não encontrado,raw_or_reference,yes,,
esd_usina_biodiesel,00_Primary_Data_Sources_PILAR2b/SHAPEFILES_MAPBIOMAS_10.1/INFRAESTRUTURA/structure_biodiesel_plant/usina_biodiesel.shp,176161,32e44fd049fc63e0b2df6527ea80b8d3d0e884a0f572e1e4d3950755d6776ba1,https://mapbiomas.org,00_Primary_Data_Sources_PILAR2b/README_DICIONARIO_ILUC_PIPELINE.md:168,não encontrado,not_flagged,não encontrado,não encontrado,raw_or_reference,yes,.dbf;.prj;.shp;.shx,
esd_usina_biogas,00_Primary_Data_Sources_PILAR2b/SHAPEFILES_MAPBIOMAS_10.1/INFRAESTRUTURA/structure_biogas_plant/usina_biogas.shp,1463292,ba819c5a4edc6a2703680abd02528ca3395545b6ab7ec09a30d08ed9cc28bea8,https://mapbiomas.org,00_Primary_Data_Sources_PILAR2b/README_DICIONARIO_ILUC_PIPELINE.md:168,não encontrado,not_flagged,não encontrado,não encontrado,raw_or_reference,yes,.dbf;.prj;.shp;.shx,
esd_usinas_termele_tricas_ute_biomassa,00_Primary_Data_Sources_PILAR2b/SHAPEFILES_MAPBIOMAS_10.1/INFRAESTRUTURA/structure_biomass_thermal_power_plant/Usinas_Termele╠ütricas_UTE_Biomassa.shp,3289832,b1930a6d212794b8f2e19ba301a978d2d1392be71f010d63c286146f8c86adca,https://mapbiomas.org,00_Primary_Data_Sources_PILAR2b/README_DICIONARIO_ILUC_PIPELINE.md:168,não encontrado,not_flagged,não encontrado,não encontrado,raw_or_reference,yes,.dbf;.prj;.shp;.shx,
esd_estacao_compressao,00_Primary_Data_Sources_PILAR2b/SHAPEFILES_MAPBIOMAS_10.1/INFRAESTRUTURA/structure_compression_station/estacao_compressao.shp,75609,aeb858b17d19e3d7d2612e02405cde7daa3c778bbae610e1c49caad7c7b70f3c,https://mapbiomas.org,00_Primary_Data_Sources_PILAR2b/README_DICIONARIO_ILUC_PIPELINE.md:168,não encontrado,not_flagged,não encontrado,não encontrado,raw_or_reference,yes,.dbf;.prj;.shp;.shx,
esd_gasoduto_distribuicao,00_Primary_Data_Sources_PILAR2b/SHAPEFILES_MAPBIOMAS_10.1/INFRAESTRUTURA/structure_distribution_gas_pipeline/gasoduto-distribuicao.shp,9335365,c553cc167a28d5d4d5ece53f826d9294128229a7d36bf752405e01927f315685,https://mapbiomas.org,00_Primary_Data_Sources_PILAR2b/README_DICIONARIO_ILUC_PIPELINE.md:168,não encontrado,not_flagged,não encontrado,não encontrado,raw_or_reference,yes,.dbf;.prj;.shp;.shx,
esd_minaenerge_ticos,00_Primary_Data_Sources_PILAR2b/SHAPEFILES_MAPBIOMAS_10.1/INFRAESTRUTURA/structure_energetic_product_mine/MinaEnerge╠üticos.shp,85932,21fdededc088c4b3280ef5df4df88337538fcc97486be7b762936e893f7a39ac,https://mapbiomas.org,00_Primary_Data_Sources_PILAR2b/README_DICIONARIO_ILUC_PIPELINE.md:168,não encontrado,not_flagged,não encontrado,não encontrado,raw_or_reference,yes,.cpg;.dbf;.prj;.shp;.shx,
esd_usina_etanol,00_Primary_Data_Sources_PILAR2b/SHAPEFILES_MAPBIOMAS_10.1/INFRAESTRUTURA/structure_ethanol_plant/usina_etanol.shp,1015322,34c6d8ed10a05363742c0a60d99d9eb0ba999f7eade89ab5f0b965add98caf18,https://mapbiomas.org,00_Primary_Data_Sources_PILAR2b/README_DICIONARIO_ILUC_PIPELINE.md:168,não encontrado,not_flagged,não encontrado,não encontrado,raw_or_reference,yes,.dbf;.prj;.shp;.shx,
esd_rodovia_federal,00_Primary_Data_Sources_PILAR2b/SHAPEFILES_MAPBIOMAS_10.1/INFRAESTRUTURA/structure_federal_highway/rodovia-federal.shp,23765788,d7c232a94106cdcbda7c960ba5348f4c3917c1d4a62808a41737a9f2f5ef6bc3,https://mapbiomas.org,00_Primary_Data_Sources_PILAR2b/README_DICIONARIO_ILUC_PIPELINE.md:168,não encontrado,not_flagged,não encontrado,não encontrado,raw_or_reference,yes,.dbf;.prj;.shp;.shx,
esd_usinas_termele_tricas_ute_fo_ssil,00_Primary_Data_Sources_PILAR2b/SHAPEFILES_MAPBIOMAS_10.1/INFRAESTRUTURA/structure_fossil_fuel_thermal_power_plant/Usinas_Termele╠ütricas_UTE_Fo╠üssil.shp,13365477,daf22a3fe1329ddaa757bfce07222015d0e9338a0dca7b2aabb3b85696d9c208,https://mapbiomas.org,00_Primary_Data_Sources_PILAR2b/README_DICIONARIO_ILUC_PIPELINE.md:168,não encontrado,not_flagged,não encontrado,não encontrado,raw_or_reference,yes,.dbf;.prj;.shp;.shx,
esd_pontos_entrega,00_Primary_Data_Sources_PILAR2b/SHAPEFILES_MAPBIOMAS_10.1/INFRAESTRUTURA/structure_gas_delivery_point/PONTOS_ENTREGA.shp,362145,1d8950ac9029767ceadd078a84805c795b58a801755dee51a50b464cbb7dc2b0,https://mapbiomas.org,00_Primary_Data_Sources_PILAR2b/README_DICIONARIO_ILUC_PIPELINE.md:168,não encontrado,not_flagged,não encontrado,não encontrado,raw_or_reference,yes,.dbf;.prj;.shp;.shx,
esd_helipontos,00_Primary_Data_Sources_PILAR2b/SHAPEFILES_MAPBIOMAS_10.1/INFRAESTRUTURA/structure_helipad/Helipontos.csv,350362,daa92469208f1f7396f9e21c5cc0478553ed281eeb4f8c85cb90137de32cc64f,https://mapbiomas.org,00_Primary_Data_Sources_PILAR2b/README_DICIONARIO_ILUC_PIPELINE.md:168,não encontrado,not_flagged,não encontrado,não encontrado,raw_or_reference,yes,,
esd_helipontos_2,00_Primary_Data_Sources_PILAR2b/SHAPEFILES_MAPBIOMAS_10.1/INFRAESTRUTURA/structure_helipad/Helipontos.shp,9649486,aeb17174c129db2d0ba819b57c5e4522b69dbe45842a195ffc5061666dc02851,https://mapbiomas.org,00_Primary_Data_Sources_PILAR2b/README_DICIONARIO_ILUC_PIPELINE.md:168,não encontrado,not_flagged,não encontrado,não encontrado,raw_or_reference,yes,.dbf;.prj;.shp;.shx,
esd_usinas_hidrele_tricas_uhe,00_Primary_Data_Sources_PILAR2b/SHAPEFILES_MAPBIOMAS_10.1/INFRAESTRUTURA/structure_hydroelectric_power_plant/Usinas_Hidrele╠ütricas_UHE.shp,861397,6e8e0e5887008b351872b278244caf8bcd3df6aed4e7dbd731492607ce793c73,https://mapbiomas.org,00_Primary_Data_Sources_PILAR2b/README_DICIONARIO_ILUC_PIPELINE.md:168,não encontrado,not_flagged,não encontrado,não encontrado,raw_or_reference,yes,.dbf;.prj;.shp;.shx,
esd_base_glp,00_Primary_Data_Sources_PILAR2b/SHAPEFILES_MAPBIOMAS_10.1/INFRAESTRUTURA/structure_liquefied_petroleum_gas_base/base_glp.shp,709750,dfd91a68940949445afd18458b6548ecc6f6a0c3fc0b7ad4612bb52580772581,https://mapbiomas.org,00_Primary_Data_Sources_PILAR2b/README_DICIONARIO_ILUC_PIPELINE.md:168,não encontrado,not_flagged,não encontrado,não encontrado,raw_or_reference,yes,.dbf;.prj;.shp;.shx,
esd_base_combustivel,00_Primary_Data_Sources_PILAR2b/SHAPEFILES_MAPBIOMAS_10.1/INFRAESTRUTURA/structure_liquid_fuel_base/base_combustivel.shp,365929,0a70ffc7dd22ebbc08d54f1402b8eed3c56ad9266595a30939474961516441f1,https://mapbiomas.org,00_Primary_Data_Sources_PILAR2b/README_DICIONARIO_ILUC_PIPELINE.md:168,não encontrado,not_flagged,não encontrado,não encontrado,raw_or_reference,yes,.dbf;.prj;.shp;.xml;.shx,
esd_eclusa,00_Primary_Data_Sources_PILAR2b/SHAPEFILES_MAPBIOMAS_10.1/INFRAESTRUTURA/structure_lock/eclusa.shp,12614,58c809ecbd952a71b8df56f2cc43fa373ae01e514399c2c2a71026b926c75fb7,https://mapbiomas.org,00_Primary_Data_Sources_PILAR2b/README_DICIONARIO_ILUC_PIPELINE.md:168,não encontrado,not_flagged,não encontrado,não encontrado,raw_or_reference,yes,.dbf;.prj;.shp;.shx,
esd_minameta_licos,00_Primary_Data_Sources_PILAR2b/SHAPEFILES_MAPBIOMAS_10.1/INFRAESTRUTURA/structure_metallic_product_mine/MinaMeta╠ülicos.shp,644516,49d51f92fd711c203b9248ac24d160f6c243c14e806da0d2b3172a7af792dcc4,https://mapbiomas.org,00_Primary_Data_Sources_PILAR2b/README_DICIONARIO_ILUC_PIPELINE.md:168,não encontrado,not_flagged,não encontrado,não encontrado,raw_or_reference,yes,.cpg;.dbf;.prj;.shp;.shx,
esd_mineroduto,00_Primary_Data_Sources_PILAR2b/SHAPEFILES_MAPBIOMAS_10.1/INFRAESTRUTURA/structure_mining_pipeline/mineroduto.shp,325718,091bb2b9cd952817884ef1506ba2aca082e2aa1c0f6fd2bf602b310cc60031fb,https://mapbiomas.org,00_Primary_Data_Sources_PILAR2b/README_DICIONARIO_ILUC_PIPELINE.md:168,não encontrado,not_flagged,não encontrado,não encontrado,raw_or_reference,yes,.cpg;.dbf;.prj;.shp;.shx,
esd_processamento_gas_natural,00_Primary_Data_Sources_PILAR2b/SHAPEFILES_MAPBIOMAS_10.1/INFRAESTRUTURA/structure_natural_gas_processing_unit/processamento_gas_natural.shp,28337,52453a9fd02024b20d4f88cd342b5e63341d815d5be40b84d612c6f05e2b6cb5,https://mapbiomas.org,00_Primary_Data_Sources_PILAR2b/README_DICIONARIO_ILUC_PIPELINE.md:168,não encontrado,not_flagged,não encontrado,não encontrado,raw_or_reference,yes,.dbf;.prj;.shp;.shx,
esd_teminal_petro,00_Primary_Data_Sources_PILAR2b/SHAPEFILES_MAPBIOMAS_10.1/INFRAESTRUTURA/structure_oil_and_oil_products_storage_and_distribution_terminal/teminal_petro.shp,124502,554114c86efc7e5ddc4963f68432eb6af19da5e87f4b98ca568da01c4fd034fe,https://mapbiomas.org,00_Primary_Data_Sources_PILAR2b/README_DICIONARIO_ILUC_PIPELINE.md:168,não encontrado,not_flagged,não encontrado,não encontrado,raw_or_reference,yes,.dbf;.prj;.shp;.shx,
esd_oleoduto,00_Primary_Data_Sources_PILAR2b/SHAPEFILES_MAPBIOMAS_10.1/INFRAESTRUTURA/structure_oil_pipeline/oleoduto.shp,4481332,4a373caf762777c89c428c1444ea864b3fa906248ad56056142f4668e6c1d635,https://mapbiomas.org,00_Primary_Data_Sources_PILAR2b/README_DICIONARIO_ILUC_PIPELINE.md:168,não encontrado,not_flagged,não encontrado,não encontrado,raw_or_reference,yes,.cpg;.dbf;.prj;.shp;.shx,
esd_refinarias_petroleo,00_Primary_Data_Sources_PILAR2b/SHAPEFILES_MAPBIOMAS_10.1/INFRAESTRUTURA/structure_oil_refineries_and_other_processing_facilities/refinarias_petroleo.shp,46008,fd21bd4390d285f5987331a6e658cf39db7d1264b083edcca564b637791b5978,https://mapbiomas.org,00_Primary_Data_Sources_PILAR2b/README_DICIONARIO_ILUC_PIPELINE.md:168,não encontrado,not_flagged,não encontrado,não encontrado,raw_or_reference,yes,.dbf;.prj;.shp;.shx,
esd_outras_inst_port,00_Primary_Data_Sources_PILAR2b/SHAPEFILES_MAPBIOMAS_10.1/INFRAESTRUTURA/structure_other_port_facilities/Outras_inst_port.shp,31937,3a36f283c2dd2abaa073379cff5fd324fd8330733684abc3de248683b2642700,https://mapbiomas.org,00_Primary_Data_Sources_PILAR2b/README_DICIONARIO_ILUC_PIPELINE.md:168,não encontrado,not_flagged,não encontrado,não encontrado,raw_or_reference,yes,.dbf;.prj;.shp;.shx,
esd_minaoutrosprodutos,00_Primary_Data_Sources_PILAR2b/SHAPEFILES_MAPBIOMAS_10.1/INFRAESTRUTURA/structure_other_products_mine/MinaOutrosProdutos.shp,377568,647644b988d276537888f41cef9fb639d88b9a0e9f07003076b4dc04cc280a35,https://mapbiomas.org,00_Primary_Data_Sources_PILAR2b/README_DICIONARIO_ILUC_PIPELINE.md:168,não encontrado,not_flagged,não encontrado,não encontrado,raw_or_reference,yes,.cpg;.dbf;.prj;.shp;.shx,
esd_gasoduto_escoamento,00_Primary_Data_Sources_PILAR2b/SHAPEFILES_MAPBIOMAS_10.1/INFRAESTRUTURA/structure_outflow_gas_pipeline/gasoduto-escoamento.shp,1350753,e103a04e2217f213f07433eb61cb635376da7e30a60abcea46d14231f7c6ff51,https://mapbiomas.org,00_Primary_Data_Sources_PILAR2b/README_DICIONARIO_ILUC_PIPELINE.md:168,não encontrado,not_flagged,não encontrado,não encontrado,raw_or_reference,yes,.dbf;.prj;.shp;.shx,
esd_usina_fotovoltaica_ufv,00_Primary_Data_Sources_PILAR2b/SHAPEFILES_MAPBIOMAS_10.1/INFRAESTRUTURA/structure_photovoltaic_solar_power_plant/Usina_Fotovoltaica_UFV.shp,56967608,498ec8e8abbf1515e5ea6a1e2125ec81b9666bd1ffdbb07874709b502d3b5edb,https://mapbiomas.org,00_Primary_Data_Sources_PILAR2b/README_DICIONARIO_ILUC_PIPELINE.md:168,não encontrado,not_flagged,não encontrado,não encontrado,raw_or_reference,yes,.dbf;.prj;.shp;.shx,
esd_poliduto,00_Primary_Data_Sources_PILAR2b/SHAPEFILES_MAPBIOMAS_10.1/INFRAESTRUTURA/structure_polyduct/poliduto.shp,702878,bec90fa6650b7f459c263d97d9f2861946e25ed1c59a868c35b3b6213971edf8,https://mapbiomas.org,00_Primary_Data_Sources_PILAR2b/README_DICIONARIO_ILUC_PIPELINE.md:168,não encontrado,not_flagged,não encontrado,não encontrado,raw_or_reference,yes,.cpg;.dbf;.prj;.shp;.shx,
esd_instalacao_portuaria_de_turismo,00_Primary_Data_Sources_PILAR2b/SHAPEFILES_MAPBIOMAS_10.1/INFRAESTRUTURA/structure_port_facility_for_tourism/instalacao_portuaria_de_turismo.shp,10385,e9f6142fe807ffc58c049c4958035f3eae949cc5dab97c0a5a0a04d63e1dd251,https://mapbiomas.org,00_Primary_Data_Sources_PILAR2b/README_DICIONARIO_ILUC_PIPELINE.md:168,não encontrado,not_flagged,não encontrado,não encontrado,raw_or_reference,yes,.dbf;.prj;.shp;.shx,
esd_aerodromos_privados,00_Primary_Data_Sources_PILAR2b/SHAPEFILES_MAPBIOMAS_10.1/INFRAESTRUTURA/structure_private_airfield/Aerodromos_Privados.csv,1743237,8cbe9c242f1e155c446dab72310c8d794a8f3698ad6e8b01efc8f89437e5f0fe,https://mapbiomas.org,00_Primary_Data_Sources_PILAR2b/README_DICIONARIO_ILUC_PIPELINE.md:168,não encontrado,not_flagged,não encontrado,não encontrado,raw_or_reference,yes,,
esd_aerodromos_privados_2,00_Primary_Data_Sources_PILAR2b/SHAPEFILES_MAPBIOMAS_10.1/INFRAESTRUTURA/structure_private_airfield/Aerodromos_Privados.shp,20274983,269b4d057edcce7e3965f5f2840b8fd35b4804f2bd088a964711cc465225f057,https://mapbiomas.org,00_Primary_Data_Sources_PILAR2b/README_DICIONARIO_ILUC_PIPELINE.md:168,não encontrado,not_flagged,não encontrado,não encontrado,raw_or_reference,yes,.dbf;.prj;.shp;.shx,
esd_terminal_de_uso_privado,00_Primary_Data_Sources_PILAR2b/SHAPEFILES_MAPBIOMAS_10.1/INFRAESTRUTURA/structure_private_use_terminal/terminal_de_uso_privado.shp,527218,4087af4636bcc8c15f4724ddb401ba4882071a13aa285ef28518a44f7cd1f5da,https://mapbiomas.org,00_Primary_Data_Sources_PILAR2b/README_DICIONARIO_ILUC_PIPELINE.md:168,não encontrado,not_flagged,não encontrado,não encontrado,raw_or_reference,yes,.dbf;.prj;.shp;.xml;.shx,
esd_aerodromospublicos,00_Primary_Data_Sources_PILAR2b/SHAPEFILES_MAPBIOMAS_10.1/INFRAESTRUTURA/structure_public_airfield/AerodromosPublicos.csv,147882,1f74adda2f3cabbd9779a18f1f0557e86022eb13bf575e55289a52380d98b870,https://mapbiomas.org,00_Primary_Data_Sources_PILAR2b/README_DICIONARIO_ILUC_PIPELINE.md:168,não encontrado,not_flagged,não encontrado,não encontrado,raw_or_reference,yes,,
esd_aerodromos_publicos,00_Primary_Data_Sources_PILAR2b/SHAPEFILES_MAPBIOMAS_10.1/INFRAESTRUTURA/structure_public_airfield/Aerodromos_publicos.shp,3282563,61267d252e81443cbc5d4f7ae929f30ed723905ac85365eaba517215e0c21b4a,https://mapbiomas.org,00_Primary_Data_Sources_PILAR2b/README_DICIONARIO_ILUC_PIPELINE.md:168,não encontrado,not_flagged,não encontrado,não encontrado,raw_or_reference,yes,.dbf;.prj;.shp;.shx,
esd_instalacoes_sob_registro,00_Primary_Data_Sources_PILAR2b/SHAPEFILES_MAPBIOMAS_10.1/INFRAESTRUTURA/structure_registered_port_facility/Instalacoes_sob-registro.csv,201523,00b457db669a36994d666635a8886e7c11e783c718c34ab010628f72bfd5d6fb,https://mapbiomas.org,00_Primary_Data_Sources_PILAR2b/README_DICIONARIO_ILUC_PIPELINE.md:168,não encontrado,not_flagged,não encontrado,não encontrado,raw_or_reference,yes,,
esd_instalacoes_sob_registro_2,00_Primary_Data_Sources_PILAR2b/SHAPEFILES_MAPBIOMAS_10.1/INFRAESTRUTURA/structure_registered_port_facility/Instalacoes_sob-registro.shp,1869553,7eb00837f43d49b70e8109b8f72bd1d5a84a70bdaa055db65c3daece86bfb98e,https://mapbiomas.org,00_Primary_Data_Sources_PILAR2b/README_DICIONARIO_ILUC_PIPELINE.md:168,não encontrado,not_flagged,não encontrado,não encontrado,raw_or_reference,yes,.dbf;.prj;.shp;.shx,
esd_frigorificos,00_Primary_Data_Sources_PILAR2b/SHAPEFILES_MAPBIOMAS_10.1/INFRAESTRUTURA/structure_slaughterhouse/frigorificos.shp,470646,ab70078a627e1a8674a2bbd304a44bd06482d18cad494b0b297429b66b897fd3,https://mapbiomas.org,00_Primary_Data_Sources_PILAR2b/README_DICIONARIO_ILUC_PIPELINE.md:168,não encontrado,not_flagged,não encontrado,não encontrado,raw_or_reference,yes,.dbf;.prj;.shp;.shx,
esd_pequenas_centrais_hidrele_tricas_pch,00_Primary_Data_Sources_PILAR2b/SHAPEFILES_MAPBIOMAS_10.1/INFRAESTRUTURA/structure_small_hydropower_plant/Pequenas_Centrais_Hidrele╠ütricas_PCH.shp,2057257,b39e8bfd4ce42b57e930949751bd8e7169b08b9537dcbeb4672be40a94055a66,https://mapbiomas.org,00_Primary_Data_Sources_PILAR2b/README_DICIONARIO_ILUC_PIPELINE.md:168,não encontrado,not_flagged,não encontrado,não encontrado,raw_or_reference,yes,.dbf;.prj;.shp;.shx,
esd_rodovia_estadual,00_Primary_Data_Sources_PILAR2b/SHAPEFILES_MAPBIOMAS_10.1/INFRAESTRUTURA/structure_state_highway/rodovia-estadual.shp,57395191,af9f9e2e2ef29a5d37954025b1c8161a8530df1fc8dd2df3a7003be2cc23fc64,https://mapbiomas.org,00_Primary_Data_Sources_PILAR2b/README_DICIONARIO_ILUC_PIPELINE.md:168,não encontrado,not_flagged,não encontrado,não encontrado,raw_or_reference,yes,.dbf;.prj;.shp;.shx,
esd_se_existente,00_Primary_Data_Sources_PILAR2b/SHAPEFILES_MAPBIOMAS_10.1/INFRAESTRUTURA/structure_substation/SE_EXISTENTE.shp,458629,c6d9c71ab138faa251393efb799597957dbc9fbd33ca5f2077d2271265f65e72,https://mapbiomas.org,00_Primary_Data_Sources_PILAR2b/README_DICIONARIO_ILUC_PIPELINE.md:168,não encontrado,not_flagged,não encontrado,não encontrado,raw_or_reference,yes,.dbf;.prj;.shp;.shx,
esd_termonuclear,00_Primary_Data_Sources_PILAR2b/SHAPEFILES_MAPBIOMAS_10.1/INFRAESTRUTURA/structure_thermonuclear_power_plant/termonuclear.shp,16952,d8438417b0e0cc1d7dfe60c5566d40e6a7023bda320009b887c38b721cde023b,https://mapbiomas.org,00_Primary_Data_Sources_PILAR2b/README_DICIONARIO_ILUC_PIPELINE.md:168,não encontrado,not_flagged,não encontrado,não encontrado,raw_or_reference,yes,.dbf;.prj;.shp;.shx,
esd_lt_existente,00_Primary_Data_Sources_PILAR2b/SHAPEFILES_MAPBIOMAS_10.1/INFRAESTRUTURA/structure_transmission_line/LT_EXISTENTE.shp,4515949,cbbe074b47720180a05eb083e324ac297cbc63342af4e2cc173cce328aaebd3d,https://mapbiomas.org,00_Primary_Data_Sources_PILAR2b/README_DICIONARIO_ILUC_PIPELINE.md:168,não encontrado,not_flagged,não encontrado,não encontrado,raw_or_reference,yes,.dbf;.prj;.shp;.shx,
esd_gasoduto_transporte,00_Primary_Data_Sources_PILAR2b/SHAPEFILES_MAPBIOMAS_10.1/INFRAESTRUTURA/structure_transportation_gas_pipeline/gasoduto-transporte.shp,1242737,21adbfea00079b353c9eb0731c85b9b07de64fc2fe71d031e5610440e83d3c7a,https://mapbiomas.org,00_Primary_Data_Sources_PILAR2b/README_DICIONARIO_ILUC_PIPELINE.md:168,não encontrado,not_flagged,não encontrado,não encontrado,raw_or_reference,yes,.dbf;.prj;.shp;.shx,
esd_estacao_transbordo_de_cargas,00_Primary_Data_Sources_PILAR2b/SHAPEFILES_MAPBIOMAS_10.1/INFRAESTRUTURA/structure_transshipment_station/estacao_transbordo_de_cargas.shp,112001,26e7c21dd670c9edf957b162e9dce359287a16fd6579a5c6fec3d53c7ebdfedf,https://mapbiomas.org,00_Primary_Data_Sources_PILAR2b/README_DICIONARIO_ILUC_PIPELINE.md:168,não encontrado,not_flagged,não encontrado,não encontrado,raw_or_reference,yes,.dbf;.prj;.shp;.shx,
esd_hidrovia,00_Primary_Data_Sources_PILAR2b/SHAPEFILES_MAPBIOMAS_10.1/INFRAESTRUTURA/structure_waterway/hidrovia.shp,5331491,6428b219419b3ac779641c7e30fcc9caf6c929f5f5d1a809d8ac83ac3a715332,https://mapbiomas.org,00_Primary_Data_Sources_PILAR2b/README_DICIONARIO_ILUC_PIPELINE.md:168,não encontrado,not_flagged,não encontrado,não encontrado,raw_or_reference,yes,.dbf;.prj;.shp;.shx,
esd_usina_eolica,00_Primary_Data_Sources_PILAR2b/SHAPEFILES_MAPBIOMAS_10.1/INFRAESTRUTURA/structure_wind_power_plant/Usina_Eolica.shp,5209502,cfa32c759ddc38b8dc751a6d204b513ba06954e51c598f3670434fd2d984d9a1,https://mapbiomas.org,00_Primary_Data_Sources_PILAR2b/README_DICIONARIO_ILUC_PIPELINE.md:168,não encontrado,not_flagged,não encontrado,não encontrado,raw_or_reference,yes,.dbf;.prj;.shp;.shx,
esd_legal_amazon_v3,00_Primary_Data_Sources_PILAR2b/SHAPEFILES_MAPBIOMAS_10.1/LEGAL_AMAZON_v3/LEGAL_AMAZON_v3.shp,3529979,c16239c4e10c3d092d5ab98495cf78376be027929c16675b8c2012d234eca09d,https://mapbiomas.org,00_Primary_Data_Sources_PILAR2b/README_DICIONARIO_ILUC_PIPELINE.md:168,não encontrado,not_flagged,não encontrado,não encontrado,raw_or_reference,yes,.cpg;.dbf;.prj;.shp;.shx,
esd_matopiba_v3,00_Primary_Data_Sources_PILAR2b/SHAPEFILES_MAPBIOMAS_10.1/MATOPIBA_v3/MATOPIBA_v3.shp,285353,1e583879aabbd17468de87d5db7eeb0cba4ce7934f0d67ef12bf5569b484fc16,https://mapbiomas.org,00_Primary_Data_Sources_PILAR2b/README_DICIONARIO_ILUC_PIPELINE.md:168,não encontrado,not_flagged,não encontrado,não encontrado,raw_or_reference,yes,.cpg;.dbf;.prj;.shp;.shx,
esd_metropolitan_regions_v2,00_Primary_Data_Sources_PILAR2b/SHAPEFILES_MAPBIOMAS_10.1/METROPOLITAN_REGIONS_v2/METROPOLITAN_REGIONS_v2.shp,26611903,1ce55d05dfbfedcc7e04989b30aad6414df763937763c081542cef6eda816c13,https://mapbiomas.org,00_Primary_Data_Sources_PILAR2b/README_DICIONARIO_ILUC_PIPELINE.md:168,não encontrado,not_flagged,não encontrado,não encontrado,raw_or_reference,yes,.cpg;.dbf;.prj;.shp;.shx,
esd_municipal_districts_v2,00_Primary_Data_Sources_PILAR2b/SHAPEFILES_MAPBIOMAS_10.1/MUNICIPAL_DISTRICTS_v2/MUNICIPAL_DISTRICTS_v2.shp,357575157,d5bf5de56403899809db516795a4d9a42bdd8158bf3199080bd8248b5ab033c8,https://mapbiomas.org,00_Primary_Data_Sources_PILAR2b/README_DICIONARIO_ILUC_PIPELINE.md:168,não encontrado,not_flagged,não encontrado,não encontrado,raw_or_reference,yes,.cpg;.dbf;.prj;.shp;.shx,
esd_municipal_protected_areas_apa_v1,00_Primary_Data_Sources_PILAR2b/SHAPEFILES_MAPBIOMAS_10.1/MUNICIPAL_PROTECTED_AREAS_APA_v1/MUNICIPAL_PROTECTED_AREAS_APA_v1.shp,6410138,b691c628cdf977e62c255c86465a0e72568226bf97bd1e7c769eea940b34546b,https://mapbiomas.org,00_Primary_Data_Sources_PILAR2b/README_DICIONARIO_ILUC_PIPELINE.md:168,não encontrado,not_flagged,não encontrado,não encontrado,raw_or_reference,yes,.cpg;.dbf;.prj;.shp;.shx,
esd_municipal_protected_areas_integral_protection_v1,00_Primary_Data_Sources_PILAR2b/SHAPEFILES_MAPBIOMAS_10.1/MUNICIPAL_PROTECTED_AREAS_INTEGRAL_PROTECTION_v1/MUNICIPAL_PROTECTED_AREAS_INTEGRAL_PROTECTION_v1.shp,6361254,6efb1afc222505f52178839c29a80d66728dd6842a31abe5f354449e1d493c37,https://mapbiomas.org,00_Primary_Data_Sources_PILAR2b/README_DICIONARIO_ILUC_PIPELINE.md:168,não encontrado,not_flagged,não encontrado,não encontrado,raw_or_reference,yes,.cpg;.dbf;.prj;.shp;.shx,
esd_municipal_protected_areas_sustainable_use_except_apa_v1,00_Primary_Data_Sources_PILAR2b/SHAPEFILES_MAPBIOMAS_10.1/MUNICIPAL_PROTECTED_AREAS_SUSTAINABLE_USE_EXCEPT_APA_v1/MUNICIPAL_PROTECTED_AREAS_SUSTAINABLE_USE_EXCEPT_APA_v1.shp,1098334,9bcf8bd59deb6284a0b38fa48cad4497f694d5cae20c28a3e1c1ce99341a3ebc,https://mapbiomas.org,00_Primary_Data_Sources_PILAR2b/README_DICIONARIO_ILUC_PIPELINE.md:168,não encontrado,not_flagged,não encontrado,não encontrado,raw_or_reference,yes,.cpg;.dbf;.prj;.shp;.shx,
esd_political_level_1_v1,00_Primary_Data_Sources_PILAR2b/SHAPEFILES_MAPBIOMAS_10.1/POLITICAL_LEVEL_1_v1/POLITICAL_LEVEL_1_v1.shp,7919179,7af89c09e34216b2cbea56cc335f6bd0ed7be5db02289902859b6f5695523a03,https://mapbiomas.org,00_Primary_Data_Sources_PILAR2b/README_DICIONARIO_ILUC_PIPELINE.md:168,não encontrado,not_flagged,não encontrado,não encontrado,raw_or_reference,yes,.cpg;.dbf;.prj;.shp;.shx,
esd_political_level_2_v14,00_Primary_Data_Sources_PILAR2b/SHAPEFILES_MAPBIOMAS_10.1/POLITICAL_LEVEL_2_v14/POLITICAL_LEVEL_2_v14.shp,14600466,8cd33cf3709777c1d8caafa4487f46d85a6b11a26a936b11257006a5c6b58cb4,https://mapbiomas.org,00_Primary_Data_Sources_PILAR2b/README_DICIONARIO_ILUC_PIPELINE.md:168,não encontrado,not_flagged,não encontrado,não encontrado,raw_or_reference,yes,.cpg;.dbf;.prj;.shp;.shx,
esd_political_level_3_v12,00_Primary_Data_Sources_PILAR2b/SHAPEFILES_MAPBIOMAS_10.1/POLITICAL_LEVEL_3_v12/POLITICAL_LEVEL_3_v12.shp,20034815,984bb240997497f8671c7a433f8a4a6b16ffe9fc46bb67f4ab8b4674c37232a0,https://mapbiomas.org,00_Primary_Data_Sources_PILAR2b/README_DICIONARIO_ILUC_PIPELINE.md:168,não encontrado,not_flagged,não encontrado,não encontrado,raw_or_reference,yes,.cpg;.dbf;.prj;.shp;.shx,
esd_political_level_4_v3,00_Primary_Data_Sources_PILAR2b/SHAPEFILES_MAPBIOMAS_10.1/POLITICAL_LEVEL_4_v3/POLITICAL_LEVEL_4_v3.shp,300892480,94de1e4ca1080967e360c0cea6f8f8a1a2282db2a43403f40b749dfee3cd4c17,https://mapbiomas.org,00_Primary_Data_Sources_PILAR2b/README_DICIONARIO_ILUC_PIPELINE.md:168,não encontrado,not_flagged,não encontrado,não encontrado,raw_or_reference,yes,.cpg;.dbf;.prj;.shp;.shx,
esd_quilombos_v2,00_Primary_Data_Sources_PILAR2b/SHAPEFILES_MAPBIOMAS_10.1/QUILOMBOS_v2/QUILOMBOS_v2.shp,4663785,8a4bc465b686a054e899f27079bb3905512188636885d9626b602714688f072f,https://mapbiomas.org,00_Primary_Data_Sources_PILAR2b/README_DICIONARIO_ILUC_PIPELINE.md:168,não encontrado,not_flagged,não encontrado,não encontrado,raw_or_reference,yes,.cpg;.dbf;.prj;.shp;.shx,
esd_reserva_da_biosfera_v3,00_Primary_Data_Sources_PILAR2b/SHAPEFILES_MAPBIOMAS_10.1/RESERVA_DA_BIOSFERA_v3/RESERVA_DA_BIOSFERA_v3.shp,9960689,eee94768e0340d20a2dfc7b9751292fe6618eedfc5a8b174b81fa765716936e8,https://mapbiomas.org,00_Primary_Data_Sources_PILAR2b/README_DICIONARIO_ILUC_PIPELINE.md:168,não encontrado,not_flagged,não encontrado,não encontrado,raw_or_reference,yes,.cpg;.dbf;.prj;.shp;.shx,
esd_risk_sectors_bater_ibge_v2,00_Primary_Data_Sources_PILAR2b/SHAPEFILES_MAPBIOMAS_10.1/RISK_SECTORS_BATER_IBGE_v2/RISK_SECTORS_BATER_IBGE_v2.shp,22359232,4a6bcf53250b120e620d4d5c8b673eb309d039698427802846be2ff5c7287dea,https://mapbiomas.org,00_Primary_Data_Sources_PILAR2b/README_DICIONARIO_ILUC_PIPELINE.md:168,não encontrado,not_flagged,não encontrado,não encontrado,raw_or_reference,yes,.cpg;.dbf;.prj;.shp;.shx,
esd_rural_census_tracts_v1,00_Primary_Data_Sources_PILAR2b/SHAPEFILES_MAPBIOMAS_10.1/RURAL_CENSUS_TRACTS_v1/RURAL_CENSUS_TRACTS_v1.shp,331731648,67d3d6f7b4d515e9dd44e4a4c100f9068e539f5bcfcab403dca8a9d1f2c7fd7d,https://mapbiomas.org,00_Primary_Data_Sources_PILAR2b/README_DICIONARIO_ILUC_PIPELINE.md:168,não encontrado,not_flagged,não encontrado,não encontrado,raw_or_reference,yes,.cpg;.dbf;.prj;.shp;.shx,
esd_semiarid_v2,00_Primary_Data_Sources_PILAR2b/SHAPEFILES_MAPBIOMAS_10.1/SEMIARID_v2/SEMIARID_v2.shp,2711333,fb3f0af96862e934d7dfa00cdaade690378ce9fbb80cc1b650a83e2671c12a82,https://mapbiomas.org,00_Primary_Data_Sources_PILAR2b/README_DICIONARIO_ILUC_PIPELINE.md:168,não encontrado,not_flagged,não encontrado,não encontrado,raw_or_reference,yes,.cpg;.dbf;.prj;.shp;.shx,
esd_settlements_v3,00_Primary_Data_Sources_PILAR2b/SHAPEFILES_MAPBIOMAS_10.1/SETTLEMENTS_v3/SETTLEMENTS_v3.shp,57077380,562ebacab1ae922e419db81c498c6c12d5690b11e6075ede464daa9dade927df,https://mapbiomas.org,00_Primary_Data_Sources_PILAR2b/README_DICIONARIO_ILUC_PIPELINE.md:168,não encontrado,not_flagged,não encontrado,não encontrado,raw_or_reference,yes,.cpg;.dbf;.prj;.shp;.shx,
esd_slums_and_poor_urban_communities_v1,00_Primary_Data_Sources_PILAR2b/SHAPEFILES_MAPBIOMAS_10.1/SLUMS_AND_POOR_URBAN_COMMUNITIES_v1/SLUMS_AND_POOR_URBAN_COMMUNITIES_v1.shp,46784456,3a8c38f1a3f65b20812b150d1cbef22ac9c0cdfbe8e3258ed5c5956d5079f85b,https://mapbiomas.org,00_Primary_Data_Sources_PILAR2b/README_DICIONARIO_ILUC_PIPELINE.md:168,não encontrado,not_flagged,não encontrado,não encontrado,raw_or_reference,yes,.cpg;.dbf;.prj;.shp;.shx,
esd_state_protected_areas_apa_v1,00_Primary_Data_Sources_PILAR2b/SHAPEFILES_MAPBIOMAS_10.1/STATE_PROTECTED_AREAS_APA_v1/STATE_PROTECTED_AREAS_APA_v1.shp,13814329,d908d65079c5db180f329c6d6a23b744683c30fa84d85a4ac39382933d14a0e1,https://mapbiomas.org,00_Primary_Data_Sources_PILAR2b/README_DICIONARIO_ILUC_PIPELINE.md:168,não encontrado,not_flagged,não encontrado,não encontrado,raw_or_reference,yes,.cpg;.dbf;.prj;.shp;.shx,
esd_state_protected_areas_integral_protection_v2,00_Primary_Data_Sources_PILAR2b/SHAPEFILES_MAPBIOMAS_10.1/STATE_PROTECTED_AREAS_INTEGRAL_PROTECTION_v2 (1)/STATE_PROTECTED_AREAS_INTEGRAL_PROTECTION_v2.shp,17806630,e780bcaaab96bc9379412fdaa66c8a424990dd7173ec0d1b474fc68c12aedb88,https://mapbiomas.org,00_Primary_Data_Sources_PILAR2b/README_DICIONARIO_ILUC_PIPELINE.md:168,não encontrado,not_flagged,não encontrado,não encontrado,raw_or_reference,yes,.cpg;.dbf;.prj;.shp;.shx,
esd_state_protected_areas_integral_protection_v2_2,00_Primary_Data_Sources_PILAR2b/SHAPEFILES_MAPBIOMAS_10.1/STATE_PROTECTED_AREAS_INTEGRAL_PROTECTION_v2/STATE_PROTECTED_AREAS_INTEGRAL_PROTECTION_v2.shp,17806630,e780bcaaab96bc9379412fdaa66c8a424990dd7173ec0d1b474fc68c12aedb88,https://mapbiomas.org,00_Primary_Data_Sources_PILAR2b/README_DICIONARIO_ILUC_PIPELINE.md:168,não encontrado,not_flagged,não encontrado,não encontrado,raw_or_reference,yes,.cpg;.dbf;.prj;.shp;.shx,
esd_state_protected_areas_sustainable_use_except_apa_v2,00_Primary_Data_Sources_PILAR2b/SHAPEFILES_MAPBIOMAS_10.1/STATE_PROTECTED_AREAS_SUSTAINABLE_USE_EXCEPT_APA_v2 (1)/STATE_PROTECTED_AREAS_SUSTAINABLE_USE_EXCEPT_APA_v2.shp,8475512,1c48656cfafcd75f2df3331e198b381c86a4c8a6144fae362d1e26256b617094,https://mapbiomas.org,00_Primary_Data_Sources_PILAR2b/README_DICIONARIO_ILUC_PIPELINE.md:168,não encontrado,not_flagged,não encontrado,não encontrado,raw_or_reference,yes,.cpg;.dbf;.prj;.shp;.shx,
esd_state_protected_areas_sustainable_use_except_apa_v2_2,00_Primary_Data_Sources_PILAR2b/SHAPEFILES_MAPBIOMAS_10.1/STATE_PROTECTED_AREAS_SUSTAINABLE_USE_EXCEPT_APA_v2/STATE_PROTECTED_AREAS_SUSTAINABLE_USE_EXCEPT_APA_v2.shp,8475512,1c48656cfafcd75f2df3331e198b381c86a4c8a6144fae362d1e26256b617094,https://mapbiomas.org,00_Primary_Data_Sources_PILAR2b/README_DICIONARIO_ILUC_PIPELINE.md:168,não encontrado,not_flagged,não encontrado,não encontrado,raw_or_reference,yes,.cpg;.dbf;.prj;.shp;.shx,
esd_state_units_planning_management_water_resources_v1,00_Primary_Data_Sources_PILAR2b/SHAPEFILES_MAPBIOMAS_10.1/STATE_UNITS_PLANNING_MANAGEMENT_WATER_RESOURCES_v1/STATE_UNITS_PLANNING_MANAGEMENT_WATER_RESOURCES_v1.shp,28908139,63501988b61e0ad13772048c2a13b67ae1148a2df756a56996edd00a7242fcfa,https://mapbiomas.org,00_Primary_Data_Sources_PILAR2b/README_DICIONARIO_ILUC_PIPELINE.md:168,não encontrado,not_flagged,não encontrado,não encontrado,raw_or_reference,yes,.cpg;.dbf;.prj;.shp;.shx,
esd_ugrhs_v3,00_Primary_Data_Sources_PILAR2b/SHAPEFILES_MAPBIOMAS_10.1/UGRHS_v3/UGRHS_v3.shp,17378596,8ce10190232c8cef5eccd474ecec6c28965e92f78de68c7d90259ed8bb1fff05,https://mapbiomas.org,00_Primary_Data_Sources_PILAR2b/README_DICIONARIO_ILUC_PIPELINE.md:168,não encontrado,not_flagged,não encontrado,não encontrado,raw_or_reference,yes,.cpg;.dbf;.prj;.shp;.shx,
esd_urban_census_tracts_v1,00_Primary_Data_Sources_PILAR2b/SHAPEFILES_MAPBIOMAS_10.1/URBAN_CENSUS_TRACTS_v1/URBAN_CENSUS_TRACTS_v1.shp,66504860,2f04bc27304a5829ae767f6126f92a19fa3c0f0b11f4b426510d3a2a2cafbe09,https://mapbiomas.org,00_Primary_Data_Sources_PILAR2b/README_DICIONARIO_ILUC_PIPELINE.md:168,não encontrado,not_flagged,não encontrado,não encontrado,raw_or_reference,yes,.cpg;.dbf;.prj;.shp;.shx,
esd_urban_concentration_v2,00_Primary_Data_Sources_PILAR2b/SHAPEFILES_MAPBIOMAS_10.1/URBAN_CONCENTRATION_v2/URBAN_CONCENTRATION_v2.shp,22919008,2b0cff8bb556a378b742100f6a125678c16cf445ea652ba09b3a5567195483ac,https://mapbiomas.org,00_Primary_Data_Sources_PILAR2b/README_DICIONARIO_ILUC_PIPELINE.md:168,não encontrado,not_flagged,não encontrado,não encontrado,raw_or_reference,yes,.cpg;.dbf;.prj;.shp;.shx,
esd_amacro_v3_2,00_Primary_Data_Sources_PILAR2b/SHAPEFILES_MAPBIOMAS_10.1/archive/AMACRO_v3.zip,1212909,ce03e596a29a752e8485ad4e36a9a5c21fbdc9a80b2fcf93eba08dfe64d9254d,https://mapbiomas.org,00_Primary_Data_Sources_PILAR2b/README_DICIONARIO_ILUC_PIPELINE.md:168,não encontrado,not_flagged,não encontrado,não encontrado,raw_or_reference,yes,,
esd_areas_prioritarias_do_mma_2018_v2_2,00_Primary_Data_Sources_PILAR2b/SHAPEFILES_MAPBIOMAS_10.1/archive/AREAS_PRIORITARIAS_DO_MMA_2018_v2.zip,115730664,6e08a495a6cb98f92fb867ae59d9c3c8128faf55ae95539884cc229082d8de56,https://mapbiomas.org,00_Primary_Data_Sources_PILAR2b/README_DICIONARIO_ILUC_PIPELINE.md:168,não encontrado,not_flagged,não encontrado,2018,raw_or_reference,yes,,
esd_atlantic_forest_law_v3_2,00_Primary_Data_Sources_PILAR2b/SHAPEFILES_MAPBIOMAS_10.1/archive/ATLANTIC_FOREST_LAW_v3.zip,5148245,122605c48e25ec1f82d292e96fc83aa9468cdd81939788830e20645fb17e752b,https://mapbiomas.org,00_Primary_Data_Sources_PILAR2b/README_DICIONARIO_ILUC_PIPELINE.md:168,não encontrado,not_flagged,não encontrado,não encontrado,raw_or_reference,yes,,
esd_basin_level_1_dnaee_v3_2,00_Primary_Data_Sources_PILAR2b/SHAPEFILES_MAPBIOMAS_10.1/archive/BASIN_LEVEL_1_DNAEE_v3.zip,113214,1f75f4663b76b8bab792dd99481894a2a82f8ff5d602278d594670939acb778f,https://mapbiomas.org,00_Primary_Data_Sources_PILAR2b/README_DICIONARIO_ILUC_PIPELINE.md:168,não encontrado,not_flagged,não encontrado,não encontrado,raw_or_reference,yes,,
esd_basin_level_1_pnrh_v3_2,00_Primary_Data_Sources_PILAR2b/SHAPEFILES_MAPBIOMAS_10.1/archive/BASIN_LEVEL_1_PNRH_v3.zip,3327032,357500f0c4c752b480ecf8f52fdb6af50263663ddb63742fa47dea7c841d475c,https://mapbiomas.org,00_Primary_Data_Sources_PILAR2b/README_DICIONARIO_ILUC_PIPELINE.md:168,não encontrado,not_flagged,não encontrado,não encontrado,raw_or_reference,yes,,
esd_basin_level_2_dnaee_v3_2,00_Primary_Data_Sources_PILAR2b/SHAPEFILES_MAPBIOMAS_10.1/archive/BASIN_LEVEL_2_DNAEE_v3.zip,399942,e46fc5419d91c6ee6904a3395c38e29dde49c9ba6d7f9074919a408adba6b7be,https://mapbiomas.org,00_Primary_Data_Sources_PILAR2b/README_DICIONARIO_ILUC_PIPELINE.md:168,não encontrado,not_flagged,não encontrado,não encontrado,raw_or_reference,yes,,
esd_basin_level_2_pnrh_v3_2,00_Primary_Data_Sources_PILAR2b/SHAPEFILES_MAPBIOMAS_10.1/archive/BASIN_LEVEL_2_PNRH_v3.zip,5973642,398252d9a55041bb0c74ab3fc4bc86950eb3827925cc04d1e501f31fe0430a15,https://mapbiomas.org,00_Primary_Data_Sources_PILAR2b/README_DICIONARIO_ILUC_PIPELINE.md:168,não encontrado,not_flagged,não encontrado,não encontrado,raw_or_reference,yes,,
esd_biomes_v2_2,00_Primary_Data_Sources_PILAR2b/SHAPEFILES_MAPBIOMAS_10.1/archive/BIOMES_v2.zip,19605926,568cc2d09fad4c2cfb15ed039a1260ed723be7d8ed4389db341d7470a3bc45d3,https://mapbiomas.org,00_Primary_Data_Sources_PILAR2b/README_DICIONARIO_ILUC_PIPELINE.md:168,não encontrado,not_flagged,não encontrado,não encontrado,raw_or_reference,yes,,
esd_bolsa_verde_program_mma_v2_2,00_Primary_Data_Sources_PILAR2b/SHAPEFILES_MAPBIOMAS_10.1/archive/BOLSA_VERDE_PROGRAM_MMA_v2.zip,19489599,ef443dbd5805b197b538f303eded48ed8e005c5223256e353c0f50d3b00ab735,https://mapbiomas.org,00_Primary_Data_Sources_PILAR2b/README_DICIONARIO_ILUC_PIPELINE.md:168,não encontrado,not_flagged,não encontrado,não encontrado,raw_or_reference,yes,,
esd_census_tracts_v1_2,00_Primary_Data_Sources_PILAR2b/SHAPEFILES_MAPBIOMAS_10.1/archive/CENSUS_TRACTS_v1.zip,2981200555,ab6ba24a6e540e2b6bb9ede20d14837a7d853ebcb5b91034092842601252941c,https://mapbiomas.org,00_Primary_Data_Sources_PILAR2b/README_DICIONARIO_ILUC_PIPELINE.md:168,não encontrado,not_flagged,não encontrado,não encontrado,raw_or_reference,yes,,
esd_coastal_marine_zone_v3_2,00_Primary_Data_Sources_PILAR2b/SHAPEFILES_MAPBIOMAS_10.1/archive/COASTAL_MARINE_ZONE_v3.zip,3158179,961897d49c1a96e9d7402080552180704dcb2f14b79e5f7702d8a108dc8413ad,https://mapbiomas.org,00_Primary_Data_Sources_PILAR2b/README_DICIONARIO_ILUC_PIPELINE.md:168,não encontrado,not_flagged,não encontrado,não encontrado,raw_or_reference,yes,,
esd_concessoes_florestais_v2_2,00_Primary_Data_Sources_PILAR2b/SHAPEFILES_MAPBIOMAS_10.1/archive/CONCESSOES_FLORESTAIS_v2.zip,343087,4131fc2b01eb89f9e7af58de1f7c68f87b5fe0d762fe42936821a9219517fd43,https://mapbiomas.org,00_Primary_Data_Sources_PILAR2b/README_DICIONARIO_ILUC_PIPELINE.md:168,não encontrado,not_flagged,não encontrado,não encontrado,raw_or_reference,yes,,
esd_dhn250_level_1_v2_2,00_Primary_Data_Sources_PILAR2b/SHAPEFILES_MAPBIOMAS_10.1/archive/DHN250_LEVEL_1_v2.zip,21221752,78cdf8f431361dc520d354315931f94b788014f6de1ed9f3987df41bab42f2d0,https://mapbiomas.org,00_Primary_Data_Sources_PILAR2b/README_DICIONARIO_ILUC_PIPELINE.md:168,não encontrado,not_flagged,não encontrado,não encontrado,raw_or_reference,yes,,
esd_dhn250_level_2_v3_2,00_Primary_Data_Sources_PILAR2b/SHAPEFILES_MAPBIOMAS_10.1/archive/DHN250_LEVEL_2_v3.zip,36826042,7807d9f2687c470700eaa2b6ba41b920149c1ff1c8c46cf7a80cf6c775504200,https://mapbiomas.org,00_Primary_Data_Sources_PILAR2b/README_DICIONARIO_ILUC_PIPELINE.md:168,não encontrado,not_flagged,não encontrado,não encontrado,raw_or_reference,yes,,
esd_dhn250_level_3_v4_2,00_Primary_Data_Sources_PILAR2b/SHAPEFILES_MAPBIOMAS_10.1/archive/DHN250_LEVEL_3_v4.zip,71434842,e06fb6dc4e205a5a8bd38c0b9e9ac97bd7d713c86918be25add1ef3e17a23a36,https://mapbiomas.org,00_Primary_Data_Sources_PILAR2b/README_DICIONARIO_ILUC_PIPELINE.md:168,não encontrado,not_flagged,não encontrado,não encontrado,raw_or_reference,yes,,
esd_federal_protected_areas_apa_v1_1,00_Primary_Data_Sources_PILAR2b/SHAPEFILES_MAPBIOMAS_10.1/archive/FEDERAL_PROTECTED_AREAS_APA_v1 (1).zip,3904316,d4d0687025f216983af0f264ebdea3d28ba6ee02fbb5b59bb652b70ac181ab3b,https://mapbiomas.org,00_Primary_Data_Sources_PILAR2b/README_DICIONARIO_ILUC_PIPELINE.md:168,não encontrado,not_flagged,não encontrado,não encontrado,raw_or_reference,yes,,
esd_federal_protected_areas_apa_v1_3,00_Primary_Data_Sources_PILAR2b/SHAPEFILES_MAPBIOMAS_10.1/archive/FEDERAL_PROTECTED_AREAS_APA_v1.zip,3904316,d4d0687025f216983af0f264ebdea3d28ba6ee02fbb5b59bb652b70ac181ab3b,https://mapbiomas.org,00_Primary_Data_Sources_PILAR2b/README_DICIONARIO_ILUC_PIPELINE.md:168,não encontrado,not_flagged,não encontrado,não encontrado,raw_or_reference,yes,,
esd_federal_protected_areas_integral_protection_v2_2,00_Primary_Data_Sources_PILAR2b/SHAPEFILES_MAPBIOMAS_10.1/archive/FEDERAL_PROTECTED_AREAS_INTEGRAL_PROTECTION_v2.zip,10178136,3e3e08abfacc4ab9db9570d32877d31a864b8f1e153a747196e36e48777948ad,https://mapbiomas.org,00_Primary_Data_Sources_PILAR2b/README_DICIONARIO_ILUC_PIPELINE.md:168,não encontrado,not_flagged,não encontrado,não encontrado,raw_or_reference,yes,,
esd_federal_protected_areas_sustainable_use_except_apa_v2_2,00_Primary_Data_Sources_PILAR2b/SHAPEFILES_MAPBIOMAS_10.1/archive/FEDERAL_PROTECTED_AREAS_SUSTAINABLE_USE_EXCEPT_APA_v2.zip,13588542,07efccfecaf1993283abb40f1a0ae6175365882f1080a39086eeeb17ab32a94d,https://mapbiomas.org,00_Primary_Data_Sources_PILAR2b/README_DICIONARIO_ILUC_PIPELINE.md:168,não encontrado,not_flagged,não encontrado,não encontrado,raw_or_reference,yes,,
esd_florestas_publicas_nao_destinadas_v26_2,00_Primary_Data_Sources_PILAR2b/SHAPEFILES_MAPBIOMAS_10.1/archive/FLORESTAS_PUBLICAS_NAO_DESTINADAS_v26.zip,223844640,f913aeb499687795ab194381b519203ef2effff45010b1f78d5ae4fcb4ed1953,https://mapbiomas.org,00_Primary_Data_Sources_PILAR2b/README_DICIONARIO_ILUC_PIPELINE.md:168,não encontrado,not_flagged,não encontrado,não encontrado,raw_or_reference,yes,,
esd_geoparques_v3_2,00_Primary_Data_Sources_PILAR2b/SHAPEFILES_MAPBIOMAS_10.1/archive/GEOPARQUES_v3.zip,100629,737d03d03c60a4c8206713c83b080877fe7ee2e25a99b22b29114d73a81f8781,https://mapbiomas.org,00_Primary_Data_Sources_PILAR2b/README_DICIONARIO_ILUC_PIPELINE.md:168,não encontrado,not_flagged,não encontrado,não encontrado,raw_or_reference,yes,,
esd_indigenous_territories_v3_2,00_Primary_Data_Sources_PILAR2b/SHAPEFILES_MAPBIOMAS_10.1/archive/INDIGENOUS_TERRITORIES_v3.zip,27562886,1ff5aa7c9771255992ef46744a3366435815799c97aa9665fe91cca7d1c1a556,https://mapbiomas.org,00_Primary_Data_Sources_PILAR2b/README_DICIONARIO_ILUC_PIPELINE.md:168,não encontrado,not_flagged,não encontrado,não encontrado,raw_or_reference,yes,,
esd_legal_amazon_v3_2,00_Primary_Data_Sources_PILAR2b/SHAPEFILES_MAPBIOMAS_10.1/archive/LEGAL_AMAZON_v3.zip,3530571,151abdf7e5ed12cfafc879a3524dbf06f1f3268d4480aa0cf51e219cb1a3c9f4,https://mapbiomas.org,00_Primary_Data_Sources_PILAR2b/README_DICIONARIO_ILUC_PIPELINE.md:168,não encontrado,not_flagged,não encontrado,não encontrado,raw_or_reference,yes,,
esd_matopiba_v3_2,00_Primary_Data_Sources_PILAR2b/SHAPEFILES_MAPBIOMAS_10.1/archive/MATOPIBA_v3.zip,285905,46a2a5ce74982aebc93ce57358129ac2d919be711f6532468a39af605a477590,https://mapbiomas.org,00_Primary_Data_Sources_PILAR2b/README_DICIONARIO_ILUC_PIPELINE.md:168,não encontrado,not_flagged,não encontrado,não encontrado,raw_or_reference,yes,,
esd_metropolitan_regions_v2_2,00_Primary_Data_Sources_PILAR2b/SHAPEFILES_MAPBIOMAS_10.1/archive/METROPOLITAN_REGIONS_v2.zip,26612575,0f8620f0604c439fbaf9c2119b5e76b75083c6c4db2a8486c5939b07906cf3d3,https://mapbiomas.org,00_Primary_Data_Sources_PILAR2b/README_DICIONARIO_ILUC_PIPELINE.md:168,não encontrado,not_flagged,não encontrado,não encontrado,raw_or_reference,yes,,
esd_municipal_districts_v2_2,00_Primary_Data_Sources_PILAR2b/SHAPEFILES_MAPBIOMAS_10.1/archive/MUNICIPAL_DISTRICTS_v2.zip,357575819,f15c7e69ad2afc212b7f6b78da85a48aac424b16215357339870423069e9588f,https://mapbiomas.org,00_Primary_Data_Sources_PILAR2b/README_DICIONARIO_ILUC_PIPELINE.md:168,não encontrado,not_flagged,não encontrado,não encontrado,raw_or_reference,yes,,
esd_municipal_protected_areas_apa_v1_2,00_Primary_Data_Sources_PILAR2b/SHAPEFILES_MAPBIOMAS_10.1/archive/MUNICIPAL_PROTECTED_AREAS_APA_v1.zip,6410900,c4b21ea1325628e1ecd93f172a0d91c194fb59efeb4411b4cf96862b5df1c180,https://mapbiomas.org,00_Primary_Data_Sources_PILAR2b/README_DICIONARIO_ILUC_PIPELINE.md:168,não encontrado,not_flagged,não encontrado,não encontrado,raw_or_reference,yes,,
esd_municipal_protected_areas_integral_protection_v1_2,00_Primary_Data_Sources_PILAR2b/SHAPEFILES_MAPBIOMAS_10.1/archive/MUNICIPAL_PROTECTED_AREAS_INTEGRAL_PROTECTION_v1.zip,6362176,67b8860c5a20692e45fdfef2f60f4de91013f237d2176afb922fa6b167d76fa0,https://mapbiomas.org,00_Primary_Data_Sources_PILAR2b/README_DICIONARIO_ILUC_PIPELINE.md:168,não encontrado,not_flagged,não encontrado,não encontrado,raw_or_reference,yes,,
esd_municipal_protected_areas_sustainable_use_except_apa_v1_2,00_Primary_Data_Sources_PILAR2b/SHAPEFILES_MAPBIOMAS_10.1/archive/MUNICIPAL_PROTECTED_AREAS_SUSTAINABLE_USE_EXCEPT_APA_v1.zip,1099326,7f44d46446bb8200911d2ba910b0737cadc459704af61a0e577c552cc4c8f3ed,https://mapbiomas.org,00_Primary_Data_Sources_PILAR2b/README_DICIONARIO_ILUC_PIPELINE.md:168,não encontrado,not_flagged,não encontrado,não encontrado,raw_or_reference,yes,,
esd_political_level_1_v1_2,00_Primary_Data_Sources_PILAR2b/SHAPEFILES_MAPBIOMAS_10.1/archive/POLITICAL_LEVEL_1_v1.zip,7919821,111b7fbf544ec49031879a36d07da43eb46d31b738a2649ca98aab4d1985ce27,https://mapbiomas.org,00_Primary_Data_Sources_PILAR2b/README_DICIONARIO_ILUC_PIPELINE.md:168,não encontrado,not_flagged,não encontrado,não encontrado,raw_or_reference,yes,,
esd_political_level_2_v14_2,00_Primary_Data_Sources_PILAR2b/SHAPEFILES_MAPBIOMAS_10.1/archive/POLITICAL_LEVEL_2_v14.zip,14601118,527c6cd5b7f69fd593f129fdbaae7cf6ab18dfcccbcf2c739eba0adfc8904d31,https://mapbiomas.org,00_Primary_Data_Sources_PILAR2b/README_DICIONARIO_ILUC_PIPELINE.md:168,não encontrado,not_flagged,não encontrado,não encontrado,raw_or_reference,yes,,
esd_political_level_3_v12_2,00_Primary_Data_Sources_PILAR2b/SHAPEFILES_MAPBIOMAS_10.1/archive/POLITICAL_LEVEL_3_v12.zip,20035467,b0e81e61d92da479484ee3750941cd594568c240e2bcc6d695ff0236b7534af1,https://mapbiomas.org,00_Primary_Data_Sources_PILAR2b/README_DICIONARIO_ILUC_PIPELINE.md:168,não encontrado,not_flagged,não encontrado,não encontrado,raw_or_reference,yes,,
esd_political_level_4_v3_2,00_Primary_Data_Sources_PILAR2b/SHAPEFILES_MAPBIOMAS_10.1/archive/POLITICAL_LEVEL_4_v3.zip,300893122,071a1910d25f8c87fd90256b059407d26db04275e11c980c412ee7194ddeeab5,https://mapbiomas.org,00_Primary_Data_Sources_PILAR2b/README_DICIONARIO_ILUC_PIPELINE.md:168,não encontrado,not_flagged,não encontrado,não encontrado,raw_or_reference,yes,,
esd_quilombos_v2_2,00_Primary_Data_Sources_PILAR2b/SHAPEFILES_MAPBIOMAS_10.1/archive/QUILOMBOS_v2.zip,4664347,b6f4b8d5f20aa51a30e890c513ec8158dfcf45cb07d45570d0c0054aa4a016a8,https://mapbiomas.org,00_Primary_Data_Sources_PILAR2b/README_DICIONARIO_ILUC_PIPELINE.md:168,não encontrado,not_flagged,não encontrado,não encontrado,raw_or_reference,yes,,
esd_reserva_da_biosfera_v3_2,00_Primary_Data_Sources_PILAR2b/SHAPEFILES_MAPBIOMAS_10.1/archive/RESERVA_DA_BIOSFERA_v3.zip,9961351,c1fcea7b2fc0dbdd3c4b49c94ec611c6e7d0baef0740ca426c3c220aa13efb5e,https://mapbiomas.org,00_Primary_Data_Sources_PILAR2b/README_DICIONARIO_ILUC_PIPELINE.md:168,não encontrado,not_flagged,não encontrado,não encontrado,raw_or_reference,yes,,
esd_risk_sectors_bater_ibge_v2_2,00_Primary_Data_Sources_PILAR2b/SHAPEFILES_MAPBIOMAS_10.1/archive/RISK_SECTORS_BATER_IBGE_v2.zip,22359934,b433ef0f24c7f80fdcb60e60338dde7d21408e1411564db2342e3dda22efb7c6,https://mapbiomas.org,00_Primary_Data_Sources_PILAR2b/README_DICIONARIO_ILUC_PIPELINE.md:168,não encontrado,not_flagged,não encontrado,não encontrado,raw_or_reference,yes,,
esd_rural_census_tracts_v1_2,00_Primary_Data_Sources_PILAR2b/SHAPEFILES_MAPBIOMAS_10.1/archive/RURAL_CENSUS_TRACTS_v1.zip,331732310,3280a23463d4a27ef38415556794dbc0b2d0afe9ecb1df5485fbf542fed853f2,https://mapbiomas.org,00_Primary_Data_Sources_PILAR2b/README_DICIONARIO_ILUC_PIPELINE.md:168,não encontrado,not_flagged,não encontrado,não encontrado,raw_or_reference,yes,,
esd_semiarid_v2_2,00_Primary_Data_Sources_PILAR2b/SHAPEFILES_MAPBIOMAS_10.1/archive/SEMIARID_v2.zip,2711885,066d13325f7eb7c8464085542d906f5089e7f4372fb48333f42d5b8924ea5ab7,https://mapbiomas.org,00_Primary_Data_Sources_PILAR2b/README_DICIONARIO_ILUC_PIPELINE.md:168,não encontrado,not_flagged,não encontrado,não encontrado,raw_or_reference,yes,,
esd_settlements_v3_2,00_Primary_Data_Sources_PILAR2b/SHAPEFILES_MAPBIOMAS_10.1/archive/SETTLEMENTS_v3.zip,57077962,5a37cba57403595602179be51abbd6c33944fcfd5f55f94fe4c99f0f8b6d29b1,https://mapbiomas.org,00_Primary_Data_Sources_PILAR2b/README_DICIONARIO_ILUC_PIPELINE.md:168,não encontrado,not_flagged,não encontrado,não encontrado,raw_or_reference,yes,,
esd_slums_and_poor_urban_communities_v1_2,00_Primary_Data_Sources_PILAR2b/SHAPEFILES_MAPBIOMAS_10.1/archive/SLUMS_AND_POOR_URBAN_COMMUNITIES_v1.zip,46785248,d35a9b6d983cd47e0e5872fc6fc79ae48db811ab95a6299118364c339c0feb91,https://mapbiomas.org,00_Primary_Data_Sources_PILAR2b/README_DICIONARIO_ILUC_PIPELINE.md:168,não encontrado,not_flagged,não encontrado,não encontrado,raw_or_reference,yes,,
esd_state_protected_areas_apa_v1_2,00_Primary_Data_Sources_PILAR2b/SHAPEFILES_MAPBIOMAS_10.1/archive/STATE_PROTECTED_AREAS_APA_v1.zip,13815051,8b8c76894791342b0a9a474ef1002e2271534a0a38ad6a1053f34fab7ec013b6,https://mapbiomas.org,00_Primary_Data_Sources_PILAR2b/README_DICIONARIO_ILUC_PIPELINE.md:168,não encontrado,not_flagged,não encontrado,não encontrado,raw_or_reference,yes,,
esd_state_protected_areas_integral_protection_v2_1,00_Primary_Data_Sources_PILAR2b/SHAPEFILES_MAPBIOMAS_10.1/archive/STATE_PROTECTED_AREAS_INTEGRAL_PROTECTION_v2 (1).zip,17807512,5343dd9e72ccf8027d313cc0b1cf3014f619fd96dfb679bb32e43218f80355a2,https://mapbiomas.org,00_Primary_Data_Sources_PILAR2b/README_DICIONARIO_ILUC_PIPELINE.md:168,não encontrado,not_flagged,não encontrado,não encontrado,raw_or_reference,yes,,
esd_state_protected_areas_integral_protection_v2_3,00_Primary_Data_Sources_PILAR2b/SHAPEFILES_MAPBIOMAS_10.1/archive/STATE_PROTECTED_AREAS_INTEGRAL_PROTECTION_v2.zip,17807512,5343dd9e72ccf8027d313cc0b1cf3014f619fd96dfb679bb32e43218f80355a2,https://mapbiomas.org,00_Primary_Data_Sources_PILAR2b/README_DICIONARIO_ILUC_PIPELINE.md:168,não encontrado,not_flagged,não encontrado,não encontrado,raw_or_reference,yes,,
esd_state_protected_areas_sustainable_use_except_apa_v2_1,00_Primary_Data_Sources_PILAR2b/SHAPEFILES_MAPBIOMAS_10.1/archive/STATE_PROTECTED_AREAS_SUSTAINABLE_USE_EXCEPT_APA_v2 (1).zip,8476464,149dfd892d6695fd76759b3e627dd5c663aff94856b35f06470f0c8f065eb17c,https://mapbiomas.org,00_Primary_Data_Sources_PILAR2b/README_DICIONARIO_ILUC_PIPELINE.md:168,não encontrado,not_flagged,não encontrado,não encontrado,raw_or_reference,yes,,
esd_state_protected_areas_sustainable_use_except_apa_v2_3,00_Primary_Data_Sources_PILAR2b/SHAPEFILES_MAPBIOMAS_10.1/archive/STATE_PROTECTED_AREAS_SUSTAINABLE_USE_EXCEPT_APA_v2.zip,8476464,149dfd892d6695fd76759b3e627dd5c663aff94856b35f06470f0c8f065eb17c,https://mapbiomas.org,00_Primary_Data_Sources_PILAR2b/README_DICIONARIO_ILUC_PIPELINE.md:168,não encontrado,not_flagged,não encontrado,não encontrado,raw_or_reference,yes,,
esd_state_units_planning_management_water_resources_v1_2,00_Primary_Data_Sources_PILAR2b/SHAPEFILES_MAPBIOMAS_10.1/archive/STATE_UNITS_PLANNING_MANAGEMENT_WATER_RESOURCES_v1.zip,28909081,95d3c1367cc80136d92ba6823055dd3983aa63779a24f81b2002bc173b09d0b9,https://mapbiomas.org,00_Primary_Data_Sources_PILAR2b/README_DICIONARIO_ILUC_PIPELINE.md:168,não encontrado,not_flagged,não encontrado,não encontrado,raw_or_reference,yes,,
esd_ugrhs_v3_2,00_Primary_Data_Sources_PILAR2b/SHAPEFILES_MAPBIOMAS_10.1/archive/UGRHS_v3.zip,17379118,06b90bbd867b2c04184c7a51e587a7482595154971e6ce888bb701775c4eba4d,https://mapbiomas.org,00_Primary_Data_Sources_PILAR2b/README_DICIONARIO_ILUC_PIPELINE.md:168,não encontrado,not_flagged,não encontrado,não encontrado,raw_or_reference,yes,,
esd_urban_census_tracts_v1_2,00_Primary_Data_Sources_PILAR2b/SHAPEFILES_MAPBIOMAS_10.1/archive/URBAN_CENSUS_TRACTS_v1.zip,66505522,278ef2b9eb9e601045c1c7a1ac6495ddb540821a81a80a4e2c67f4a909c6f087,https://mapbiomas.org,00_Primary_Data_Sources_PILAR2b/README_DICIONARIO_ILUC_PIPELINE.md:168,não encontrado,not_flagged,não encontrado,não encontrado,raw_or_reference,yes,,
esd_urban_concentration_v2_2,00_Primary_Data_Sources_PILAR2b/SHAPEFILES_MAPBIOMAS_10.1/archive/URBAN_CONCENTRATION_v2.zip,22919670,eed5b72b28e6c564f0b5a8f2cf3d64e570e968878d27086223d5efc27290ec4b,https://mapbiomas.org,00_Primary_Data_Sources_PILAR2b/README_DICIONARIO_ILUC_PIPELINE.md:168,não encontrado,not_flagged,não encontrado,não encontrado,raw_or_reference,yes,,
esd_tabela_94_vacas_ordenhadas_ppm_2008_a2024,00_Primary_Data_Sources_PILAR2b/TABELA_94_VACAS_ORDENHADAS_PPM_2008_A2024.xlsx,574311,17833fb9e739b1bf962989e87be9cd6e86be9e70b694fc10d673170e9af586ee,não encontrado,,não encontrado,not_flagged,não encontrado,2008,raw_or_reference,yes,,
esd_mapbiomas_crop_area_by_ibge,00_Primary_Data_Sources_PILAR2b/mapbiomas_crop_area_by_ibge.csv,201072,5bcac7bab611a0674b332517eb7a131c2297d18a60a5068daed0c7a95c6baefa,https://mapbiomas.org,00_Primary_Data_Sources_PILAR2b/README_DICIONARIO_ILUC_PIPELINE.md:168,não encontrado,not_flagged,não encontrado,não encontrado,raw_or_reference,yes,,
esd_xls_hpm_1_2_2494_acucar_2002_2003_2020_2021_rsscprsprjmgesms,00_Primary_Data_Sources_PILAR2b/xls_hpm_1_2_2494_acucar__2002-2003_2020-2021_rsscprsprjmgesmsmtgodfbasealpepbrncepimatopaaproamacrr.xlsx,109104,7819de7e21ff6d8f1462696864767520e818270d3d0a775d48ebaed0798f0725,não encontrado,,não encontrado,not_flagged,não encontrado,2002,raw_or_reference,yes,,
esd_xls_hpm_1_2_2494_cana_2002_2003_2020_2021_rsscprsprjmgesmsmt,00_Primary_Data_Sources_PILAR2b/xls_hpm_1_2_2494_cana__2002-2003_2020-2021_rsscprsprjmgesmsmtgodfbasealpepbrncepimatopaaproamacrr.xlsx,109618,fb0c07c1b4df59c171d8ff0e03cbd7423c7120458efbf0260614669025860c36,não encontrado,,não encontrado,not_flagged,não encontrado,2002,raw_or_reference,yes,,
esd_xls_hpm_1_2_2494_etanol_anidro_2002_2003_2020_2021_rsscprspr,00_Primary_Data_Sources_PILAR2b/xls_hpm_1_2_2494_etanol_anidro__2002-2003_2020-2021_rsscprsprjmgesmsmtgodfbasealpepbrncepimatopaaproamacrr.xlsx,108994,c53b87eb612e52644843ee2b030f7445085ee2276ec467b52c7ad2452af9614b,não encontrado,,não encontrado,not_flagged,não encontrado,2002,raw_or_reference,yes,,
esd_xls_hpm_1_2_2494_etanol_hidratado_2002_2003_2020_2021_rsscpr,00_Primary_Data_Sources_PILAR2b/xls_hpm_1_2_2494_etanol_hidratado__2002-2003_2020-2021_rsscprsprjmgesmsmtgodfbasealpepbrncepimatopaaproamacrr.xlsx,109214,cfa429de310b174d8db3da1a1cbdfb8058210013068f1504d05305af94b7552c,não encontrado,,não encontrado,not_flagged,não encontrado,2002,raw_or_reference,yes,,
esd_xls_hpm_1_2_2494_etanol_total_2002_2003_2020_2021_rsscprsprj,00_Primary_Data_Sources_PILAR2b/xls_hpm_1_2_2494_etanol_total__2002-2003_2020-2021_rsscprsprjmgesmsmtgodfbasealpepbrncepimatopaaproamacrr.xlsx,109249,bef01e18bb744aa8f484a205b101a0594aa6bef3090e30f980299a3b0680dde8,não encontrado,,não encontrado,not_flagged,não encontrado,2002,raw_or_reference,yes,,
esd_siga_empreendimentos_geracao,Benchmarks_Brasil/siga-empreendimentos-geracao.csv,8448569,b52f42ff7a25dadfb8f5edcf183b6f63a5518ac1c776fcead557de1913172dda,não encontrado,,não encontrado,not_flagged,não encontrado,não encontrado,raw_or_reference,yes,,
esd_1790249213197,DADOS_ESPACIAIS/1790249213197.csv,5678,ef3e3d15751b572519f28465e9d760b60bff225476d7b4bc40d97717e4cd6fef,não encontrado,,não encontrado,not_flagged,não encontrado,não encontrado,raw_or_reference,yes,,
esd_ictem_indicador_de_coleta_e_tratabilidade_de_esgoto_da_popul,DADOS_ESPACIAIS/ICTEM - Indicador de Coleta e Tratabilidade de Esgoto da População Urbana de Município em 2024.txt,3278,6d3efd8130b5cae2e75dfa9c5e0ff71900614cdaf0d3948778d5c3acdb4f3158,não encontrado,,não encontrado,not_flagged,não encontrado,2024,raw_or_reference,yes,,
esd_igr2023polygon,DADOS_ESPACIAIS/IGR2023/IGR2023Polygon.shp,27718654,5d2ebe9bb45f61ce030ec60c37fb5ef95f9bebc4274bf75a6ad778f63a29d8d6,https://datageo.ambiente.sp.gov.br/geoserver/datageo/ows?SERVICE=WMS,DADOS_ESPACIAIS/IGR_READ_ME.txt:6,não encontrado,not_flagged,não encontrado,2023,raw_or_reference,yes,.dbf;.prj;.shp;.shx,
esd_igr2024polygon,DADOS_ESPACIAIS/IGR2024/IGR2024Polygon.shp,27718654,5d2ebe9bb45f61ce030ec60c37fb5ef95f9bebc4274bf75a6ad778f63a29d8d6,https://datageo.ambiente.sp.gov.br/geoserver/datageo/ows?SERVICE=WMS,DADOS_ESPACIAIS/IGR_READ_ME.txt:6,não encontrado,not_flagged,não encontrado,2024,raw_or_reference,yes,.dbf;.prj;.shp;.shx,
esd_igr2025polygon,DADOS_ESPACIAIS/IGR2025/IGR2025Polygon.shp,27718654,5d2ebe9bb45f61ce030ec60c37fb5ef95f9bebc4274bf75a6ad778f63a29d8d6,https://datageo.ambiente.sp.gov.br/geoserver/datageo/ows?SERVICE=WMS,DADOS_ESPACIAIS/IGR_READ_ME.txt:6,não encontrado,not_flagged,não encontrado,2025,raw_or_reference,yes,.dbf;.prj;.shp;.shx,
esd_vwm_ictem_cetesb_2024_polpolygon,DADOS_ESPACIAIS/VWM_ICTEM_CETESB_2024_POL/VWM_ICTEM_CETESB_2024_POLPolygon.shp,27718654,5d2ebe9bb45f61ce030ec60c37fb5ef95f9bebc4274bf75a6ad778f63a29d8d6,não encontrado,,não encontrado,not_flagged,não encontrado,2024,raw_or_reference,yes,.dbf;.prj;.shp;.shx,
esd_wfsrequest,DADOS_ESPACIAIS/VWM_ICTEM_CETESB_2024_POL/wfsrequest.txt,173,f5c9c5be4b974cc66a1b6e69233743632c2d0e6342037d7d4339ac1910aa4ab4,não encontrado,,não encontrado,not_flagged,não encontrado,2024,raw_or_reference,yes,,
esd_vwm_iqc_cetesb_2022_polpolygon,DADOS_ESPACIAIS/VWM_IQC_CETESB_2022_POL/VWM_IQC_CETESB_2022_POLPolygon.shp,110795,bfa765965af0a7291bb78b3169f68e1146a9ffe5324cb7c6df77af3b179ad9ef,https://datageo.ambiente.sp.gov.br/geoserver/datageo/ows?SERVICE=WMS,DADOS_ESPACIAIS/IQC_READ_ME.txt:7,não encontrado,not_flagged,não encontrado,2022,raw_or_reference,yes,.dbf;.prj;.shp;.shx,
esd_vwm_iqc_cetesb_2023_polpolygon,DADOS_ESPACIAIS/VWM_IQC_CETESB_2023_POL/VWM_IQC_CETESB_2023_POLPolygon.shp,27718654,5d2ebe9bb45f61ce030ec60c37fb5ef95f9bebc4274bf75a6ad778f63a29d8d6,https://datageo.ambiente.sp.gov.br/geoserver/datageo/ows?SERVICE=WMS,DADOS_ESPACIAIS/IQC_READ_ME.txt:7,não encontrado,not_flagged,não encontrado,2023,raw_or_reference,yes,.dbf;.prj;.shp;.shx,
esd_vwm_iqc_cetesb_2024_polpolygon,DADOS_ESPACIAIS/VWM_IQC_CETESB_2024_POL/VWM_IQC_CETESB_2024_POLPolygon.shp,27718654,5d2ebe9bb45f61ce030ec60c37fb5ef95f9bebc4274bf75a6ad778f63a29d8d6,https://datageo.ambiente.sp.gov.br/geoserver/datageo/ows?SERVICE=WMS,DADOS_ESPACIAIS/IQC_READ_ME.txt:7,não encontrado,not_flagged,não encontrado,2024,raw_or_reference,yes,.dbf;.prj;.shp;.shx,
esd_vwm_iqr_cetesb_2022_polpolygon,DADOS_ESPACIAIS/VWM_IQR_CETESB_2022_POL/VWM_IQR_CETESB_2022_POLPolygon.shp,27882516,5d2ebe9bb45f61ce030ec60c37fb5ef95f9bebc4274bf75a6ad778f63a29d8d6,https://datageo.ambiente.sp.gov.br/geoserver/datageo/ows?SERVICE=WMS,DADOS_ESPACIAIS/IQR_READ_ME.txt:7,não encontrado,not_flagged,não encontrado,2022,raw_or_reference,yes,.dbf;.prj;.shp;.shx,
esd_vwm_iqr_cetesb_2023_polpolygon,DADOS_ESPACIAIS/VWM_IQR_CETESB_2023_POL/VWM_IQR_CETESB_2023_POLPolygon.shp,27882516,5d2ebe9bb45f61ce030ec60c37fb5ef95f9bebc4274bf75a6ad778f63a29d8d6,https://datageo.ambiente.sp.gov.br/geoserver/datageo/ows?SERVICE=WMS,DADOS_ESPACIAIS/IQR_READ_ME.txt:7,não encontrado,not_flagged,não encontrado,2023,raw_or_reference,yes,.dbf;.prj;.shp;.shx,
esd_vwm_iqr_cetesb_2024_polpolygon,DADOS_ESPACIAIS/VWM_IQR_CETESB_2024_POL/VWM_IQR_CETESB_2024_POLPolygon.shp,27882516,5d2ebe9bb45f61ce030ec60c37fb5ef95f9bebc4274bf75a6ad778f63a29d8d6,https://datageo.ambiente.sp.gov.br/geoserver/datageo/ows?SERVICE=WMS,DADOS_ESPACIAIS/IQR_READ_ME.txt:7,não encontrado,not_flagged,não encontrado,2024,raw_or_reference,yes,.dbf;.prj;.shp;.shx,
esd_audit_raw,DADOS_ESPACIAIS/auditoria/audit_raw.json,126508,a82f95d75dc2150d82b9df374e54c8b779bade79b3968d9a725f1343c6d86235,não encontrado,,não encontrado,not_flagged,não encontrado,não encontrado,audit,no,,
esd_key_profiles,DADOS_ESPACIAIS/auditoria/key_profiles.json,15572,342ef7ca46c2480f38b603387e861eebfe4023c03a43a33a3e355b408c9baf58,não encontrado,,não encontrado,not_flagged,não encontrado,não encontrado,audit,no,,
esd_catalogo_dados,DADOS_ESPACIAIS/catalogo_dados.csv,3457,5713f7337d4d3c0fb0fd73f1cf58883f57628919956767c2b010ec80c93c74d7,não encontrado,,não encontrado,not_flagged,não encontrado,não encontrado,raw_or_reference,yes,,
esd_coordenadas_industriais_priorizadas,DADOS_ESPACIAIS/coordenadas_industriais_priorizadas.csv,450297,2454feb214dcf2d9f36639ba84ca62a6aa6c22299ad4b4d5e167c793cf8975df,não encontrado,,não encontrado,not_flagged,não encontrado,não encontrado,raw_or_reference,yes,,
esd_coordenadas_interesse_cnae_agregadas,DADOS_ESPACIAIS/coordenadas_interesse_cnae_agregadas.csv,900232,020b2c83d4f4aa337b1653cb44d47aeec06640f79a0f4ee370f274398d168caf,não encontrado,,não encontrado,not_flagged,não encontrado,não encontrado,raw_or_reference,yes,,
esd_coordenadas_interesse_resumo,DADOS_ESPACIAIS/coordenadas_interesse_resumo.csv,640,a6bc80aacbbc49fd18db61ef3c3948256538590b0c096118445c7c6b1b1e4678,não encontrado,,não encontrado,not_flagged,não encontrado,não encontrado,raw_or_reference,yes,,
esd_coordenadas_requerem_revisao,DADOS_ESPACIAIS/coordenadas_requerem_revisao.csv,79109,4dcb8a3ee6ed6e6b336b24d881f12bbbccbda4af7512300f7ca367d4c0a57ffe,não encontrado,,não encontrado,not_flagged,não encontrado,não encontrado,raw_or_reference,yes,,
esd_rais_sp_cnaes_prioritarios,DADOS_ESPACIAIS/dados_staging/rais_sp_cnaes_prioritarios.csv,10701473,d9106196747bf794c51f8d13962dd87275275ec1e80acbfbbfbb0b16eab05580,não encontrado,,não encontrado,not_flagged,não encontrado,não encontrado,staging,yes,,
esd_rais_sp_cnaes_prioritarios_resumo,DADOS_ESPACIAIS/dados_staging/rais_sp_cnaes_prioritarios_resumo.csv,2949,7c410444aca5aa32b3c0707318d219d7389be885a02e0c4ffb19784a17db7897,não encontrado,,não encontrado,not_flagged,não encontrado,não encontrado,staging,yes,,
esd_document,DADOS_ESPACIAIS/document.kml,14657,5ae457376cac873a7132f154c3cb1a75b5d7f8783215f10d4f66865bee1661b3,não encontrado,,não encontrado,not_flagged,não encontrado,não encontrado,raw_or_reference,yes,,
esd_fontes_prioritarias,DADOS_ESPACIAIS/fontes_prioritarias.csv,2366,3a5b551fbc7517d1a6748bf9e7928e3bb566cc9bf32dc81a4df14d337bf7b814,não encontrado,,não encontrado,not_flagged,não encontrado,não encontrado,raw_or_reference,yes,,
esd_problemas_qualidade,DADOS_ESPACIAIS/problemas_qualidade.csv,3395,e540aa4dfcf435682a72ae9f33a0234c90ba2c544c8fdbd774909d894cfddbd9,não encontrado,,não encontrado,not_flagged,não encontrado,não encontrado,raw_or_reference,yes,,
esd_02_matrizes_de_transicao_20260923t125830z_1_001,DBFZ_REFERENCES/02_Matrizes_De_Transicao-20260923T125830Z-1-001.zip,17738242,b195510bb5ab005eb115de701b36f535740752c3906d141b38158f877cda383d,não encontrado,,não encontrado,not_flagged,não encontrado,não encontrado,raw_or_reference,yes,,
esd_10370137,DBFZ_REFERENCES/10370137.zip,2325872,313900cd42576667c9a3891a03170bcce7be34c69e2e32ad9f42e413e83ac2e1,não encontrado,,não encontrado,not_flagged,não encontrado,não encontrado,raw_or_reference,yes,,
esd_14273285,DBFZ_REFERENCES/14273285.zip,5831714,9662ee491d9cf50f162222d2d62527e3d7a60798e933a76132cf7b95b5afaab0,não encontrado,,não encontrado,not_flagged,não encontrado,não encontrado,raw_or_reference,yes,,
esd_biomassepotenziale_basisdaten,DBFZ_REFERENCES/BIOMASSEPOTENZIALE_BASISDATEN.xlsx,23450,d5aa5572c524f14ee80d83c2d3cb3a7263958819355171415df77fe5f96da738,não encontrado,,não encontrado,not_flagged,não encontrado,não encontrado,raw_or_reference,yes,,
esd_biomassepotenziale_basisdaten_readme,DBFZ_REFERENCES/BIOMASSEPOTENZIALE_BASISDATEN_readme.xlsx,14753,b9d44a4195464bde5adce58a5c7927c8f6758b3283674eafe4d15dc7d2912de9,não encontrado,,não encontrado,not_flagged,não encontrado,não encontrado,raw_or_reference,yes,,
esd_data_regional_de,DBFZ_REFERENCES/Data_regional_DE.csv,1683363,be3326185c052d30ad97abac0117e836b4e4ec2937983c76ab2ff46873b8dba8,não encontrado,,não encontrado,not_flagged,não encontrado,não encontrado,raw_or_reference,yes,,
esd_sciencedirect_articles_23sep2026_12_32_02_832,DBFZ_REFERENCES/ScienceDirect_articles_23Sep2026_12-32-02.832.zip,4205601,d6867b8eafc84de0834e64cfce92836f1f747b0faafef5864f752e1797cad9b7,não encontrado,,não encontrado,not_flagged,não encontrado,2026,raw_or_reference,yes,,
esd_fig3_bivariate_classes,Figuras_ESD_v6/_backup_v1/fig3_bivariate_classes.csv,46729,f3f35fc6e7196a9e54e965befca4930cc98c21e2d42d9d6ec588e1ef8759f13f,não encontrado,,não encontrado,not_flagged,não encontrado,não encontrado,raw_or_reference,yes,,
esd_fig4_configuration_summary,Figuras_ESD_v6/_backup_v1/fig4_configuration_summary.csv,572,0e502b0761b9052cb62d8d81fa63b207ca9a1b05643d70dc56027946a2acf681,não encontrado,,não encontrado,not_flagged,não encontrado,não encontrado,raw_or_reference,yes,,
esd_fig4_configurations,Figuras_ESD_v6/_backup_v1/fig4_configurations.csv,68797,eb1dd684cbe6572ab9041b2e46811cf24a234623f1d7d0ea7d05fb0340ca0287,não encontrado,,não encontrado,not_flagged,não encontrado,não encontrado,raw_or_reference,yes,,
esd_pontos_fonte_usinas_etes_epsg5880,Figuras_ESD_v6/dados/pontos_fonte_usinas_etes_EPSG5880.csv,37344,4525e84eb831030596688b225bb2b81905f390352af7d6f3f329fb74dfefee72,não encontrado,,não encontrado,not_flagged,não encontrado,não encontrado,derived_output,no,,
esd_fig2_scale_values,Figuras_ESD_v6/fig2_scale_values.csv,236,dbcaecb622780a89cfaf5ac7b2bb6cd608bc9ed5074dee36c47618480c331c2e,não encontrado,,não encontrado,not_flagged,não encontrado,não encontrado,raw_or_reference,yes,,
esd_fig3_bivariate_classes_2,Figuras_ESD_v6/fig3_bivariate_classes.csv,47375,e0a2e2a165e8d276e0c4b6334107e45f70dedb21602e62195dfd29122b1ac88a,não encontrado,,não encontrado,not_flagged,não encontrado,não encontrado,raw_or_reference,yes,,
esd_fig4_configuration_summary_2,Figuras_ESD_v6/fig4_configuration_summary.csv,588,5f88e6a8d182f943f66d33942302e488e7c116dadcf2d0d2463fc446249ce6a2,não encontrado,,não encontrado,not_flagged,não encontrado,não encontrado,raw_or_reference,yes,,
esd_fig4_configurations_2,Figuras_ESD_v6/fig4_configurations.csv,70770,a6b34374359f5ec1781ccf1792fc00e8f83c0beb7dfcf18663dde97961ed64af,não encontrado,,não encontrado,not_flagged,não encontrado,não encontrado,raw_or_reference,yes,,
esd_archetype_summary,Figuras_WSED/data/archetype_summary.csv,518,061614e3cb7f2ff840a9eb15cd3b950972cb6ada431cb929a5e83bf08bd3649b,não encontrado,,não encontrado,not_flagged,não encontrado,não encontrado,derived_output,no,,
esd_lever_archetype,Figuras_WSED/data/lever_archetype.csv,779,8c6adccc9438f7282b5e84decc5c693f28dcfa483d011fde437f78e6e772cbb7,não encontrado,,não encontrado,not_flagged,não encontrado,não encontrado,derived_output,no,,
esd_lever_municipal,Figuras_WSED/data/lever_municipal.csv,92797,366dc9753633f3ad59b705bdda37b5db086ed3c0d54eb15466fea0fecd53dc41,não encontrado,,não encontrado,not_flagged,não encontrado,não encontrado,derived_output,no,,
esd_lever_state,Figuras_WSED/data/lever_state.csv,333,8a55fd5ab0148496bee232774a591521e7ed7efab8242a88ea64972599f44e10,não encontrado,,não encontrado,not_flagged,não encontrado,não encontrado,derived_output,no,,
esd_locked_by_substrate,Figuras_WSED/data/locked_by_substrate.csv,582,8c460d8779e9564c5f171e987a6cf55f8b1f4d656deaf69c0af36da7ad458f39,não encontrado,,não encontrado,not_flagged,não encontrado,não encontrado,derived_output,no,,
esd_alocacao_hubs_codigestao,Metodo_CP2b/fl_espacial/outputs/alocacao_hubs_codigestao.csv,383315,cbf99e1ba134b32cd6b78801ae7d0215d1cd983adb319ca40d6bb7c7d17f06f2,não encontrado,,não encontrado,not_flagged,não encontrado,não encontrado,derived_output,no,,
esd_fl_municipio_substrato_banco,Metodo_CP2b/fl_espacial/outputs/banco/fl_municipio_substrato_banco.csv,2289989,e1af8b955032cff3e4560bbef978358108ebbe4d32fc0c80451edf0ca28f99ed,não encontrado,,não encontrado,not_flagged,não encontrado,não encontrado,derived_output,no,,
esd_fl_parametros_residuos,Metodo_CP2b/fl_espacial/outputs/banco/fl_parametros_residuos.csv,13757,f0a8656bcac2a97397a5a7f89b8899625a92a88bb9acdcfe103616ea14ca054b,não encontrado,,não encontrado,not_flagged,não encontrado,não encontrado,derived_output,no,,
esd_v5_n4_municipio_fluxo,Metodo_CP2b/fl_espacial/outputs/banco/v5_n4_municipio_fluxo.csv,6553472,eeb52479e7cff018b207ee71e7e97b32a0ccb0fcd8183e19427927cdf0937dd0,não encontrado,,não encontrado,not_flagged,não encontrado,não encontrado,derived_output,no,,
esd_comparacao_fl_yaml_espacial,Metodo_CP2b/fl_espacial/outputs/comparacao_FL_yaml_espacial.csv,17123,e2d6c5579d9ce7b36b334dc9dd2ce85299a66437f72435b1de0cc86f3a40c12e,não encontrado,,não encontrado,not_flagged,não encontrado,não encontrado,derived_output,no,,
esd_fabricas_suco_alocacao,Metodo_CP2b/fl_espacial/outputs/fabricas_suco_alocacao.csv,810,a232316478aef7a24d2fe0acbdaceca8bb6b3dc44fdb65dec3472e64640b6369,não encontrado,,não encontrado,not_flagged,não encontrado,não encontrado,derived_output,no,,
esd_fabricas_suco_estabelecimentos,Metodo_CP2b/fl_espacial/outputs/fabricas_suco_estabelecimentos.csv,7577,e362e1bef7ea82d027406587aad5704e5c1f316a665ebf90d29ac28822b23c33,não encontrado,,não encontrado,not_flagged,não encontrado,não encontrado,derived_output,no,,
esd_fl_alocado_robustez,Metodo_CP2b/fl_espacial/outputs/fl_alocado_robustez.csv,17348,257e0968b66bf903d7c2475abd80317b24a6dc859e1d95effb85bc081a17c8a2,não encontrado,,não encontrado,not_flagged,não encontrado,não encontrado,derived_output,no,,
esd_fl_alocado_robustez_poda,Metodo_CP2b/fl_espacial/outputs/fl_alocado_robustez_poda.csv,1741,689418cb8933c33c7f3bd68342feb7c8a72fd86151758cb8785f34e66ed9c4cf,não encontrado,,não encontrado,not_flagged,não encontrado,não encontrado,derived_output,no,,
esd_fl_estado_alocado,Metodo_CP2b/fl_espacial/outputs/fl_estado_alocado.csv,3359,13252eabe0b1a85ef70caf887acb659846ff5dc45e7443d8924259934abb41ad,não encontrado,,não encontrado,not_flagged,não encontrado,não encontrado,derived_output,no,,
esd_fl_estado_alocado_palha_qualquer_hub,Metodo_CP2b/fl_espacial/outputs/fl_estado_alocado_palha_qualquer_hub.csv,3327,ac3d5f36e57c6a74425197ae2fba509840c6ce235fac35af3bf14e1d754839ad,não encontrado,,não encontrado,not_flagged,não encontrado,não encontrado,derived_output,no,,
esd_fl_estado_substrato,Metodo_CP2b/fl_espacial/outputs/fl_estado_substrato.csv,3709,caa545c113bd494f718598a9470e4bbe758edad005a9129e8ff1f6f34943866d,não encontrado,,não encontrado,not_flagged,não encontrado,não encontrado,derived_output,no,,
esd_fl_estado_substrato_palha_qualquer_hub,Metodo_CP2b/fl_espacial/outputs/fl_estado_substrato_palha_qualquer_hub.csv,3707,ed7b7300d5c46a122f213a4ef7f1ec703018d8ec582780bb0f2c8247e856eb07,não encontrado,,não encontrado,not_flagged,não encontrado,não encontrado,derived_output,no,,
esd_fl_estado_substrato_palha_qualquer_hub_sem_track,Metodo_CP2b/fl_espacial/outputs/fl_estado_substrato_palha_qualquer_hub_sem_track.csv,3722,558d87ce468fb56ccf405743b3033196d61f6b3c4d786959698d7084c679ac3e,não encontrado,,não encontrado,not_flagged,não encontrado,não encontrado,derived_output,no,,
esd_fl_estado_substrato_sem_track,Metodo_CP2b/fl_espacial/outputs/fl_estado_substrato_sem_track.csv,3715,9bf5f8380ea67792b0696be2f9b8e235d45bbf49545c59c74ac1b2670b993fe7,não encontrado,,não encontrado,not_flagged,não encontrado,não encontrado,derived_output,no,,
esd_fl_municipio_alocado,Metodo_CP2b/fl_espacial/outputs/fl_municipio_alocado.csv,1122289,20e11c5a87618af3ec2f6176c13039a11f641149c3ea487a32cf1d7ff5b0866b,não encontrado,,não encontrado,not_flagged,não encontrado,não encontrado,derived_output,no,,
esd_fl_municipio_alocado_palha_qualquer_hub,Metodo_CP2b/fl_espacial/outputs/fl_municipio_alocado_palha_qualquer_hub.csv,1122563,0906443f88a45c07317ad4a504737c3a6ef9a76ffa850ea0ac27d550e64f78ec,não encontrado,,não encontrado,not_flagged,não encontrado,não encontrado,derived_output,no,,
esd_fl_municipio_substrato,Metodo_CP2b/fl_espacial/outputs/fl_municipio_substrato.csv,1823748,550684dbfe274e9b04d72f3e15cf30af302392720bd3295a5f82d9d8d39b523d,não encontrado,,não encontrado,not_flagged,não encontrado,não encontrado,derived_output,no,,
esd_fl_municipio_substrato_palha_qualquer_hub,Metodo_CP2b/fl_espacial/outputs/fl_municipio_substrato_palha_qualquer_hub.csv,1798045,0e37e2968ae69e7cf94e7ef05a282807a4ff855a74e27d1a362107a63b7e03c7,não encontrado,,não encontrado,not_flagged,não encontrado,não encontrado,derived_output,no,,
esd_fl_municipio_substrato_palha_qualquer_hub_sem_track,Metodo_CP2b/fl_espacial/outputs/fl_municipio_substrato_palha_qualquer_hub_sem_track.csv,1798811,00c6eec8fb77843338cfdbdca40499f42542e81afec50710175d37f13f4c3eac,não encontrado,,não encontrado,not_flagged,não encontrado,não encontrado,derived_output,no,,
esd_fl_municipio_substrato_sem_track,Metodo_CP2b/fl_espacial/outputs/fl_municipio_substrato_sem_track.csv,1825605,7d9297b14536b0a00087f86db04f81d6bb4f291c8b44408c0f0dd5540333b43e,não encontrado,,não encontrado,not_flagged,não encontrado,não encontrado,derived_output,no,,
esd_fl_v5_estado_substrato,Metodo_CP2b/fl_espacial/outputs/fl_v5_estado_substrato.csv,4777,1bd83a1785ea4f78615560cb703052280fb11c2ebbd50467f7e9894e5f085755,não encontrado,,não encontrado,not_flagged,não encontrado,não encontrado,derived_output,no,,
esd_fl_v5_municipio_substrato,Metodo_CP2b/fl_espacial/outputs/fl_v5_municipio_substrato.csv,1577000,2a7b664b1f2042adf502949c50f9c3077b46e277985690490b2f29c87fe84c31,não encontrado,,não encontrado,not_flagged,não encontrado,não encontrado,derived_output,no,,
esd_grade_oferta_1km,Metodo_CP2b/fl_espacial/outputs/grade_oferta_1km.gpkg,62459904,c4bfbc72e83e81bff4b52061fc759c2d1cfa9129d0e63e65ac559cdc165303cf,não encontrado,,não encontrado,not_flagged,não encontrado,não encontrado,derived_output,no,,
esd_grafo_resumo,Metodo_CP2b/fl_espacial/outputs/grafo_resumo.csv,618,6a6106038394d131446ec4bba40ae9ac3407d80ab8dc077631e59bbf2838bbd8,não encontrado,,não encontrado,not_flagged,não encontrado,não encontrado,derived_output,no,,
esd_hubs_conexao_resumo,Metodo_CP2b/fl_espacial/outputs/hubs_conexao_resumo.csv,376,835a976b607e7221387c6c5e3ab8a9e6a93529a76033633164f06d5b387b6862,não encontrado,,não encontrado,not_flagged,não encontrado,não encontrado,derived_output,no,,
esd_hubs_viaveis,Metodo_CP2b/fl_espacial/outputs/hubs_viaveis.gpkg,19034112,ce7d79aeb2f9942c920182421e3563113decb964abf65e4de7f624a81ec5d518,não encontrado,,não encontrado,not_flagged,não encontrado,não encontrado,derived_output,no,,
esd_hubs_viaveis_sem_track,Metodo_CP2b/fl_espacial/outputs/hubs_viaveis_sem_track.gpkg,19021824,cad4e12115798a98c66cd70fb38645b33c49b9a2536ce94b1e1fe7c8398164b1,não encontrado,,não encontrado,not_flagged,não encontrado,não encontrado,derived_output,no,,
esd_mclp,Metodo_CP2b/fl_espacial/outputs/mclp.csv,560,4fff8424cb726555383907fffb8771fe16a1fd3a7711bb969c03516a0442dc50,não encontrado,,não encontrado,not_flagged,não encontrado,não encontrado,derived_output,no,,
esd_mclp_curva_b,Metodo_CP2b/fl_espacial/outputs/mclp_curva_B.csv,221061,17437a59a3de1e5c1b56d605feaf58920ffe5a2cfd030d75855400d35c6edb2e,não encontrado,,não encontrado,not_flagged,não encontrado,não encontrado,derived_output,no,,
esd_mclp_hubs_selecionados,Metodo_CP2b/fl_espacial/outputs/mclp_hubs_selecionados.csv,351983,ef3ea320187301dff48308aaae4028f654ba4f0cde16916b096265a990f5b410,não encontrado,,não encontrado,not_flagged,não encontrado,não encontrado,derived_output,no,,
esd_n3_base_v51,Metodo_CP2b/fl_espacial/outputs/n3_base_v51.csv,7332354,0b1f5b697b112c2927876abdefa46e0277c259877f23b82a93aad4f91d3fc6cd,não encontrado,,não encontrado,not_flagged,não encontrado,não encontrado,derived_output,no,,
esd_oferta_fallback_casos,Metodo_CP2b/fl_espacial/outputs/oferta_fallback_casos.csv,55180,c697a14ea908d17331019ca7d876b68dbfa29fa5dde8ea5e55b172219a8c7b14,não encontrado,,não encontrado,not_flagged,não encontrado,não encontrado,derived_output,no,,
esd_oferta_totais_verificacao,Metodo_CP2b/fl_espacial/outputs/oferta_totais_verificacao.csv,2731,17bff2946733e2a83985f65d89b409d98f30d567779e0f98ff556b0b2e2b9d95,não encontrado,,não encontrado,not_flagged,não encontrado,não encontrado,derived_output,no,,
esd_palha_usinas_calibracao,Metodo_CP2b/fl_espacial/outputs/palha_usinas_calibracao.csv,384,4dd8b53604fdb57b0695766762c5637ce39037f90ce63d490d9d6b90b1c38931,não encontrado,,não encontrado,not_flagged,não encontrado,não encontrado,derived_output,no,,
esd_palha_usinas_calibracao_sem_track,Metodo_CP2b/fl_espacial/outputs/palha_usinas_calibracao_sem_track.csv,384,cf9f2e6ee3926d82780cadc612d924306a62150626663ec11aee7a6b2dde2aa5,não encontrado,,não encontrado,not_flagged,não encontrado,não encontrado,derived_output,no,,
esd_plantas_operantes_sp,Metodo_CP2b/fl_espacial/outputs/plantas_operantes_sp.csv,15324,14592d04861a0bb9acdc3267ed30dbd23f383033a27fdb311879f6739b2a5533,não encontrado,,não encontrado,not_flagged,não encontrado,não encontrado,derived_output,no,,
esd_plantas_validacao_sp,Metodo_CP2b/fl_espacial/outputs/plantas_validacao_sp.csv,14639,6d5b9d1a84519a13edc5e2cc52012b605c8ed1f5de98aa46bf92a17935e951a2,não encontrado,,não encontrado,not_flagged,não encontrado,não encontrado,derived_output,no,,
esd_previa_n4_variantes_m_m3dia,Metodo_CP2b/fl_espacial/outputs/previa_N4_variantes_M_m3dia.csv,284,d6da80f29dbee9c2cecb301469d9dbf3366aeecfcf2a2961c48d505dad727ec5,não encontrado,,não encontrado,not_flagged,não encontrado,não encontrado,derived_output,no,,
esd_robustez_rede,Metodo_CP2b/fl_espacial/outputs/robustez_rede.csv,2570,e9a3870763a5c468c9e033775a44fe770e7b2c673f7df9f4bb108272ff559897,não encontrado,,não encontrado,not_flagged,não encontrado,não encontrado,derived_output,no,,
esd_sensibilidade_palha_usinas,Metodo_CP2b/fl_espacial/outputs/sensibilidade_palha_usinas.csv,412,e414e225795b5053462247be70b78936da25ffd06a8ebb3c086a6c16809f10a3,não encontrado,,não encontrado,not_flagged,não encontrado,não encontrado,derived_output,no,,
esd_sensibilidade_qmin,Metodo_CP2b/fl_espacial/outputs/sensibilidade_qmin.csv,1644,4a0ec244b0ba7cdc666406bf561940cc2557a660aed327bdc3eef7fa1917e5a4,não encontrado,,não encontrado,not_flagged,não encontrado,não encontrado,derived_output,no,,
esd_sensibilidade_r2,Metodo_CP2b/fl_espacial/outputs/sensibilidade_r2.csv,2784,8c7265afd19356cef9847590953c776143698acb0dbc099fb754353ed1e8377a,não encontrado,,não encontrado,not_flagged,não encontrado,não encontrado,derived_output,no,,
esd_tortuosidade_pares,Metodo_CP2b/fl_espacial/outputs/tortuosidade_pares.csv,468493,175f6ab44cfba5405461e31414f810e3a6e117a9046dd7b992e92db3a8e6d9bc,não encontrado,,não encontrado,not_flagged,não encontrado,não encontrado,derived_output,no,,
esd_tortuosidade_resumo,Metodo_CP2b/fl_espacial/outputs/tortuosidade_resumo.csv,410,15e23e4a6456f2c3d360d6e509c3e48cc76d86e3ef20d3a59eec35f2d99e1432,não encontrado,,não encontrado,not_flagged,não encontrado,não encontrado,derived_output,no,,
esd_validacao_plantas,Metodo_CP2b/fl_espacial/outputs/validacao_plantas.csv,25174,610ed0ffe9bb411ec760db83072e2a0778f7e1eb5bfb5b59fdc74dc188b7c090,não encontrado,,não encontrado,not_flagged,não encontrado,não encontrado,derived_output,no,,
esd_validacao_taxa_acerto,Metodo_CP2b/fl_espacial/outputs/validacao_taxa_acerto.csv,702,0f34929e5d081b945dbe11cc26a277bc45ac9e402214ef5e25cca596c064295b,não encontrado,,não encontrado,not_flagged,não encontrado,não encontrado,derived_output,no,,
esd_alocacao_hubs_codigestao_2,Metodo_CP2b/fl_espacial/outputs_v5.0_bak/alocacao_hubs_codigestao.csv,385286,4896165c82d3ee1a3054b73082582bdd8d8f9d133ddefd041f43f5d0bc9ad83a,não encontrado,,não encontrado,not_flagged,não encontrado,não encontrado,derived_output,no,,
esd_fl_municipio_substrato_banco_2,Metodo_CP2b/fl_espacial/outputs_v5.0_bak/banco/fl_municipio_substrato_banco.csv,2410135,cf4d53dee9b81e54f757b71b430764352530f0d2fc31ba68e3882a264e9f4aa0,não encontrado,,não encontrado,not_flagged,não encontrado,não encontrado,derived_output,no,,
esd_fl_parametros_residuos_2,Metodo_CP2b/fl_espacial/outputs_v5.0_bak/banco/fl_parametros_residuos.csv,13861,cd21f101b4f0fd18d52297bd616f7082458d6327ea4b4581939484b5451bcba3,não encontrado,,não encontrado,not_flagged,não encontrado,não encontrado,derived_output,no,,
esd_v5_n4_municipio_fluxo_2,Metodo_CP2b/fl_espacial/outputs_v5.0_bak/banco/v5_n4_municipio_fluxo.csv,6702145,f87eb13eac7adebc3d004e131c4514317552f3de8cc3c8f54ae43d5275bc13c1,não encontrado,,não encontrado,not_flagged,não encontrado,não encontrado,derived_output,no,,
esd_comparacao_fl_yaml_espacial_2,Metodo_CP2b/fl_espacial/outputs_v5.0_bak/comparacao_FL_yaml_espacial.csv,17186,7132524bf2020d0e814cb052f0a8a9d817809aa55cb17e3ffd58d5c0b9258255,não encontrado,,não encontrado,not_flagged,não encontrado,não encontrado,derived_output,no,,
esd_fl_alocado_robustez_2,Metodo_CP2b/fl_espacial/outputs_v5.0_bak/fl_alocado_robustez.csv,17391,59073653cc57b9f697bfeca8b03de327cb03b4f500decdd917e682819e567f25,não encontrado,,não encontrado,not_flagged,não encontrado,não encontrado,derived_output,no,,
esd_fl_alocado_robustez_poda_2,Metodo_CP2b/fl_espacial/outputs_v5.0_bak/fl_alocado_robustez_poda.csv,1745,b6f5b58736722a0a29d1adc2c5059fa30c4a10666615ef9dd17d9e3d61091145,não encontrado,,não encontrado,not_flagged,não encontrado,não encontrado,derived_output,no,,
esd_fl_estado_alocado_2,Metodo_CP2b/fl_espacial/outputs_v5.0_bak/fl_estado_alocado.csv,3369,46e47ef18b540425f28efada46d2a3d49c37b33686ababacc9291affd0b3fdf3,não encontrado,,não encontrado,not_flagged,não encontrado,não encontrado,derived_output,no,,
esd_fl_estado_alocado_palha_qualquer_hub_2,Metodo_CP2b/fl_espacial/outputs_v5.0_bak/fl_estado_alocado_palha_qualquer_hub.csv,3356,49a55e624cd76a43eadb3d8d40c2132e15eee39be35e6c5c5326c41950b802ea,não encontrado,,não encontrado,not_flagged,não encontrado,não encontrado,derived_output,no,,
esd_fl_estado_substrato_2,Metodo_CP2b/fl_espacial/outputs_v5.0_bak/fl_estado_substrato.csv,3784,36020f64eef284c24b15a0e3d16d3a3365e3d2fb186a1bc922668d40ae3c43d6,não encontrado,,não encontrado,not_flagged,não encontrado,não encontrado,derived_output,no,,
esd_fl_estado_substrato_palha_qualquer_hub_2,Metodo_CP2b/fl_espacial/outputs_v5.0_bak/fl_estado_substrato_palha_qualquer_hub.csv,3765,5b4800b22aed020beff42caa3ac59f5a2161d843876ae00aeacc47aa6618d5b3,não encontrado,,não encontrado,not_flagged,não encontrado,não encontrado,derived_output,no,,
esd_fl_estado_substrato_palha_qualquer_hub_sem_track_2,Metodo_CP2b/fl_espacial/outputs_v5.0_bak/fl_estado_substrato_palha_qualquer_hub_sem_track.csv,3776,0a48328278e5ee71e3fc9429f08f23e3624e8b53709c7ee0609f7ae03b51a3f7,não encontrado,,não encontrado,not_flagged,não encontrado,não encontrado,derived_output,no,,
esd_fl_estado_substrato_sem_track_2,Metodo_CP2b/fl_espacial/outputs_v5.0_bak/fl_estado_substrato_sem_track.csv,3786,10d82e1a42740f7c0203409ce2fb5f7abca1ad84ccdd5f96e4df1ffddbb54548,não encontrado,,não encontrado,not_flagged,não encontrado,não encontrado,derived_output,no,,
esd_fl_municipio_alocado_2,Metodo_CP2b/fl_espacial/outputs_v5.0_bak/fl_municipio_alocado.csv,1183869,8037144b344ae4bc44f0f58d26af9755471a7522374ad6a881465320937ef860,não encontrado,,não encontrado,not_flagged,não encontrado,não encontrado,derived_output,no,,
esd_fl_municipio_alocado_palha_qualquer_hub_2,Metodo_CP2b/fl_espacial/outputs_v5.0_bak/fl_municipio_alocado_palha_qualquer_hub.csv,1183617,ea2d3ccd542680410987f8d208a9d48ff0b8d4d0b2bdfe94fd614abcfea7bab0,não encontrado,,não encontrado,not_flagged,não encontrado,não encontrado,derived_output,no,,
esd_fl_municipio_substrato_2,Metodo_CP2b/fl_espacial/outputs_v5.0_bak/fl_municipio_substrato.csv,1922173,b72d36d168550fafbc7c7583d35046f40acaef36f1e623d3d53c87fc65df35ed,não encontrado,,não encontrado,not_flagged,não encontrado,não encontrado,derived_output,no,,
esd_fl_municipio_substrato_palha_qualquer_hub_2,Metodo_CP2b/fl_espacial/outputs_v5.0_bak/fl_municipio_substrato_palha_qualquer_hub.csv,1895972,3eeba4e128880b52d3b6a2d439214030d14cc2a411ce39d36bdba8a34df7beb9,não encontrado,,não encontrado,not_flagged,não encontrado,não encontrado,derived_output,no,,
esd_fl_municipio_substrato_palha_qualquer_hub_sem_track_2,Metodo_CP2b/fl_espacial/outputs_v5.0_bak/fl_municipio_substrato_palha_qualquer_hub_sem_track.csv,1897209,348cb78d94a8f3bf5ff410e3e4dc7dc483fc2d4cba3548079cf60d417b350cb0,não encontrado,,não encontrado,not_flagged,não encontrado,não encontrado,derived_output,no,,
esd_fl_municipio_substrato_sem_track_2,Metodo_CP2b/fl_espacial/outputs_v5.0_bak/fl_municipio_substrato_sem_track.csv,1924047,c677094b8c887f9c3ae61faf53d377a0e2a10c69192a4896bb6561ee42fc4f88,não encontrado,,não encontrado,not_flagged,não encontrado,não encontrado,derived_output,no,,
esd_fl_v5_estado_substrato_2,Metodo_CP2b/fl_espacial/outputs_v5.0_bak/fl_v5_estado_substrato.csv,4832,aed4205f04b3c14c410f140c48dfe7fd39921d2bd3e2115615eb831b1ef314dc,não encontrado,,não encontrado,not_flagged,não encontrado,não encontrado,derived_output,no,,
esd_fl_v5_municipio_substrato_2,Metodo_CP2b/fl_espacial/outputs_v5.0_bak/fl_v5_municipio_substrato.csv,1661373,523d0b545c69cc1bb7c865fd48e1476b0540f678cd44a42cebd78abf87951c29,não encontrado,,não encontrado,not_flagged,não encontrado,não encontrado,derived_output,no,,
esd_grade_oferta_1km_2,Metodo_CP2b/fl_espacial/outputs_v5.0_bak/grade_oferta_1km.gpkg,63725568,849665af5d66d3836282bfb5f791418855a1cc06a77d2b14e6673768a1ea5923,não encontrado,,não encontrado,not_flagged,não encontrado,não encontrado,derived_output,no,,
esd_grafo_resumo_2,Metodo_CP2b/fl_espacial/outputs_v5.0_bak/grafo_resumo.csv,618,6a6106038394d131446ec4bba40ae9ac3407d80ab8dc077631e59bbf2838bbd8,não encontrado,,não encontrado,not_flagged,não encontrado,não encontrado,derived_output,no,,
esd_hubs_conexao_resumo_2,Metodo_CP2b/fl_espacial/outputs_v5.0_bak/hubs_conexao_resumo.csv,291,bc43c77e73bdd8df870e4d8a1f79369a9c268a6752604af5fb74cf29987d04b4,não encontrado,,não encontrado,not_flagged,não encontrado,não encontrado,derived_output,no,,
esd_hubs_viaveis_2,Metodo_CP2b/fl_espacial/outputs_v5.0_bak/hubs_viaveis.gpkg,19320832,8924fc9a39647669a55afcc1fd5d97dc3caa0c10a675b56699f3baf6d01744b7,não encontrado,,não encontrado,not_flagged,não encontrado,não encontrado,derived_output,no,,
esd_hubs_viaveis_sem_track_2,Metodo_CP2b/fl_espacial/outputs_v5.0_bak/hubs_viaveis_sem_track.gpkg,19312640,deefcadf85ecb3b918a45c2ff73c452edff9afd1cb52fdc940f3ca56b65a2643,não encontrado,,não encontrado,not_flagged,não encontrado,não encontrado,derived_output,no,,
esd_mclp_2,Metodo_CP2b/fl_espacial/outputs_v5.0_bak/mclp.csv,557,476d9e940496ab4ce29cf643a3a440529dee7aaac020cf6eb0c28986e0f56765,não encontrado,,não encontrado,not_flagged,não encontrado,não encontrado,derived_output,no,,
esd_mclp_curva_b_2,Metodo_CP2b/fl_espacial/outputs_v5.0_bak/mclp_curva_B.csv,223017,d2328afa2dd30332a70ac892a2fcc9a9b3bf8faae18908189a480ee2800bbce3,não encontrado,,não encontrado,not_flagged,não encontrado,não encontrado,derived_output,no,,
esd_mclp_hubs_selecionados_2,Metodo_CP2b/fl_espacial/outputs_v5.0_bak/mclp_hubs_selecionados.csv,354923,cc768325d6c1a42e18f0cda3c7825d78bc2386c94816f21abf330566a1c2177e,não encontrado,,não encontrado,not_flagged,não encontrado,não encontrado,derived_output,no,,
esd_oferta_fallback_casos_2,Metodo_CP2b/fl_espacial/outputs_v5.0_bak/oferta_fallback_casos.csv,59643,0d3e66b9f2239daf7607eeb92eb8c5e377c2e6ad59962ae2b2886508a875f4a6,não encontrado,,não encontrado,not_flagged,não encontrado,não encontrado,derived_output,no,,
esd_oferta_totais_verificacao_2,Metodo_CP2b/fl_espacial/outputs_v5.0_bak/oferta_totais_verificacao.csv,2729,f51bd96cac1df37388d20fc65c4103abe912e0e74eed11c0a38737d41694f93b,não encontrado,,não encontrado,not_flagged,não encontrado,não encontrado,derived_output,no,,
esd_palha_usinas_calibracao_2,Metodo_CP2b/fl_espacial/outputs_v5.0_bak/palha_usinas_calibracao.csv,384,4dd8b53604fdb57b0695766762c5637ce39037f90ce63d490d9d6b90b1c38931,não encontrado,,não encontrado,not_flagged,não encontrado,não encontrado,derived_output,no,,
esd_palha_usinas_calibracao_sem_track_2,Metodo_CP2b/fl_espacial/outputs_v5.0_bak/palha_usinas_calibracao_sem_track.csv,384,cf9f2e6ee3926d82780cadc612d924306a62150626663ec11aee7a6b2dde2aa5,não encontrado,,não encontrado,not_flagged,não encontrado,não encontrado,derived_output,no,,
esd_plantas_operantes_sp_2,Metodo_CP2b/fl_espacial/outputs_v5.0_bak/plantas_operantes_sp.csv,15324,14592d04861a0bb9acdc3267ed30dbd23f383033a27fdb311879f6739b2a5533,não encontrado,,não encontrado,not_flagged,não encontrado,não encontrado,derived_output,no,,
esd_plantas_validacao_sp_2,Metodo_CP2b/fl_espacial/outputs_v5.0_bak/plantas_validacao_sp.csv,14639,6d5b9d1a84519a13edc5e2cc52012b605c8ed1f5de98aa46bf92a17935e951a2,não encontrado,,não encontrado,not_flagged,não encontrado,não encontrado,derived_output,no,,
esd_previa_n4_variantes_m_m3dia_2,Metodo_CP2b/fl_espacial/outputs_v5.0_bak/previa_N4_variantes_M_m3dia.csv,280,0c89b3b60996a7a36a4bff314b8c38f2e48493c81492e6967acc2fa19531f51b,não encontrado,,não encontrado,not_flagged,não encontrado,não encontrado,derived_output,no,,
esd_robustez_rede_2,Metodo_CP2b/fl_espacial/outputs_v5.0_bak/robustez_rede.csv,2577,f55cc2d28e3ae9a99b167ee42cf49b97b0c6d9aed5d570bdd99d4385cab66b0e,não encontrado,,não encontrado,not_flagged,não encontrado,não encontrado,derived_output,no,,
esd_sensibilidade_palha_usinas_2,Metodo_CP2b/fl_espacial/outputs_v5.0_bak/sensibilidade_palha_usinas.csv,411,f65b97b4ed8b9d77a77ca754da7beccedd7c226c45592874668b80b058275e53,não encontrado,,não encontrado,not_flagged,não encontrado,não encontrado,derived_output,no,,
esd_sensibilidade_qmin_2,Metodo_CP2b/fl_espacial/outputs_v5.0_bak/sensibilidade_qmin.csv,1641,b21d99d344988e0dd44fbbab6bf928bd62401abb6905d56a960af2cf0ecc04a6,não encontrado,,não encontrado,not_flagged,não encontrado,não encontrado,derived_output,no,,
esd_sensibilidade_r2_2,Metodo_CP2b/fl_espacial/outputs_v5.0_bak/sensibilidade_r2.csv,2778,1b6fabb9800d4ee306c6963b23d3cdc19f705ecd89a747e7d70b361243f4a47a,não encontrado,,não encontrado,not_flagged,não encontrado,não encontrado,derived_output,no,,
esd_tortuosidade_pares_2,Metodo_CP2b/fl_espacial/outputs_v5.0_bak/tortuosidade_pares.csv,468493,175f6ab44cfba5405461e31414f810e3a6e117a9046dd7b992e92db3a8e6d9bc,não encontrado,,não encontrado,not_flagged,não encontrado,não encontrado,derived_output,no,,
esd_tortuosidade_resumo_2,Metodo_CP2b/fl_espacial/outputs_v5.0_bak/tortuosidade_resumo.csv,410,15e23e4a6456f2c3d360d6e509c3e48cc76d86e3ef20d3a59eec35f2d99e1432,não encontrado,,não encontrado,not_flagged,não encontrado,não encontrado,derived_output,no,,
esd_validacao_plantas_2,Metodo_CP2b/fl_espacial/outputs_v5.0_bak/validacao_plantas.csv,25186,bbd1b04a5d5a89d5c95f7d5425378806102269dbeb42766e7b851a5981dbee3f,não encontrado,,não encontrado,not_flagged,não encontrado,não encontrado,derived_output,no,,
esd_validacao_taxa_acerto_2,Metodo_CP2b/fl_espacial/outputs_v5.0_bak/validacao_taxa_acerto.csv,702,1f2a1964497385b84463c1794f3c6117da4d943087d6a1dae5501e7c8bf06c63,não encontrado,,não encontrado,not_flagged,não encontrado,não encontrado,derived_output,no,,
esd_gedave_bovinos_agregado_municipio_sistema,Metodo_CP2b/inputs/gedave_bovinos_agregado_municipio_sistema.csv,163180,913028f731f7a604c2b2b7f19235bf662695e0b4a0151cc882fb5fcac376c1b4,não encontrado,,não encontrado,no_aggregated,não encontrado,não encontrado,derived_input,yes,,agregado por município de cadastro com CPF/CNPJ (fonte LGPD); cp2b_params.py diz 'sem dados pessoais'
esd_metodo_cp2b_parametros_e_resultados,Metodo_CP2b/outputs/Metodo_CP2b_parametros_e_resultados.xlsx,38189,0bbd64271a6649a112c760e194f7266156be09fb46e0f013057a66742993be03,não encontrado,,não encontrado,not_flagged,não encontrado,não encontrado,derived_output,no,,
esd_cp2b_atividade_municipal,Metodo_CP2b/outputs/cp2b_atividade_municipal.csv,189209,876d7673f324ab38e2e60739845e46b97d1817a72f042831a857b7fc5a1ef528,não encontrado,,não encontrado,not_flagged,não encontrado,não encontrado,derived_output,no,,
esd_cp2b_bases_volumetricas_med,Metodo_CP2b/outputs/cp2b_bases_volumetricas_med.csv,581,57c49c8c02f86db01f2e44676656ba296077efa37f7d449981af3a3484d1ac4a,não encontrado,,não encontrado,not_flagged,não encontrado,não encontrado,derived_output,no,,
esd_cp2b_diagnostico,Metodo_CP2b/outputs/cp2b_diagnostico.json,776,4fe3a6a6e63d059adecba05ff176c3ccc877e324043360b73c459ea75f8b8891,não encontrado,,não encontrado,not_flagged,não encontrado,não encontrado,derived_output,no,,
esd_cp2b_estado_niveis_bi_nm3ch4_ano,Metodo_CP2b/outputs/cp2b_estado_niveis_bi_Nm3CH4_ano.csv,377,1391126cc964f273f4366c2085d49cc768eb69206b7725795e102254983ad4c2,não encontrado,,não encontrado,not_flagged,não encontrado,não encontrado,derived_output,no,,
esd_cp2b_estado_niveis_bi_m3_ano,Metodo_CP2b/outputs/cp2b_estado_niveis_bi_m3_ano.csv,378,848a12457217b68f94a52ea560a092ca4f24623d70de74f506fdbc2ee116fb1b,não encontrado,,não encontrado,not_flagged,não encontrado,não encontrado,derived_output,no,,
esd_cp2b_estado_niveis_sem_lignocel_bi_nm3ch4_ano,Metodo_CP2b/outputs/cp2b_estado_niveis_sem_lignocel_bi_Nm3CH4_ano.csv,305,373c67c6d4067e28bae474ca632cd589634d401742ddd55569cc60aaa3215b35,não encontrado,,não encontrado,not_flagged,não encontrado,não encontrado,derived_output,no,,
esd_cp2b_estado_por_fluxo_med,Metodo_CP2b/outputs/cp2b_estado_por_fluxo_med.csv,1683,2727aa98b8378f61be79d03d624de034d862e90fd82bbc68d74d7316db7f1cff,não encontrado,,não encontrado,not_flagged,não encontrado,não encontrado,derived_output,no,,
esd_cp2b_estado_por_substrato_med,Metodo_CP2b/outputs/cp2b_estado_por_substrato_med.csv,1852,9ebf1cc82279c907c977332850e718d6e1fab6783f521c955e52697dff7ba0c1,não encontrado,,não encontrado,not_flagged,não encontrado,não encontrado,derived_output,no,,
esd_cp2b_municipio_resumo,Metodo_CP2b/outputs/cp2b_municipio_resumo.csv,235925,1ddd0b65f154e0e97dd1d11b8b5a2ae7644192d819975100a8b945b7e93e1cb0,não encontrado,,não encontrado,not_flagged,não encontrado,não encontrado,derived_output,no,,
esd_cp2b_municipio_substrato,Metodo_CP2b/outputs/cp2b_municipio_substrato.csv,7635175,e7663fb6e6c9c86544bc899383eb59294464af0b52b0b5b2a9883a740d7b05f0,não encontrado,,não encontrado,not_flagged,não encontrado,não encontrado,derived_output,no,,
esd_cp2b_parametros_basisdaten,Metodo_CP2b/outputs/cp2b_parametros_BASISDATEN.csv,12963,d96ceafe45f8e9f3062be8f26ab6c7ca17d4e357a78d8cae9202a3c1de853362,não encontrado,,não encontrado,not_flagged,não encontrado,não encontrado,derived_output,no,,
esd_cp2b_usinas_alocacao,Metodo_CP2b/outputs/cp2b_usinas_alocacao.csv,15690,3fea7773a8081eb930797e0ff2ccb039dd2755c2441fe46f18c4292d2d2c0c1f,não encontrado,,não encontrado,not_flagged,não encontrado,não encontrado,derived_output,no,,
esd_cp2b_uso_energetico_existente,Metodo_CP2b/outputs/cp2b_uso_energetico_existente.csv,7081,15b3e39a1a446266b452ba7ef4dcc71d82b26077932ab619405108c39ae0db6d,não encontrado,,não encontrado,not_flagged,não encontrado,não encontrado,derived_output,no,,
esd_cp2b_atividade_municipal_2,Metodo_CP2b/outputs_v5.0_bak/cp2b_atividade_municipal.csv,189855,8da72d3ddf52b7ba786e356988d3c39d1ba1b937f34b3116513ea0960e00e7a2,não encontrado,,não encontrado,not_flagged,não encontrado,não encontrado,derived_output,no,,
esd_cp2b_bases_volumetricas_med_2,Metodo_CP2b/outputs_v5.0_bak/cp2b_bases_volumetricas_med.csv,584,a1a5ecd55c45bc52c065d33a839a3511d08884dfef6b8bd7d884779755abc241,não encontrado,,não encontrado,not_flagged,não encontrado,não encontrado,derived_output,no,,
esd_cp2b_diagnostico_2,Metodo_CP2b/outputs_v5.0_bak/cp2b_diagnostico.json,837,7712d0fac238d443dc77f3721d841ca1f28274eee9eb28121cd08749b08ed1be,não encontrado,,não encontrado,not_flagged,não encontrado,não encontrado,derived_output,no,,
esd_cp2b_estado_niveis_bi_nm3ch4_ano_2,Metodo_CP2b/outputs_v5.0_bak/cp2b_estado_niveis_bi_Nm3CH4_ano.csv,381,c17ac091094d931aca4993100f0ed9a89588bd162fdce0989182f19feb6d17ce,não encontrado,,não encontrado,not_flagged,não encontrado,não encontrado,derived_output,no,,
esd_cp2b_estado_niveis_sem_lignocel_bi_nm3ch4_ano_2,Metodo_CP2b/outputs_v5.0_bak/cp2b_estado_niveis_sem_lignocel_bi_Nm3CH4_ano.csv,309,ff5ea0166fd87f76359c2738862f78e5ca5cbcd70cc29a6e527b190732d97e08,não encontrado,,não encontrado,not_flagged,não encontrado,não encontrado,derived_output,no,,
esd_cp2b_estado_por_fluxo_med_2,Metodo_CP2b/outputs_v5.0_bak/cp2b_estado_por_fluxo_med.csv,1700,12d6bfeec171c41dd597bdeb2496ed2471cadb393c9e83e1a46ea2cc9765c0eb,não encontrado,,não encontrado,not_flagged,não encontrado,não encontrado,derived_output,no,,
esd_cp2b_estado_por_substrato_med_2,Metodo_CP2b/outputs_v5.0_bak/cp2b_estado_por_substrato_med.csv,1874,4e79efab0307cbc1d371470e60af87c7b77da38556e759bd9ea16a195e1b28c2,não encontrado,,não encontrado,not_flagged,não encontrado,não encontrado,derived_output,no,,
esd_cp2b_municipio_resumo_2,Metodo_CP2b/outputs_v5.0_bak/cp2b_municipio_resumo.csv,230434,bf92c28c08b4fd08c5b084384513332f629be1a5e4d6dfeaeafb73fcf133b75a,não encontrado,,não encontrado,not_flagged,não encontrado,não encontrado,derived_output,no,,
esd_cp2b_municipio_substrato_2,Metodo_CP2b/outputs_v5.0_bak/cp2b_municipio_substrato.csv,7678717,fd49a9582965235932dbe9797d81b8b18ba280041e4e1c8522a00496edef6825,não encontrado,,não encontrado,not_flagged,não encontrado,não encontrado,derived_output,no,,
esd_cp2b_parametros_basisdaten_2,Metodo_CP2b/outputs_v5.0_bak/cp2b_parametros_BASISDATEN.csv,15226,eef4f2a7982ea0c7aece23accd98a92d9a72396aee2b7bc64891c7c372544161,não encontrado,,não encontrado,not_flagged,não encontrado,não encontrado,derived_output,no,,
esd_cp2b_usinas_alocacao_2,Metodo_CP2b/outputs_v5.0_bak/cp2b_usinas_alocacao.csv,15851,219287583f515316deeef0de9dae520b0ba077e6ce79a88d514bcfc49d5ef1b7,não encontrado,,não encontrado,not_flagged,não encontrado,não encontrado,derived_output,no,,
esd_cp2b_uso_energetico_existente_2,Metodo_CP2b/outputs_v5.0_bak/cp2b_uso_energetico_existente.csv,7138,4e4b6273fb8208d707570c286a108edaa2006ec0f33e3060524e8579a2e38589,não encontrado,,não encontrado,not_flagged,não encontrado,não encontrado,derived_output,no,,
esd_reconciliacao_v4_v5_estado,Metodo_CP2b/outputs_v5.0_bak/reconciliacao_v4_v5_estado.csv,1242,e2d8743313826911d52c638781bab2811a7be311d743adfcfc67cedc1fd6f021,não encontrado,,não encontrado,not_flagged,não encontrado,não encontrado,derived_output,no,,
esd_reconciliacao_v4_v5_fluxo_med,Metodo_CP2b/outputs_v5.0_bak/reconciliacao_v4_v5_fluxo_med.csv,2242,ac58fe5867ed5f157d4e0834ac9f34efc487b9bb47bf8dbbf383ee878d3d63d7,não encontrado,,não encontrado,not_flagged,não encontrado,não encontrado,derived_output,no,,
esd_reconciliacao_v4_v5_top20_med,Metodo_CP2b/outputs_v5.0_bak/reconciliacao_v4_v5_top20_med.csv,10022,04c10f3e93f67814617210603c631aebb909e779f9af51d7b83ac4feae5379e8,não encontrado,,não encontrado,not_flagged,não encontrado,não encontrado,derived_output,no,,
esd_v5_codig_alocado_cp2b_estado_niveis_bi_nm3ch4_ano,Metodo_CP2b/outputs_v5.0_bak/v5_codig_alocado_cp2b_estado_niveis_bi_Nm3CH4_ano.csv,314,e34ebc81e063ad0ec93d57daa334b343d4374b67f82ae1a657b506a650910495,não encontrado,,não encontrado,not_flagged,não encontrado,não encontrado,derived_output,no,,
esd_v5_codig_alocado_cp2b_estado_niveis_sem_lignocel_bi_nm3ch4_a,Metodo_CP2b/outputs_v5.0_bak/v5_codig_alocado_cp2b_estado_niveis_sem_lignocel_bi_Nm3CH4_ano.csv,309,39ff79500fd88ae61fb346babdc9085f7ed2d361cc06c3608ade48c846b97bb6,não encontrado,,não encontrado,not_flagged,não encontrado,não encontrado,derived_output,no,,
esd_v5_codig_alocado_cp2b_estado_por_fluxo_med,Metodo_CP2b/outputs_v5.0_bak/v5_codig_alocado_cp2b_estado_por_fluxo_med.csv,1368,0814f507e7c8e02fb9fb8c39623e120cd2777c5ae2768e57278d94ce9afc7a00,não encontrado,,não encontrado,not_flagged,não encontrado,não encontrado,derived_output,no,,
esd_v5_codig_alocado_cp2b_estado_por_substrato_med,Metodo_CP2b/outputs_v5.0_bak/v5_codig_alocado_cp2b_estado_por_substrato_med.csv,1879,935a726361d6fd121d63c5fcebd8f663a2ffe1196b1e415ddba1ab85d0c21b76,não encontrado,,não encontrado,not_flagged,não encontrado,não encontrado,derived_output,no,,
esd_v5_codig_alocado_cp2b_municipio_resumo,Metodo_CP2b/outputs_v5.0_bak/v5_codig_alocado_cp2b_municipio_resumo.csv,143171,4091778ea2d959c8eaafa67ab59512562b6669f3c99941693ccac35a98b034fc,não encontrado,,não encontrado,not_flagged,não encontrado,não encontrado,derived_output,no,,
esd_v5_codig_alocado_cp2b_municipio_substrato,Metodo_CP2b/outputs_v5.0_bak/v5_codig_alocado_cp2b_municipio_substrato.csv,10157093,6f4f24c2b15c2d46edf12759fe14c8c4a24cd3872a38fb27ca4e0c543ce4d16b,não encontrado,,não encontrado,not_flagged,não encontrado,não encontrado,derived_output,no,,
esd_v5_codig_alocado_palha_qualquer_hub_cp2b_estado_niveis_bi_nm,Metodo_CP2b/outputs_v5.0_bak/v5_codig_alocado_palha_qualquer_hub_cp2b_estado_niveis_bi_Nm3CH4_ano.csv,315,65b85083341e0eb4ca865a1cf726fdd8ee8d27a2c43b2627f2c0b926a3a95c00,não encontrado,,não encontrado,not_flagged,não encontrado,não encontrado,derived_output,no,,
esd_v5_codig_alocado_palha_qualquer_hub_cp2b_estado_niveis_sem_l,Metodo_CP2b/outputs_v5.0_bak/v5_codig_alocado_palha_qualquer_hub_cp2b_estado_niveis_sem_lignocel_bi_Nm3CH4_ano.csv,308,c7ab012ea09b0f0c7fd8871ce76c3301d1b6b9eac001b07d1551522a0f993531,não encontrado,,não encontrado,not_flagged,não encontrado,não encontrado,derived_output,no,,
esd_v5_codig_alocado_palha_qualquer_hub_cp2b_estado_por_fluxo_me,Metodo_CP2b/outputs_v5.0_bak/v5_codig_alocado_palha_qualquer_hub_cp2b_estado_por_fluxo_med.csv,1364,f76f2a113056f5f531b8d26ed4b5e6162c10da446c747440c0b59a3fe5d96545,não encontrado,,não encontrado,not_flagged,não encontrado,não encontrado,derived_output,no,,
esd_v5_codig_alocado_palha_qualquer_hub_cp2b_estado_por_substrat,Metodo_CP2b/outputs_v5.0_bak/v5_codig_alocado_palha_qualquer_hub_cp2b_estado_por_substrato_med.csv,1879,75c9f438509de571df8a23163193db80ca4d58b3e060c4b502bdd6fe94967e19,não encontrado,,não encontrado,not_flagged,não encontrado,não encontrado,derived_output,no,,
esd_v5_codig_alocado_palha_qualquer_hub_cp2b_municipio_resumo,Metodo_CP2b/outputs_v5.0_bak/v5_codig_alocado_palha_qualquer_hub_cp2b_municipio_resumo.csv,143022,ea70c2574aa3a6ed3ed40c271f9c0c6f2e1bc47aaafbdf601f599f055edaf5b7,não encontrado,,não encontrado,not_flagged,não encontrado,não encontrado,derived_output,no,,
esd_v5_codig_alocado_palha_qualquer_hub_cp2b_municipio_substrato,Metodo_CP2b/outputs_v5.0_bak/v5_codig_alocado_palha_qualquer_hub_cp2b_municipio_substrato.csv,10772503,bd8f056df8c70d2d27e38751f7d8a1056058da2b6ce72a81621f206c4f09ff38,não encontrado,,não encontrado,not_flagged,não encontrado,não encontrado,derived_output,no,,
esd_v5_codigestao_cp2b_estado_niveis_bi_nm3ch4_ano,Metodo_CP2b/outputs_v5.0_bak/v5_codigestao_cp2b_estado_niveis_bi_Nm3CH4_ano.csv,315,15f92dec4139a63a0fc98f2c0592f506ef9710b2e80e0d461792157ce3ee3696,não encontrado,,não encontrado,not_flagged,não encontrado,não encontrado,derived_output,no,,
esd_v5_codigestao_cp2b_estado_niveis_sem_lignocel_bi_nm3ch4_ano,Metodo_CP2b/outputs_v5.0_bak/v5_codigestao_cp2b_estado_niveis_sem_lignocel_bi_Nm3CH4_ano.csv,311,46d361178c7d298ea252fa24dc36d9e94e7c2cc13355621cdfd6c3efec769675,não encontrado,,não encontrado,not_flagged,não encontrado,não encontrado,derived_output,no,,
esd_v5_codigestao_cp2b_estado_por_fluxo_med,Metodo_CP2b/outputs_v5.0_bak/v5_codigestao_cp2b_estado_por_fluxo_med.csv,1366,d6fd24c68b759d9e02499b2739d13e42aa6caf43ae4d62076ce239dbf49a2b7b,não encontrado,,não encontrado,not_flagged,não encontrado,não encontrado,derived_output,no,,
esd_v5_codigestao_cp2b_estado_por_substrato_med,Metodo_CP2b/outputs_v5.0_bak/v5_codigestao_cp2b_estado_por_substrato_med.csv,1879,10273d4d19987c35f4fc6140323a42f3dee7f36694bb7c50389acb997844bce9,não encontrado,,não encontrado,not_flagged,não encontrado,não encontrado,derived_output,no,,
esd_v5_codigestao_cp2b_municipio_resumo,Metodo_CP2b/outputs_v5.0_bak/v5_codigestao_cp2b_municipio_resumo.csv,143545,a92b1394e8be216c944166b98e44cdfef1e6b451e0c2f97c28f2ca8da18433f5,não encontrado,,não encontrado,not_flagged,não encontrado,não encontrado,derived_output,no,,
esd_v5_codigestao_cp2b_municipio_substrato,Metodo_CP2b/outputs_v5.0_bak/v5_codigestao_cp2b_municipio_substrato.csv,9830706,f24812bdce91f83126bdeb7fcc8a692d36413006f6b679969513dba0c87cfacf,não encontrado,,não encontrado,not_flagged,não encontrado,não encontrado,derived_output,no,,
esd_v5_mono_alocado_cp2b_estado_niveis_bi_nm3ch4_ano,Metodo_CP2b/outputs_v5.0_bak/v5_mono_alocado_cp2b_estado_niveis_bi_Nm3CH4_ano.csv,316,6fd4074fbf2bc30691bac207f1f556bd7c474387e5bdeb72d1962193db4f4b44,não encontrado,,não encontrado,not_flagged,não encontrado,não encontrado,derived_output,no,,
esd_v5_mono_alocado_cp2b_estado_niveis_sem_lignocel_bi_nm3ch4_an,Metodo_CP2b/outputs_v5.0_bak/v5_mono_alocado_cp2b_estado_niveis_sem_lignocel_bi_Nm3CH4_ano.csv,310,92a22bb612044fd3252b3eb99e74fb86e7c87ba81ea54baeadb8e6e2e7e8e5af,não encontrado,,não encontrado,not_flagged,não encontrado,não encontrado,derived_output,no,,
esd_v5_mono_alocado_cp2b_estado_por_fluxo_med,Metodo_CP2b/outputs_v5.0_bak/v5_mono_alocado_cp2b_estado_por_fluxo_med.csv,1374,3d749e20437f5bbd766f26f99df206ba8bd320b5743cff778e687e0e606dbb2c,não encontrado,,não encontrado,not_flagged,não encontrado,não encontrado,derived_output,no,,
esd_v5_mono_alocado_cp2b_estado_por_substrato_med,Metodo_CP2b/outputs_v5.0_bak/v5_mono_alocado_cp2b_estado_por_substrato_med.csv,1881,7c6a850510ddfa095f3b2d624f52b8fd6166d1661a79f457c02e7117aca0200b,não encontrado,,não encontrado,not_flagged,não encontrado,não encontrado,derived_output,no,,
esd_v5_mono_alocado_cp2b_municipio_resumo,Metodo_CP2b/outputs_v5.0_bak/v5_mono_alocado_cp2b_municipio_resumo.csv,142487,bb7c937afd2756e66006dd7a6433aabf9416824509ee31bdf6ac9574434f737f,não encontrado,,não encontrado,not_flagged,não encontrado,não encontrado,derived_output,no,,
esd_v5_mono_alocado_cp2b_municipio_substrato,Metodo_CP2b/outputs_v5.0_bak/v5_mono_alocado_cp2b_municipio_substrato.csv,9717730,99f53e0df168d834c71dddd11896d9ab390850517101609774f411065f58a673,não encontrado,,não encontrado,not_flagged,não encontrado,não encontrado,derived_output,no,,
esd_v5_mono_cp2b_estado_niveis_bi_nm3ch4_ano,Metodo_CP2b/outputs_v5.0_bak/v5_mono_cp2b_estado_niveis_bi_Nm3CH4_ano.csv,315,c6550ac2e408f858bbd2470c9fa7c650d941dd089ba918e1b9cc7bedf9afa6e1,não encontrado,,não encontrado,not_flagged,não encontrado,não encontrado,derived_output,no,,
esd_v5_mono_cp2b_estado_niveis_sem_lignocel_bi_nm3ch4_ano,Metodo_CP2b/outputs_v5.0_bak/v5_mono_cp2b_estado_niveis_sem_lignocel_bi_Nm3CH4_ano.csv,311,149e23fe21ceb8ffc7fc43a2085d01b370c89dbe741023475173757e4d084838,não encontrado,,não encontrado,not_flagged,não encontrado,não encontrado,derived_output,no,,
esd_v5_mono_cp2b_estado_por_fluxo_med,Metodo_CP2b/outputs_v5.0_bak/v5_mono_cp2b_estado_por_fluxo_med.csv,1369,317768d49edbc47800179ec958693c8b0ba9967a9a3192cb444a034ab8d73428,não encontrado,,não encontrado,not_flagged,não encontrado,não encontrado,derived_output,no,,
esd_v5_mono_cp2b_estado_por_substrato_med,Metodo_CP2b/outputs_v5.0_bak/v5_mono_cp2b_estado_por_substrato_med.csv,1879,232ed7854e8ea785ed584a5994c918523ef1bafa87e7fb7cac55386dba1be1f8,não encontrado,,não encontrado,not_flagged,não encontrado,não encontrado,derived_output,no,,
esd_v5_mono_cp2b_municipio_resumo,Metodo_CP2b/outputs_v5.0_bak/v5_mono_cp2b_municipio_resumo.csv,142848,79ee776faf79aea16a1fa0f3c893ffc2e1bf17e03ff193726458280abe587e86,não encontrado,,não encontrado,not_flagged,não encontrado,não encontrado,derived_output,no,,
esd_v5_mono_cp2b_municipio_substrato,Metodo_CP2b/outputs_v5.0_bak/v5_mono_cp2b_municipio_substrato.csv,9355446,103f6cff353394dc098dd492639e15f3373d70ac6bbc385a203a3708b14de58c,não encontrado,,não encontrado,not_flagged,não encontrado,não encontrado,derived_output,no,,
esd_v5_reconciliacao_estado,Metodo_CP2b/outputs_v5.0_bak/v5_reconciliacao_estado.csv,1637,85ee4ff3ad568f6b152961e03b5f4b64f09fa14d040f2ebfaaedbdd689d70ca4,não encontrado,,não encontrado,not_flagged,não encontrado,não encontrado,derived_output,no,,
esd_v5_reconciliacao_fluxo_med,Metodo_CP2b/outputs_v5.0_bak/v5_reconciliacao_fluxo_med.csv,4304,2964dfde830b786047f1153a29734c7fed1df53094a811d25020bc25a7d1259e,não encontrado,,não encontrado,not_flagged,não encontrado,não encontrado,derived_output,no,,
esd_v5_reconciliacao_fluxo_med_sem_lignocel,Metodo_CP2b/outputs_v5.0_bak/v5_reconciliacao_fluxo_med_sem_lignocel.csv,3609,70cc8687ca615d45b131be7be524ea4150007852e4dbde1b9d08b6c3435513b4,não encontrado,,não encontrado,not_flagged,não encontrado,não encontrado,derived_output,no,,
esd_v5_reconciliacao_top20_municipios_med,Metodo_CP2b/outputs_v5.0_bak/v5_reconciliacao_top20_municipios_med.csv,21708,68a98f972b13054f1f3eb6b2e7ad6ff262b3b9c77f8cf5c9ad379efbaea991bf,não encontrado,,não encontrado,not_flagged,não encontrado,não encontrado,derived_output,no,,
esd_t10_typologies,Metodo_CP2b/outputs_v5/artigo/T10_typologies.csv,1515,49827e4e25b11063bb2d955136b423c8784221d30b67e0dd8259211552ca6b2f,não encontrado,,não encontrado,not_flagged,não encontrado,não encontrado,derived_output,no,,
esd_t13_industrial_units_of_interest,Metodo_CP2b/outputs_v5/artigo/T13_industrial_units_of_interest.csv,460,d9ac001c0932a1576722422986a0c0cebcd00efcc53987fb584056c61e37538c,não encontrado,,não encontrado,not_flagged,não encontrado,não encontrado,derived_output,no,,
esd_t1_state_levels,Metodo_CP2b/outputs_v5/artigo/T1_state_levels.csv,1447,76db542daad9000bf14c152e976ab4cce7af4fa81a04809fd069c03b238da35e,não encontrado,,não encontrado,not_flagged,não encontrado,não encontrado,derived_output,no,,
esd_t2_volumetric_bases_med,Metodo_CP2b/outputs_v5/artigo/T2_volumetric_bases_med.csv,628,e521ede58f275b2f5b56f00200f3c81d9457c1b191a8446022c59bb4a7f0d1d8,não encontrado,,não encontrado,not_flagged,não encontrado,não encontrado,derived_output,no,,
esd_t3_substrates_factors_med,Metodo_CP2b/outputs_v5/artigo/T3_substrates_factors_med.csv,3635,758a93e7e54caee13ae6311aa60205e6dc5722b190aa623d4ed40f6f3898abd6,não encontrado,,não encontrado,not_flagged,não encontrado,não encontrado,derived_output,no,,
esd_t4_streams_med,Metodo_CP2b/outputs_v5/artigo/T4_streams_med.csv,1975,8f76f351561efd7c53ee6c80883e1e22dc02f8fb032ff1c0f1948d8d018a76b3,não encontrado,,não encontrado,not_flagged,não encontrado,não encontrado,derived_output,no,,
esd_t5_fl_variants_n4,Metodo_CP2b/outputs_v5/artigo/T5_FL_variants_N4.csv,1044,8b9b17ee77af0f6fe22ceeeb4201d4e776f6cbec462e9a7d0d93789397df8a7c,não encontrado,,não encontrado,not_flagged,não encontrado,não encontrado,derived_output,no,,
esd_t6_concentration_autocorrelation,Metodo_CP2b/outputs_v5/artigo/T6_concentration_autocorrelation.csv,595,f40a48276d20b469b3790f5ad4bc1626a2d3cdc4b7975fd63c3b00633c0619d1,não encontrado,,não encontrado,not_flagged,não encontrado,não encontrado,derived_output,no,,
esd_t6b_lisa_classes,Metodo_CP2b/outputs_v5/artigo/T6b_LISA_classes.csv,348,1aebcfb1ef7374b9605412f73c6f8bd92aa2001d34f436c7ad9fa38a2e21b7f6,não encontrado,,não encontrado,not_flagged,não encontrado,não encontrado,derived_output,no,,
esd_t7_top_municipalities,Metodo_CP2b/outputs_v5/artigo/T7_top_municipalities.csv,2918,eb98f46ba12a5eb75a299685bfc5b10a54c084ad4c55191a049f2a3d31461e5e,não encontrado,,não encontrado,not_flagged,não encontrado,não encontrado,derived_output,no,,
esd_t8_intermediate_regions,Metodo_CP2b/outputs_v5/artigo/T8_intermediate_regions.csv,833,63e4fa5d03fedd5c5f8b32c6fa6630064459d5367a8854452d5441bf2ab05aa5,não encontrado,,não encontrado,not_flagged,não encontrado,não encontrado,derived_output,no,,
esd_t9_energy_access_50km,Metodo_CP2b/outputs_v5/artigo/T9_energy_access_50km.csv,680,de04457dabd0d3890c79e25b47df2b3e5efbbbcaaf33b0d07b151a3ed46affcf,não encontrado,,não encontrado,not_flagged,não encontrado,não encontrado,derived_output,no,,
esd_indicadores,Metodo_CP2b/outputs_v5/artigo/indicadores.json,4468,eea2e3cd68d1532fd27c10a8ca6bd3cb2088d78b0c9e171414be4d5c29aa85e5,não encontrado,,não encontrado,not_flagged,não encontrado,não encontrado,derived_output,no,,
esd_municipal_n3_n4_med,Metodo_CP2b/outputs_v5/artigo/municipal_N3_N4_med.csv,115767,fe08b0ea033a45611c57fd4d4de16080ff366b0106dbeff55f90d913387d70bd,não encontrado,,não encontrado,not_flagged,não encontrado,não encontrado,derived_output,no,,
esd_cp2b_atividade_municipal_3,Metodo_CP2b/outputs_v5/cp2b_atividade_municipal.csv,192655,6725a6e42976271fa9604c0333998e2a4192dcaf8eab5eb66765e58084c4ad05,não encontrado,,não encontrado,not_flagged,não encontrado,não encontrado,derived_output,no,,
esd_cp2b_bases_volumetricas_med_3,Metodo_CP2b/outputs_v5/cp2b_bases_volumetricas_med.csv,582,ce097e63cd2f21a4e6ad3dfe274d857ea8f1ca0723652b9b5a1becd325e0a859,não encontrado,,não encontrado,not_flagged,não encontrado,não encontrado,derived_output,no,,
esd_cp2b_diagnostico_3,Metodo_CP2b/outputs_v5/cp2b_diagnostico.json,903,4cf648cc3760fc693d30f87f317436909147092eb8b954efbfaa2820eeac5b07,não encontrado,,não encontrado,not_flagged,não encontrado,não encontrado,derived_output,no,,
esd_cp2b_estado_niveis_bi_nm3ch4_ano_3,Metodo_CP2b/outputs_v5/cp2b_estado_niveis_bi_Nm3CH4_ano.csv,383,2d4c2deb761c70ff5cb1fb437a099d12f8f798fed7954951f28e8549eade0056,não encontrado,,não encontrado,not_flagged,não encontrado,não encontrado,derived_output,no,,
esd_cp2b_estado_niveis_sem_lignocel_bi_nm3ch4_ano_3,Metodo_CP2b/outputs_v5/cp2b_estado_niveis_sem_lignocel_bi_Nm3CH4_ano.csv,309,bd3c7de24d30be66b431919e5e3316ea3bd6b78f49dd7500f82fc145b03a13b4,não encontrado,,não encontrado,not_flagged,não encontrado,não encontrado,derived_output,no,,
esd_cp2b_estado_por_fluxo_med_3,Metodo_CP2b/outputs_v5/cp2b_estado_por_fluxo_med.csv,1724,ea47e1a7c6d1df1b845bbfebb0e8e0b80a58957ec6429566d40c50c969ca2dab,não encontrado,,não encontrado,not_flagged,não encontrado,não encontrado,derived_output,no,,
esd_cp2b_estado_por_substrato_med_3,Metodo_CP2b/outputs_v5/cp2b_estado_por_substrato_med.csv,1897,5bdaca31bd91aa14fb9353cbd18c0e25d1eff5d3bd7f025fb0e665330fbb7662,não encontrado,,não encontrado,not_flagged,não encontrado,não encontrado,derived_output,no,,
esd_cp2b_municipio_resumo_3,Metodo_CP2b/outputs_v5/cp2b_municipio_resumo.csv,230266,b22de72b83983f89f49d3eb60c7e09d1822fc17382bea6999555ffbbdb8f729d,não encontrado,,não encontrado,not_flagged,não encontrado,não encontrado,derived_output,no,,
esd_cp2b_municipio_substrato_3,Metodo_CP2b/outputs_v5/cp2b_municipio_substrato.csv,7528142,dd9fdaf8e69c756a6aec93a508dfa189a65b233136d39d60e861c0eef76bb57e,não encontrado,,não encontrado,not_flagged,não encontrado,não encontrado,derived_output,no,,
esd_cp2b_parametros_basisdaten_3,Metodo_CP2b/outputs_v5/cp2b_parametros_BASISDATEN.csv,15291,989c1cae1faec50a9426924d942564c729d094d90bdf8ac7bb4f57627fb1250e,não encontrado,,não encontrado,not_flagged,não encontrado,não encontrado,derived_output,no,,
esd_cp2b_usinas_alocacao_3,Metodo_CP2b/outputs_v5/cp2b_usinas_alocacao.csv,15851,219287583f515316deeef0de9dae520b0ba077e6ce79a88d514bcfc49d5ef1b7,não encontrado,,não encontrado,not_flagged,não encontrado,não encontrado,derived_output,no,,
esd_cp2b_uso_energetico_existente_3,Metodo_CP2b/outputs_v5/cp2b_uso_energetico_existente.csv,7138,4e4b6273fb8208d707570c286a108edaa2006ec0f33e3060524e8579a2e38589,não encontrado,,não encontrado,not_flagged,não encontrado,não encontrado,derived_output,no,,
esd_f1_substrates_n4_med,Metodo_CP2b/outputs_v5/final_N4/F1_substrates_N4_med.csv,2342,4eb7138affa5b4480e0d0974d642b5cd4181155367cbc67fa4e49bf10da36127,não encontrado,,não encontrado,not_flagged,não encontrado,não encontrado,derived_output,no,,
esd_f2_streams_n4_med,Metodo_CP2b/outputs_v5/final_N4/F2_streams_N4_med.csv,1343,23c79da47ca4ce1e463c2354d06abb3570bb06b5e2e1371deb9919c075f93e4b,não encontrado,,não encontrado,not_flagged,não encontrado,não encontrado,derived_output,no,,
esd_f3_predominance_n4,Metodo_CP2b/outputs_v5/final_N4/F3_predominance_N4.csv,246,0ffcaff337d38833e004060f55c0056afb6cdd77a3179ebd2c4ea69fe672da4f,não encontrado,,não encontrado,not_flagged,não encontrado,não encontrado,derived_output,no,,
esd_f3b_predominance_n4_municipal,Metodo_CP2b/outputs_v5/final_N4/F3b_predominance_N4_municipal.csv,86729,e4ac5a0138ac652147497289abb5984dea2f424e85b5649c2e05de65d98a5c2c,não encontrado,,não encontrado,not_flagged,não encontrado,não encontrado,derived_output,no,,
esd_f4_tornado_n4_top10,Metodo_CP2b/outputs_v5/final_N4/F4_tornado_N4_top10.csv,2870,415642d2ae87869fb83ee8c4addd0b55dca5b5b0cc490ed9af1c36c20380aed3,não encontrado,,não encontrado,not_flagged,não encontrado,não encontrado,derived_output,no,,
esd_f5_screening_model_n4,Metodo_CP2b/outputs_v5/final_N4/F5_screening_model_N4.csv,3045,dfb44058816572d71ce425856215d274dda81904ba19124f806da498c275d370,não encontrado,,não encontrado,not_flagged,não encontrado,não encontrado,derived_output,no,,
esd_fig1_classes,Metodo_CP2b/outputs_v5/final_N4/figuras/Fig1/Fig1_classes.csv,319,8103d7ec650739745b2d7a4256567f346f2f66ddcdf38beff6e2ac1cea578a28,não encontrado,,não encontrado,not_flagged,não encontrado,não encontrado,derived_output,no,,
esd_fig1_classes_municipio,Metodo_CP2b/outputs_v5/final_N4/figuras/Fig1_predominante/Fig1_classes_municipio.csv,111894,63f481b9a1b53f60ea019c4680bf5969689cc7d6d537e9cc4ef6c85d6994638c,não encontrado,,não encontrado,not_flagged,não encontrado,não encontrado,derived_output,no,,
esd_fig1_regioes,Metodo_CP2b/outputs_v5/final_N4/figuras/Fig1_predominante/Fig1_regioes.csv,9338,6062a8a8a836b1cce330ca5aa3ee38af08a1ce91e5fcbe21d9d442a122eadd11,não encontrado,,não encontrado,not_flagged,não encontrado,não encontrado,derived_output,no,,
esd_fig1_resumo,Metodo_CP2b/outputs_v5/final_N4/figuras/Fig1_predominante/Fig1_resumo.csv,2543,18e7126100aa4ba58bbdddd063618cb3b66e81f5799bc3b7fcffa6b06fd7867a,não encontrado,,não encontrado,not_flagged,não encontrado,não encontrado,derived_output,no,,
esd_fig2_classes,Metodo_CP2b/outputs_v5/final_N4/figuras/Fig2_estilo/Fig2_classes.csv,245,cd7a0f14b110900818c4e4049d879d90a43cb7c1d6e073236a8255a15d524f9a,não encontrado,,não encontrado,not_flagged,não encontrado,não encontrado,derived_output,no,,
esd_fig5_categorias,Metodo_CP2b/outputs_v5/final_N4/figuras/Fig5/Fig5_categorias.csv,218,baf82e6c628170b64963d2bdacf2aeca630f3fbb04202aadddc85400ecfb9623,não encontrado,,não encontrado,not_flagged,não encontrado,não encontrado,derived_output,no,,
esd_s4_dados_conferencia,Metodo_CP2b/outputs_v5/final_N4/figuras/S4/S4_dados_conferencia.csv,3092,30dc15f9b877db81ca25e8b29e2722d256fb18c64f426c220d71363474e0640e,não encontrado,,não encontrado,not_flagged,não encontrado,não encontrado,derived_output,no,,
esd_paleta,Metodo_CP2b/outputs_v5/final_N4/figuras/paleta.json,14163,c28b69b42284dfdec1c3acdd0a8e6f4ce6c77f4e3bb7ecb06f7994d49bd8dbf5,não encontrado,,não encontrado,not_flagged,não encontrado,não encontrado,derived_output,no,,
esd_indicadores_n4,Metodo_CP2b/outputs_v5/final_N4/indicadores_N4.json,5809,3580eeb28720c5f906f3675f333633ca261e12d5975e7368ca3da1d4637f5236,não encontrado,,não encontrado,not_flagged,não encontrado,não encontrado,derived_output,no,,
esd_cp2b_alcance_lisa_n4_municipio,Metodo_CP2b/outputs_v5/final_N4/plataforma/cp2b_alcance_lisa_N4_municipio.csv,42293,6bec541655d8068f26f1127375018d7365b3089a4bf6ae67a71ea275506366d3,não encontrado,,não encontrado,not_flagged,não encontrado,não encontrado,derived_output,no,,
esd_cp2b_indicadores_n4,Metodo_CP2b/outputs_v5/final_N4/plataforma/cp2b_indicadores_N4.json,5809,3580eeb28720c5f906f3675f333633ca261e12d5975e7368ca3da1d4637f5236,não encontrado,,não encontrado,not_flagged,não encontrado,não encontrado,derived_output,no,,
esd_cp2b_predominancia_n4_municipio,Metodo_CP2b/outputs_v5/final_N4/plataforma/cp2b_predominancia_N4_municipio.csv,83501,8dba8359b433309c47846fd3bbb138479ef9ccc5c28a7573ec7fba0820ef84b2,não encontrado,,não encontrado,not_flagged,não encontrado,não encontrado,derived_output,no,,
esd_cp2b_fl_municipio_substrato,Metodo_CP2b/outputs_v5/plataforma/cp2b_fl_municipio_substrato.csv,2289989,e1af8b955032cff3e4560bbef978358108ebbe4d32fc0c80451edf0ca28f99ed,não encontrado,,não encontrado,not_flagged,não encontrado,não encontrado,derived_output,no,,
esd_cp2b_municipio_resumo_4,Metodo_CP2b/outputs_v5/plataforma/cp2b_municipio_resumo.csv,325199,e0a9106659c177a2ab9b27ccdb0f7179da74f7d13fba8d4f74996009e2fb6086,não encontrado,,não encontrado,not_flagged,não encontrado,não encontrado,derived_output,no,,
esd_cp2b_municipio_substrato_niveis,Metodo_CP2b/outputs_v5/plataforma/cp2b_municipio_substrato_niveis.csv,6267412,12c53a325842f571bc0f78cae25e36df784f9afad52f449d2fe663afef50848c,não encontrado,,não encontrado,not_flagged,não encontrado,não encontrado,derived_output,no,,
esd_cp2b_parametros,Metodo_CP2b/outputs_v5/plataforma/cp2b_parametros.csv,15291,989c1cae1faec50a9426924d942564c729d094d90bdf8ac7bb4f57627fb1250e,não encontrado,,não encontrado,not_flagged,não encontrado,não encontrado,derived_output,no,,
esd_cp2b_unidades_industriais_interesse,Metodo_CP2b/outputs_v5/plataforma/cp2b_unidades_industriais_interesse.csv,355543,4ac73ddf0d5baac7c13a9564248bbfb4d26118009124601b69d116a7d3809c49,não encontrado,,não encontrado,not_flagged,não encontrado,não encontrado,derived_output,no,,
esd_metadata,Metodo_CP2b/outputs_v5/plataforma/pacote_PR_Pilar2b/arquivos/cp2b-workspace/NewLook/docs/data/METADATA.json,8538,921368a9cefde046abf491bcdf0aa5f85aaf210941c104ef771c006fbd366d9d,não encontrado,,não encontrado,not_flagged,não encontrado,não encontrado,derived_output,no,,
esd_en,Metodo_CP2b/outputs_v5/plataforma/pacote_PR_Pilar2b/arquivos/cp2b-workspace/NewLook/frontend/messages/en.json,106472,767d5a31be092d9fa3858af05183bd172258a054f776420e039044337194e464,não encontrado,,não encontrado,not_flagged,não encontrado,não encontrado,derived_output,no,,
esd_pt_br,Metodo_CP2b/outputs_v5/plataforma/pacote_PR_Pilar2b/arquivos/cp2b-workspace/NewLook/frontend/messages/pt-BR.json,111133,5b8bc05284a23c494c6f0dbf473208e022fcd6162b49a68002af2821a083b433,não encontrado,,não encontrado,not_flagged,não encontrado,não encontrado,derived_output,no,,
esd_patch_notes,Metodo_CP2b/outputs_v5/plataforma/pacote_PR_Pilar2b/arquivos/cp2b-workspace/NewLook/frontend/src/data/patch-notes.json,6352,5e731b5b27aede632b193c22748a126f6715a7a992fdfa58ab920cd5d67255a2,não encontrado,,não encontrado,not_flagged,não encontrado,não encontrado,derived_output,no,,
esd_reconciliacao_v4_v5_estado_2,Metodo_CP2b/outputs_v5/reconciliacao_v4_v5_estado.csv,1244,e15244eed0e8ab93bcfa17045a09fee2194615e5df11f7e73bc22a993407a991,não encontrado,,não encontrado,not_flagged,não encontrado,não encontrado,derived_output,no,,
esd_reconciliacao_v4_v5_fluxo_med_2,Metodo_CP2b/outputs_v5/reconciliacao_v4_v5_fluxo_med.csv,2224,60424034379d0274c6909d6a783e83ddaff64c58b2aa69468dd7e38f5a1a1a34,não encontrado,,não encontrado,not_flagged,não encontrado,não encontrado,derived_output,no,,
esd_reconciliacao_v4_v5_top20_med_2,Metodo_CP2b/outputs_v5/reconciliacao_v4_v5_top20_med.csv,10022,04dc434b7d04f773e5a55f71734eec9861087a1fb84c3b61bbaa93ef40126c0f,não encontrado,,não encontrado,not_flagged,não encontrado,não encontrado,derived_output,no,,
esd_t10b_tipologias_sem_cana,Metodo_CP2b/outputs_v5/revisao_ESD/T10b_tipologias_sem_cana.csv,2168,0991dd16a6d425702e851f41ca897a1691fb6f9213d9350b55947beef22b3cb5,não encontrado,,não encontrado,not_flagged,não encontrado,não encontrado,derived_output,no,,
esd_t14_tornado_n3,Metodo_CP2b/outputs_v5/revisao_ESD/T14_tornado_N3.csv,35842,4731ba331cc4009d7b811028e80e6323cbd6b30251b4040aa1c9b5c5445b5670,não encontrado,,não encontrado,not_flagged,não encontrado,não encontrado,derived_output,no,,
esd_t14b_n3_sem_palha,Metodo_CP2b/outputs_v5/revisao_ESD/T14b_N3_sem_palha.csv,315,de096decf2b11db3516831ba40766aacfe3a44638a38b028d272a2313e3ef607,não encontrado,,não encontrado,not_flagged,não encontrado,não encontrado,derived_output,no,,
esd_t16_validacao_loo,Metodo_CP2b/outputs_v5/revisao_ESD/T16_validacao_loo.csv,10994,4962e17693ec37a4f67b7370d4c716871b580f12b47f783cf2e08dce346faba3,não encontrado,,não encontrado,not_flagged,não encontrado,não encontrado,derived_output,no,,
esd_t16_validacao_loo_resumo,Metodo_CP2b/outputs_v5/revisao_ESD/T16_validacao_loo_resumo.csv,1349,e5af5f5988c9b2fa2430a9a2ff444f0d715903d8cb5d8fa3b3eb35e1ee139133,não encontrado,,não encontrado,not_flagged,não encontrado,não encontrado,derived_output,no,,
esd_t17_modelo_triagem,Metodo_CP2b/outputs_v5/revisao_ESD/T17_modelo_triagem.csv,3855,cacff39755459cbd44039a28e796023f9334924f2fdd609c29b1920a5559e2ad,não encontrado,,não encontrado,not_flagged,não encontrado,não encontrado,derived_output,no,,
esd_t18_mandato_mistura,Metodo_CP2b/outputs_v5/revisao_ESD/T18_mandato_mistura.csv,7079,05e212b2e52d78ac4f95a102b84119add12f7e90d778a231befa9a2e77c34348,não encontrado,,não encontrado,not_flagged,não encontrado,não encontrado,derived_output,no,,
esd_t18b_mandato_municipios,Metodo_CP2b/outputs_v5/revisao_ESD/T18b_mandato_municipios.csv,93002,d4c3efe9de2bfe327a13e6a571b664a081bb7c0328e3838248357a2a7dca41df,não encontrado,,não encontrado,not_flagged,não encontrado,não encontrado,derived_output,no,,
esd_t6_grade_candidatos,Metodo_CP2b/outputs_v5/revisao_ESD/T6_grade_candidatos.json,550,a11b4efac77ae0b9de1c8324f0c9078e48f202506a9dc5b5959a55f4a3d3d581,não encontrado,,não encontrado,not_flagged,não encontrado,não encontrado,derived_output,no,,
esd_fig1_classes_2,Metodo_CP2b/outputs_v5/revisao_ESD/figuras/Fig1/Fig1_classes.csv,329,93b84be6943b244cf6a2f8017ad852fadf2853485a105f6e2bc02ad74696144a,não encontrado,,não encontrado,not_flagged,não encontrado,não encontrado,derived_output,no,,
esd_fig1_classes_municipio_2,Metodo_CP2b/outputs_v5/revisao_ESD/figuras/Fig1_predominante/Fig1_classes_municipio.csv,115310,fd6c64d0e3bd692c40314b8af82a094d911d91fa84ad9aeeac31c27610acc200,não encontrado,,não encontrado,not_flagged,não encontrado,não encontrado,derived_output,no,,
esd_fig1_regioes_2,Metodo_CP2b/outputs_v5/revisao_ESD/figuras/Fig1_predominante/Fig1_regioes.csv,9607,e7754cf923120a6f1e1460f3279053e8b4486cc5cc66907398cddf750af4b122,não encontrado,,não encontrado,not_flagged,não encontrado,não encontrado,derived_output,no,,
esd_fig1_resumo_2,Metodo_CP2b/outputs_v5/revisao_ESD/figuras/Fig1_predominante/Fig1_resumo.csv,2505,8cf32496913b79a4e39bfbe7271ef208b4a37d4c8188de8c1b332cbb7e048c79,não encontrado,,não encontrado,not_flagged,não encontrado,não encontrado,derived_output,no,,
esd_fig2_dados_conferencia,Metodo_CP2b/outputs_v5/revisao_ESD/figuras/Fig2/Fig2_dados_conferencia.csv,1146,5dedb3e4e1511cb340a3cf27b8f4d610698ff588acde3c4d23d9f73f9194eac5,não encontrado,,não encontrado,not_flagged,não encontrado,não encontrado,derived_output,no,,
esd_fig3_dados_conferencia,Metodo_CP2b/outputs_v5/revisao_ESD/figuras/Fig3/Fig3_dados_conferencia.csv,3887,a4f1978b102947cdb93e393cd766f826fbc022b2fd5d6764970dd9cfe6d6ef75,não encontrado,,não encontrado,not_flagged,não encontrado,não encontrado,derived_output,no,,
esd_fl_distribuicao_municipal_med,Metodo_CP2b/outputs_v5/revisao_ESD/figuras/Fig3_proposta/FL_distribuicao_municipal_med.csv,1491,117d9b259f3c86fd96b39a453f9dc255387b093d5a29a7ae954d40c0799d153e,não encontrado,,não encontrado,not_flagged,não encontrado,não encontrado,derived_output,no,,
esd_fatores_efetivos_substrato,Metodo_CP2b/outputs_v5/revisao_ESD/figuras/Fig3_proposta/fatores_efetivos_substrato.csv,12113,b4b9af39fecb333b14e83c5c2f465b337b99b5f9d82338e91bab01bf52ae9cf3,não encontrado,,não encontrado,not_flagged,não encontrado,não encontrado,derived_output,no,,
esd_fig_cascade_n1_n4_esd,Metodo_CP2b/outputs_v5/revisao_ESD/figuras/Fig3_proposta/v4_ESD/Fig_cascade_N1_N4_ESD.tif,840669,e2900920cb6c60561eb8e40fcca1d425f865735fd5b118f1b5b9f8080c28a1ad,não encontrado,,não encontrado,not_flagged,não encontrado,não encontrado,derived_output,no,,
esd_fig4_dados_conferencia,Metodo_CP2b/outputs_v5/revisao_ESD/figuras/Fig4/Fig4_dados_conferencia.csv,2019,640b4b481f2af96a6c3cec71f990c7aa60aceeeef3e610ee221b76a88f5b7301,não encontrado,,não encontrado,not_flagged,não encontrado,não encontrado,derived_output,no,,
esd_fig5_categorias_2,Metodo_CP2b/outputs_v5/revisao_ESD/figuras/Fig5/Fig5_categorias.csv,222,6e13edfb6c94c78baa577d0f8b69465a8bfcbdfe99a09ed744074e2195d0cf67,não encontrado,,não encontrado,not_flagged,não encontrado,não encontrado,derived_output,no,,
esd_s4_dados_conferencia_2,Metodo_CP2b/outputs_v5/revisao_ESD/figuras/S4/S4_dados_conferencia.csv,3159,9e25bdf0b11f1691e9d34825d7c74a25966c2eb504515e3b6591689164bb41f6,não encontrado,,não encontrado,not_flagged,não encontrado,não encontrado,derived_output,no,,
esd_paleta_2,Metodo_CP2b/outputs_v5/revisao_ESD/figuras/paleta.json,13997,a207ecd53c847a05bf804b2ad210298cc411543d2f3541f3a8b324358b0d108c,não encontrado,,não encontrado,not_flagged,não encontrado,não encontrado,derived_output,no,,
esd_v5_codig_alocado_cp2b_estado_niveis_bi_nm3ch4_ano_2,Metodo_CP2b/outputs_v5/v5_codig_alocado_cp2b_estado_niveis_bi_Nm3CH4_ano.csv,316,7ca59bb98260c3ca0820a504dd44d937aaf020eeafa2555f0a3a0c12d89c6f73,não encontrado,,não encontrado,not_flagged,não encontrado,não encontrado,derived_output,no,,
esd_v5_codig_alocado_cp2b_estado_niveis_sem_lignocel_bi_nm3ch4_a_2,Metodo_CP2b/outputs_v5/v5_codig_alocado_cp2b_estado_niveis_sem_lignocel_bi_Nm3CH4_ano.csv,310,c240493f0495da12644199693b796d377909c4c8528125a06a34a1998a27ec25,não encontrado,,não encontrado,not_flagged,não encontrado,não encontrado,derived_output,no,,
esd_v5_codig_alocado_cp2b_estado_por_fluxo_med_2,Metodo_CP2b/outputs_v5/v5_codig_alocado_cp2b_estado_por_fluxo_med.csv,1364,820e7c091f50e28d5a8e8d5e2009697ad428c8cfab2a93e8c31fb4b2a967eb3e,não encontrado,,não encontrado,not_flagged,não encontrado,não encontrado,derived_output,no,,
esd_v5_codig_alocado_cp2b_estado_por_substrato_med_2,Metodo_CP2b/outputs_v5/v5_codig_alocado_cp2b_estado_por_substrato_med.csv,1876,412742c741c53d6973da2d5e86a070ac045377edf777e1915f58b29781d99d3b,não encontrado,,não encontrado,not_flagged,não encontrado,não encontrado,derived_output,no,,
esd_v5_codig_alocado_cp2b_municipio_resumo_2,Metodo_CP2b/outputs_v5/v5_codig_alocado_cp2b_municipio_resumo.csv,143239,b77de8201d36dc3a620bc512d76b8fac4500a17702894e57aeef8a29e2782f3d,não encontrado,,não encontrado,not_flagged,não encontrado,não encontrado,derived_output,no,,
esd_v5_codig_alocado_cp2b_municipio_substrato_2,Metodo_CP2b/outputs_v5/v5_codig_alocado_cp2b_municipio_substrato.csv,9989668,482a7936a36482dac86038181acd0a411675402ba79df47a224f59ad66544797,não encontrado,,não encontrado,not_flagged,não encontrado,não encontrado,derived_output,no,,
esd_v5_codig_alocado_palha_qualquer_hub_cp2b_estado_niveis_bi_nm_2,Metodo_CP2b/outputs_v5/v5_codig_alocado_palha_qualquer_hub_cp2b_estado_niveis_bi_Nm3CH4_ano.csv,316,f7cc41bb34d4f5ec0c6e3a102a507dc541a90fc402dc4b1231543a50085308f8,não encontrado,,não encontrado,not_flagged,não encontrado,não encontrado,derived_output,no,,
esd_v5_codig_alocado_palha_qualquer_hub_cp2b_estado_niveis_sem_l_2,Metodo_CP2b/outputs_v5/v5_codig_alocado_palha_qualquer_hub_cp2b_estado_niveis_sem_lignocel_bi_Nm3CH4_ano.csv,311,0735b620e686b9a038a65c290be5a7ae49e686a20bbffb9ad98895c2ff4848f9,não encontrado,,não encontrado,not_flagged,não encontrado,não encontrado,derived_output,no,,
esd_v5_codig_alocado_palha_qualquer_hub_cp2b_estado_por_fluxo_me_2,Metodo_CP2b/outputs_v5/v5_codig_alocado_palha_qualquer_hub_cp2b_estado_por_fluxo_med.csv,1348,fca6e5c61286dbcc5ea4b99827f44ac9264e6355acc267552e4dcdf6c050387c,não encontrado,,não encontrado,not_flagged,não encontrado,não encontrado,derived_output,no,,
esd_v5_codig_alocado_palha_qualquer_hub_cp2b_estado_por_substrat_2,Metodo_CP2b/outputs_v5/v5_codig_alocado_palha_qualquer_hub_cp2b_estado_por_substrato_med.csv,1875,af4358586c131c1f4bad75ade7ce8c9de50a3aa2a6788d3c5d04537ab0f78ce8,não encontrado,,não encontrado,not_flagged,não encontrado,não encontrado,derived_output,no,,
esd_v5_codig_alocado_palha_qualquer_hub_cp2b_municipio_resumo_2,Metodo_CP2b/outputs_v5/v5_codig_alocado_palha_qualquer_hub_cp2b_municipio_resumo.csv,143105,89de27e55278987d319b9f8fedf5ca935250b13fbfe1ac9a2063c3ecd6627be3,não encontrado,,não encontrado,not_flagged,não encontrado,não encontrado,derived_output,no,,
esd_v5_codig_alocado_palha_qualquer_hub_cp2b_municipio_substrato_2,Metodo_CP2b/outputs_v5/v5_codig_alocado_palha_qualquer_hub_cp2b_municipio_substrato.csv,10584593,f7b087af83e802292b734f327e810563223469db767e5fe74d2d3f83bba0ab6b,não encontrado,,não encontrado,not_flagged,não encontrado,não encontrado,derived_output,no,,
esd_v5_codigestao_cp2b_estado_niveis_bi_nm3ch4_ano_2,Metodo_CP2b/outputs_v5/v5_codigestao_cp2b_estado_niveis_bi_Nm3CH4_ano.csv,316,4d10b05c204d61f7061dcba952ef8c169179bf326f25b032ff6f2d76736dd41a,não encontrado,,não encontrado,not_flagged,não encontrado,não encontrado,derived_output,no,,
esd_v5_codigestao_cp2b_estado_niveis_sem_lignocel_bi_nm3ch4_ano_2,Metodo_CP2b/outputs_v5/v5_codigestao_cp2b_estado_niveis_sem_lignocel_bi_Nm3CH4_ano.csv,311,6f9cef8fc059c706dbb683342f911180273c66daf6cb2ab538a2a264c6fca243,não encontrado,,não encontrado,not_flagged,não encontrado,não encontrado,derived_output,no,,
esd_v5_codigestao_cp2b_estado_por_fluxo_med_2,Metodo_CP2b/outputs_v5/v5_codigestao_cp2b_estado_por_fluxo_med.csv,1348,071305b216dd66dcc8690b58ed038b0e86cd57ce2ca425587c5f90b31fabd42e,não encontrado,,não encontrado,not_flagged,não encontrado,não encontrado,derived_output,no,,
esd_v5_codigestao_cp2b_estado_por_substrato_med_2,Metodo_CP2b/outputs_v5/v5_codigestao_cp2b_estado_por_substrato_med.csv,1875,84fd813054a6f93683b7123adf6a23265315ede583ef2d57e71c092c569a0249,não encontrado,,não encontrado,not_flagged,não encontrado,não encontrado,derived_output,no,,
esd_v5_codigestao_cp2b_municipio_resumo_2,Metodo_CP2b/outputs_v5/v5_codigestao_cp2b_municipio_resumo.csv,143646,798840944fbfea56354ad19a9332faf14d47e91c8acc85da6ea4f84c492b8a9a,não encontrado,,não encontrado,not_flagged,não encontrado,não encontrado,derived_output,no,,
esd_v5_codigestao_cp2b_municipio_substrato_2,Metodo_CP2b/outputs_v5/v5_codigestao_cp2b_municipio_substrato.csv,9649659,279d7ac7867fd775d15043fa01c323d5ec1096e5bed10738e39e1b78b21d24b8,não encontrado,,não encontrado,not_flagged,não encontrado,não encontrado,derived_output,no,,
esd_v5_mono_alocado_cp2b_estado_niveis_bi_nm3ch4_ano_2,Metodo_CP2b/outputs_v5/v5_mono_alocado_cp2b_estado_niveis_bi_Nm3CH4_ano.csv,315,84d69f6f222c33d12a85b53be0a58f85abe9c35daf0c3e97f4dbf0532969feeb,não encontrado,,não encontrado,not_flagged,não encontrado,não encontrado,derived_output,no,,
esd_v5_mono_alocado_cp2b_estado_niveis_sem_lignocel_bi_nm3ch4_an_2,Metodo_CP2b/outputs_v5/v5_mono_alocado_cp2b_estado_niveis_sem_lignocel_bi_Nm3CH4_ano.csv,311,8aa333f9aff2a70fb6f59a59bde13a144495f20cdfcd9678e04c14d9413fd8cd,não encontrado,,não encontrado,not_flagged,não encontrado,não encontrado,derived_output,no,,
esd_v5_mono_alocado_cp2b_estado_por_fluxo_med_2,Metodo_CP2b/outputs_v5/v5_mono_alocado_cp2b_estado_por_fluxo_med.csv,1372,cc8241c270b9204a584ce325d9dacb4a9424ca8de58436947f520e2df5c76f8a,não encontrado,,não encontrado,not_flagged,não encontrado,não encontrado,derived_output,no,,
esd_v5_mono_alocado_cp2b_estado_por_substrato_med_2,Metodo_CP2b/outputs_v5/v5_mono_alocado_cp2b_estado_por_substrato_med.csv,1879,d044ec4c60946be41c89b1411eedc10af4abd280efb102bcfd6c8272766699dd,não encontrado,,não encontrado,not_flagged,não encontrado,não encontrado,derived_output,no,,
esd_v5_mono_alocado_cp2b_municipio_resumo_2,Metodo_CP2b/outputs_v5/v5_mono_alocado_cp2b_municipio_resumo.csv,142534,f0b8037c154ddaeab0ddcfea1c917a8a75ce46192cd95cf2f60e2323563be7f1,não encontrado,,não encontrado,not_flagged,não encontrado,não encontrado,derived_output,no,,
esd_v5_mono_alocado_cp2b_municipio_substrato_2,Metodo_CP2b/outputs_v5/v5_mono_alocado_cp2b_municipio_substrato.csv,9580192,4a97f55ac38284c8f2fb664de5d527707c8d50d3cfd40c1844ed1a994d8dc2de,não encontrado,,não encontrado,not_flagged,não encontrado,não encontrado,derived_output,no,,
esd_v5_mono_cp2b_estado_niveis_bi_nm3ch4_ano_2,Metodo_CP2b/outputs_v5/v5_mono_cp2b_estado_niveis_bi_Nm3CH4_ano.csv,316,05a1ffe9891928cad24ad0d48638136a54fe0edb3ea107911e0147f13112c961,não encontrado,,não encontrado,not_flagged,não encontrado,não encontrado,derived_output,no,,
esd_v5_mono_cp2b_estado_niveis_sem_lignocel_bi_nm3ch4_ano_2,Metodo_CP2b/outputs_v5/v5_mono_cp2b_estado_niveis_sem_lignocel_bi_Nm3CH4_ano.csv,309,f6d63c1aa17c2298080309e475d0e793c16bdb1e5c6b515e8f2334a5a615f0d2,não encontrado,,não encontrado,not_flagged,não encontrado,não encontrado,derived_output,no,,
esd_v5_mono_cp2b_estado_por_fluxo_med_2,Metodo_CP2b/outputs_v5/v5_mono_cp2b_estado_por_fluxo_med.csv,1352,0563aa0e0c2114a9b032e33df6846328118f4f58574536e5d1344043f7a6f169,não encontrado,,não encontrado,not_flagged,não encontrado,não encontrado,derived_output,no,,
esd_v5_mono_cp2b_estado_por_substrato_med_2,Metodo_CP2b/outputs_v5/v5_mono_cp2b_estado_por_substrato_med.csv,1876,bc9ae55c4c5dfee42196a7d9d35a1ca1c69f6583a5be27cca231a51997be493b,não encontrado,,não encontrado,not_flagged,não encontrado,não encontrado,derived_output,no,,
esd_v5_mono_cp2b_municipio_resumo_2,Metodo_CP2b/outputs_v5/v5_mono_cp2b_municipio_resumo.csv,142928,7dd49cf28b5b0e5e5885ae28f6ef514144328fa59074ce95ed4542c98ee1393e,não encontrado,,não encontrado,not_flagged,não encontrado,não encontrado,derived_output,no,,
esd_v5_mono_cp2b_municipio_substrato_2,Metodo_CP2b/outputs_v5/v5_mono_cp2b_municipio_substrato.csv,9203226,993b716002255d2fa25a11a1d1c0fa7ac9d7a11442a0f113952d5404e3fe69fa,não encontrado,,não encontrado,not_flagged,não encontrado,não encontrado,derived_output,no,,
esd_v5_reconciliacao_estado_2,Metodo_CP2b/outputs_v5/v5_reconciliacao_estado.csv,1639,b6d1f2d3d67988d5a535da36b6e188aa29e27ce6eceb44c2aaf49e39a5634f9a,não encontrado,,não encontrado,not_flagged,não encontrado,não encontrado,derived_output,no,,
esd_v5_reconciliacao_fluxo_med_2,Metodo_CP2b/outputs_v5/v5_reconciliacao_fluxo_med.csv,4250,390d28cdc587b7f642bb0c3feda2559d1ca01c0129799138ac86184f46a2d5b3,não encontrado,,não encontrado,not_flagged,não encontrado,não encontrado,derived_output,no,,
esd_v5_reconciliacao_fluxo_med_sem_lignocel_2,Metodo_CP2b/outputs_v5/v5_reconciliacao_fluxo_med_sem_lignocel.csv,3561,81abab5918161c1d0f601109b006d1e8c3bdb64e066046d7138cdcc94d5a5a96,não encontrado,,não encontrado,not_flagged,não encontrado,não encontrado,derived_output,no,,
esd_v5_reconciliacao_top20_municipios_med_2,Metodo_CP2b/outputs_v5/v5_reconciliacao_top20_municipios_med.csv,21693,51735fdffcb08ffc6fd0c0719fe98f5846ec574a8c3e064437b7fc8f54e2445f,não encontrado,,não encontrado,not_flagged,não encontrado,não encontrado,derived_output,no,,
esd_eng,Referencias_Submissao_ESD/_tessdata/eng.traineddata,15400601,8280aed0782fe27257a68ea10fe7ef324ca0f8d85bd2fd145d1c2b560bcb66ba,não encontrado,,não encontrado,not_flagged,não encontrado,não encontrado,raw_or_reference,yes,,
esd_00_data_dictionary,Resultados em Mapas-20260807T123054Z-1-001/analysis/data/00_DATA_DICTIONARY.json,2831,89a0b1c2c01534c1b6be8fb796da08d42d3176d3323b3a695dffd2288c850a82,não encontrado,,não encontrado,not_flagged,não encontrado,não encontrado,compiled_input,yes,,
esd_01_master_residue_streams_sp_2023,Resultados em Mapas-20260807T123054Z-1-001/analysis/data/01_master_residue_streams_SP_2023.csv,1710924,ba5d3809be9481db779998bbfe3c9b923bbcc140be2f362d492ffa926f10d924,não encontrado,,não encontrado,not_flagged,não encontrado,2023,compiled_input,yes,,
esd_02_municipality_summary_sp_2023,Resultados em Mapas-20260807T123054Z-1-001/analysis/data/02_municipality_summary_SP_2023.csv,157990,982178ae6daff679083a2883825f49ea533033ef1abeb9e458add0d3d9c46134,não encontrado,,não encontrado,not_flagged,não encontrado,2023,compiled_input,yes,,
esd_03_conversion_factors,Resultados em Mapas-20260807T123054Z-1-001/analysis/data/03_conversion_factors.csv,2910,4301c1702d9a1229fc3020bacc92bedd3a617e73981f45b3554f35be5f8e8dce,não encontrado,,não encontrado,not_flagged,não encontrado,não encontrado,compiled_input,yes,,
esd_04_state_summary_by_stream,Resultados em Mapas-20260807T123054Z-1-001/analysis/data/04_state_summary_by_stream.csv,717,0627d1ffa9a2d7f27fa4bbe4f96f7868c72f2c436af2177b4f0c10b7c53aeefe,não encontrado,,não encontrado,not_flagged,não encontrado,não encontrado,compiled_input,yes,,
esd_05_biogas_plants_brazil,Resultados em Mapas-20260807T123054Z-1-001/analysis/data/05_biogas_plants_brazil.csv,12561,a6af633a0e9ea6202644ee65d56029425b2d0994574d652b1cac755cbb2c22ec,não encontrado,,não encontrado,not_flagged,não encontrado,não encontrado,compiled_input,yes,,
esd_05_biogas_plants_brazil_2,Resultados em Mapas-20260807T123054Z-1-001/analysis/data/05_biogas_plants_brazil.xlsx,24213,1f63fb755cfa1ca87524b479d807c9f8544078bac056af12823d09132d6f06a4,não encontrado,,não encontrado,not_flagged,não encontrado,não encontrado,compiled_input,yes,,
esd_05b_biogas_aggregates_by_state,Resultados em Mapas-20260807T123054Z-1-001/analysis/data/05b_biogas_aggregates_by_state.csv,1166,a0b7c5e3417a8e2ebd2c43b5d7aa77ceb068936e5d5815186ef0e3a28748dba4,não encontrado,,não encontrado,not_flagged,não encontrado,não encontrado,compiled_input,yes,,
esd_05c_anp_biometano_plants_latest,Resultados em Mapas-20260807T123054Z-1-001/analysis/data/05c_anp_biometano_plants_latest.csv,2088,e92737e306ffbce93cf913da05392b28505695a06b1821c0feacd6849e2bf0d1,não encontrado,,não encontrado,not_flagged,não encontrado,não encontrado,compiled_input,yes,,
esd_05d_anp_biometano_production_state_monthly,Resultados em Mapas-20260807T123054Z-1-001/analysis/data/05d_anp_biometano_production_state_monthly.csv,13140,5de5831368ee367cdee6a43c597b503b14a594fd85f72f51e62b5910da58577c,não encontrado,,não encontrado,not_flagged,não encontrado,não encontrado,compiled_input,yes,,
esd_05e_anp_biometano_plant_volume_monthly,Resultados em Mapas-20260807T123054Z-1-001/analysis/data/05e_anp_biometano_plant_volume_monthly.csv,53993,595d8396c96fb445e11a22d3db975825a28ea48ddb2d6e478dbb5ccf85c56683,não encontrado,,não encontrado,not_flagged,não encontrado,não encontrado,compiled_input,yes,,
esd_05f_anp_fleet_stats,Resultados em Mapas-20260807T123054Z-1-001/analysis/data/05f_anp_fleet_stats.csv,469,789c28b77db1b52b3df497eb0ff13f8393e60ff9918387ef3926d1fb677fdffa,não encontrado,,não encontrado,not_flagged,não encontrado,não encontrado,compiled_input,yes,,
esd_05g_aneel_biogas_gd_plants,Resultados em Mapas-20260807T123054Z-1-001/analysis/data/05g_aneel_biogas_gd_plants.csv,152936,ebcc88b0992fadef14cba4f92508812a2648f347a32ad049b3edcebc49185187,não encontrado,,não encontrado,not_flagged,não encontrado,não encontrado,compiled_input,yes,,
esd_05h_aneel_biogas_gd_summary,Resultados em Mapas-20260807T123054Z-1-001/analysis/data/05h_aneel_biogas_gd_summary.csv,779,c3274075e79ff65a579af5bc7379e6f934b88ea834ef8f9dbb20251957201978,não encontrado,,não encontrado,not_flagged,não encontrado,não encontrado,compiled_input,yes,,
esd_fde_residue_availability,Resultados em Mapas-20260807T123054Z-1-001/analysis/data/fde_residue_availability.csv,2947,8b3a9a353075a106afd4a465dadb9e922bdd704d1923adfe9074bfd3f647f1d0,não encontrado,,não encontrado,not_flagged,não encontrado,não encontrado,compiled_input,yes,,
esd_residuos_db_export,Resultados em Mapas-20260807T123054Z-1-001/analysis/data/residuos_db_export.csv,36512,d441ec0e11266c19526b647628a28e723643cdc11f01e04cc9bd7aa18f22d194,não encontrado,,não encontrado,not_flagged,não encontrado,não encontrado,compiled_input,yes,,
esd_aneel_biogas_gd_raw,Resultados em Mapas-20260807T123054Z-1-001/analysis/data/sources/aneel/aneel_biogas_gd_raw.csv,53261,28d4ca845521146977bc19ef1b805d8f3ef3b2c64bbab1c7aedaeac48062d8e8,não encontrado,,não encontrado,not_flagged,não encontrado,não encontrado,compiled_input,yes,,
esd_anp_biometano_capacidade,Resultados em Mapas-20260807T123054Z-1-001/analysis/data/sources/anp/anp_biometano_capacidade.csv,61329,5f7f012b5e4cb97c95a4520eae4ab40e1e474135b46cd3beaec1706dc2d273f8,não encontrado,,não encontrado,not_flagged,não encontrado,não encontrado,compiled_input,yes,,
esd_anp_biometano_producao,Resultados em Mapas-20260807T123054Z-1-001/analysis/data/sources/anp/anp_biometano_producao.csv,11528,6225d5c43a0f659b14a48af03081656641d6dc6e201c861b993db4e51e0d6ca9,não encontrado,,não encontrado,not_flagged,não encontrado,não encontrado,compiled_input,yes,,
esd_p2_biochemical_matching_all_645_sp,Resultados em Mapas-20260807T123054Z-1-001/analysis/outputs/P2_biochemical_matching_all_645_sp.csv,1290414,76b436fdfd1b2c9e5cdbee1737bae9b2350d05e7a9cc5d4e9714d1998c5e2e04,não encontrado,,não encontrado,not_flagged,não encontrado,não encontrado,derived_output,no,,
esd_p2_top162_priority_pairs_biochemical,Resultados em Mapas-20260807T123054Z-1-001/analysis/outputs/P2_top162_priority_pairs_biochemical.csv,42986,caddfbcbc76f57af0f00c10c95550758ea853558ea866ce7c98c14dd2e71fb1b,não encontrado,,não encontrado,not_flagged,não encontrado,não encontrado,derived_output,no,,
esd_pilar2b_p2_biochemical_matching_all_sp,Resultados em Mapas-20260807T123054Z-1-001/analysis/outputs/PILAR2b_P2_BIOCHEMICAL_MATCHING_ALL_SP.xlsx,138946,e0cd47411eee931332c01ba9268165b914a33185bd9d2025f725b2d57909a1d8,não encontrado,,não encontrado,not_flagged,não encontrado,não encontrado,derived_output,no,,
esd_pilar2b_p2_mega_best_pair_matching_sp,Resultados em Mapas-20260807T123054Z-1-001/analysis/outputs/PILAR2b_P2_MEGA_BEST_PAIR_MATCHING_SP.xlsx,562307,ac58849ef8f19b4b716e755ebf7a68ae90ace956a1c414fa93974c6bd480139c,não encontrado,,não encontrado,not_flagged,não encontrado,não encontrado,derived_output,no,,
esd_cluster_analysis,Resultados em Mapas-20260807T123054Z-1-001/analysis/outputs/cluster_analysis.csv,132506,f24b80293ccf8df8a6a143f94008bb0ca550bb7948cd01dd09539fc82ce6b190,não encontrado,,não encontrado,not_flagged,não encontrado,não encontrado,derived_output,no,,
esd_lisa_clusters_sp,Resultados em Mapas-20260807T123054Z-1-001/analysis/outputs/lisa_clusters_sp.csv,44924,ea4e2f0d9c694db2b06369fb56f8db6e5e25079c1467cdab411f30b594072fd2,não encontrado,,não encontrado,not_flagged,não encontrado,não encontrado,derived_output,no,,
esd_p2_biochemical_matching_all_645_sp_2,Resultados em Mapas-20260807T123054Z-1-001/analysis/paper_figures/P2/P2_biochemical_matching_all_645_sp.csv,1290414,76b436fdfd1b2c9e5cdbee1737bae9b2350d05e7a9cc5d4e9714d1998c5e2e04,não encontrado,,não encontrado,not_flagged,não encontrado,não encontrado,raw_or_reference,yes,,
esd_p2_municipal_indices,Resultados em Mapas-20260807T123054Z-1-001/analysis/paper_figures/P2/P2_municipal_indices.csv,368434,2bdeaf8a2e32fb0b3791f69e3d1aedcfbf3407f698e889102ef05396be8ad9e0,não encontrado,,não encontrado,not_flagged,não encontrado,não encontrado,raw_or_reference,yes,,
esd_p2_top162_priority_pairs_biochemical_2,Resultados em Mapas-20260807T123054Z-1-001/analysis/paper_figures/P2/P2_top162_priority_pairs_biochemical.csv,42986,caddfbcbc76f57af0f00c10c95550758ea853558ea866ce7c98c14dd2e71fb1b,não encontrado,,não encontrado,not_flagged,não encontrado,não encontrado,raw_or_reference,yes,,
esd_pilar2b_p2_biochemical_matching_all_sp_2,Resultados em Mapas-20260807T123054Z-1-001/analysis/paper_figures/P2/PILAR2b_P2_BIOCHEMICAL_MATCHING_ALL_SP.xlsx,138946,e0cd47411eee931332c01ba9268165b914a33185bd9d2025f725b2d57909a1d8,não encontrado,,não encontrado,not_flagged,não encontrado,não encontrado,raw_or_reference,yes,,
esd_canon_municipios,Resultados em Mapas-20260807T123054Z-1-001/analysis/paper_figures/P2/canonical/canon_municipios.csv,169268,755f44101503601dae8563c86f76f0080dc14cb1c39ea370196994623b121721,não encontrado,,não encontrado,not_flagged,não encontrado,não encontrado,raw_or_reference,yes,,
esd_canon_pairs_all_screened,Resultados em Mapas-20260807T123054Z-1-001/analysis/paper_figures/P2/canonical/canon_pairs_all_screened.csv,115897,bfe76880afc86a76d0209b5e1232db8014713e6f83d5fda19cb59b5cd224d181,não encontrado,,não encontrado,not_flagged,não encontrado,não encontrado,raw_or_reference,yes,,
esd_canon_pairs_priority,Resultados em Mapas-20260807T123054Z-1-001/analysis/paper_figures/P2/canonical/canon_pairs_priority.csv,9282,88e91fa982cf69cce5c2456f165b30c40b523aa4228d9b809290515a986876e1,não encontrado,,não encontrado,not_flagged,não encontrado,não encontrado,raw_or_reference,yes,,
esd_canon_summary,Resultados em Mapas-20260807T123054Z-1-001/analysis/paper_figures/P2/canonical/canon_summary.json,1227,6cd3ae6ed07319b2575c728a0ebb58f2ddf819bcfb4cafccf41c9751ceac51c6,não encontrado,,não encontrado,not_flagged,não encontrado,não encontrado,raw_or_reference,yes,,
esd_p2_dossie_validacao_codigestao,Resultados em Mapas-20260807T123054Z-1-001/analysis/paper_figures/P2/canonical/dossier/P2_DOSSIE_validacao_codigestao.xlsx,15454,0a24377ef9d5ca554a3579920c8e56ad9e074c2f5aee1f00ab7ce696a1ae310d,não encontrado,,não encontrado,not_flagged,não encontrado,não encontrado,raw_or_reference,yes,,
esd_p2_escala_a_codigestao_autossuficiente,Resultados em Mapas-20260807T123054Z-1-001/analysis/paper_figures/P2/canonical/dossier/P2_ESCALA_A_codigestao_autossuficiente.xlsx,39266,621913d4476c536d24b3c049dc6540e4257b194dfa0fbbef3b6984b3e1c846b1,não encontrado,,não encontrado,not_flagged,não encontrado,não encontrado,raw_or_reference,yes,,
esd_dossier_intra_municipal,Resultados em Mapas-20260807T123054Z-1-001/analysis/paper_figures/P2/canonical/dossier/dossier_intra_municipal.csv,150476,2d6734f4a2a05dc5a9c0361ecf1bc219c535c69cdd6a5bca4e21f95233645559,não encontrado,,não encontrado,not_flagged,não encontrado,não encontrado,raw_or_reference,yes,,
esd_dossier_municipios,Resultados em Mapas-20260807T123054Z-1-001/analysis/paper_figures/P2/canonical/dossier/dossier_municipios.csv,527792,bc6af196fd8a8929b60ca7129d0b057d2469f2d3024cd2ed9e86431850c95cad,não encontrado,,não encontrado,not_flagged,não encontrado,não encontrado,raw_or_reference,yes,,
esd_dossier_pairs_ranked,Resultados em Mapas-20260807T123054Z-1-001/analysis/paper_figures/P2/canonical/dossier/dossier_pairs_ranked.csv,30668,7b523e4db6deeaed9c3fdfd6806628e3dba3e3e05b6c465d1ecf68ff5bc1dfd4,não encontrado,,não encontrado,not_flagged,não encontrado,não encontrado,raw_or_reference,yes,,
esd_dossier_rgint,Resultados em Mapas-20260807T123054Z-1-001/analysis/paper_figures/P2/canonical/dossier/dossier_rgint.csv,658,e2337a92eed5868992825c1a10cc3c8cc001728988d9c4e18698d279e917da36,não encontrado,,não encontrado,not_flagged,não encontrado,não encontrado,raw_or_reference,yes,,
esd_intra_all191_balanced,Resultados em Mapas-20260807T123054Z-1-001/analysis/paper_figures/P2/canonical/dossier/intra_all191_balanced.csv,25631,ab9878ac8cfa80f2dad12e67527739f29b0fd61539b9787179e27ed2bb41ac73,não encontrado,,não encontrado,not_flagged,não encontrado,não encontrado,raw_or_reference,yes,,
esd_intra_selfsufficient,Resultados em Mapas-20260807T123054Z-1-001/analysis/paper_figures/P2/canonical/dossier/intra_selfsufficient.csv,29474,ac49bf31473910fd4e62ace773d25b6199e79f6ce5521fa8232dad3b4e911c90,não encontrado,,não encontrado,not_flagged,não encontrado,não encontrado,raw_or_reference,yes,,
esd_p2_receitas_codigestao,Resultados em Mapas-20260807T123054Z-1-001/analysis/paper_figures/P2/canonical/dossier/receitas/P2_RECEITAS_codigestao.xlsx,494783,b93b55b00ca7e640ee28f3cb5da2abdcac4996bb23f096e6e33000b5457edbd1,não encontrado,,não encontrado,not_flagged,não encontrado,não encontrado,raw_or_reference,yes,,
esd_recipes_intra_2sub,Resultados em Mapas-20260807T123054Z-1-001/analysis/paper_figures/P2/canonical/dossier/receitas/recipes_intra_2sub.csv,180658,655cd813b6bc007a8060cde7aec9102d3e884d3f5d1ac93db48b36c1358e5e0d,não encontrado,,não encontrado,not_flagged,não encontrado,não encontrado,raw_or_reference,yes,,
esd_recipes_intra_multi,Resultados em Mapas-20260807T123054Z-1-001/analysis/paper_figures/P2/canonical/dossier/receitas/recipes_intra_multi.csv,113586,a15ab4c228670ff1722a58579f279770f4cf8b837f4830527a28c290bd88ee30,não encontrado,,não encontrado,not_flagged,não encontrado,não encontrado,raw_or_reference,yes,,
esd_recipes_pairs_2sub,Resultados em Mapas-20260807T123054Z-1-001/analysis/paper_figures/P2/canonical/dossier/receitas/recipes_pairs_2sub.csv,573932,861abce2a16c8ee5fabcdbc2651e176f42e889f793b5a188752334c16db5162e,não encontrado,,não encontrado,not_flagged,não encontrado,não encontrado,raw_or_reference,yes,,
esd_lisa_clusters_sp_2,Resultados em Mapas-20260807T123054Z-1-001/analysis/paper_figures/P2/lisa_clusters_sp.csv,44253,518974213a5ace8586163cd1967787f2f0e1d68f8207abcbf2062ac1d57ac178,não encontrado,,não encontrado,not_flagged,não encontrado,não encontrado,raw_or_reference,yes,,
esd_p2_s3_tabela_ranking_hubs,Resultados em Mapas-20260807T123054Z-1-001/analysis/paper_figures/P2/out/P2_S3_tabela_ranking_hubs.csv,134748,0b9d9e03f0b0c6703a03e6625acaa3b01144ec5ee11f96bf48e44b47fbfb5484,não encontrado,,não encontrado,not_flagged,não encontrado,não encontrado,derived_output,no,,
esd_p2_biochemical_matching_all_645_sp_3,Resultados em Mapas-20260807T123054Z-1-001/analysis/paper_figures/P2/out/P2_biochemical_matching_all_645_sp.csv,1290414,76b436fdfd1b2c9e5cdbee1737bae9b2350d05e7a9cc5d4e9714d1998c5e2e04,não encontrado,,não encontrado,not_flagged,não encontrado,não encontrado,derived_output,no,,
esd_p2_municipal_indices_2,Resultados em Mapas-20260807T123054Z-1-001/analysis/paper_figures/P2/out/P2_municipal_indices.csv,368434,2bdeaf8a2e32fb0b3791f69e3d1aedcfbf3407f698e889102ef05396be8ad9e0,não encontrado,,não encontrado,not_flagged,não encontrado,não encontrado,derived_output,no,,
esd_p2_top162_priority_pairs_biochemical_3,Resultados em Mapas-20260807T123054Z-1-001/analysis/paper_figures/P2/out/P2_top162_priority_pairs_biochemical.csv,42986,caddfbcbc76f57af0f00c10c95550758ea853558ea866ce7c98c14dd2e71fb1b,não encontrado,,não encontrado,not_flagged,não encontrado,não encontrado,derived_output,no,,
esd_pilar2b_p2_biochemical_matching_all_sp_3,Resultados em Mapas-20260807T123054Z-1-001/analysis/paper_figures/P2/out/PILAR2b_P2_BIOCHEMICAL_MATCHING_ALL_SP.xlsx,138946,e0cd47411eee931332c01ba9268165b914a33185bd9d2025f725b2d57909a1d8,não encontrado,,não encontrado,not_flagged,não encontrado,não encontrado,derived_output,no,,
esd_pilar2b_p2_mega_best_pair_matching_sp_2,Resultados em Mapas-20260807T123054Z-1-001/analysis/paper_figures/P2/out/PILAR2b_P2_MEGA_BEST_PAIR_MATCHING_SP.xlsx,562404,50ce0ed0aabc8b90f9dfef09aa2dd9e0c00ca009e08facf569e4455882df4dee,não encontrado,,não encontrado,not_flagged,não encontrado,não encontrado,derived_output,no,,
esd_lisa_clusters_sp_3,Resultados em Mapas-20260807T123054Z-1-001/analysis/paper_figures/P2/out/lisa_clusters_sp.csv,44899,0a2273305ad06d0d54af650261055aad138ff1bc942918caf93e4b27261ee622,não encontrado,,não encontrado,not_flagged,não encontrado,não encontrado,derived_output,no,,
esd_p3_municipios_summary,Resultados em Mapas-20260807T123054Z-1-001/analysis/paper_figures/P3/out/P3_municipios_summary.csv,508167,40d2021aa846c73365c8d5a2c1554b9809d359e0749526d05e67633e3f163cbd,não encontrado,,não encontrado,not_flagged,não encontrado,não encontrado,derived_output,no,,
esd_p3_rgint_summary,Resultados em Mapas-20260807T123054Z-1-001/analysis/paper_figures/P3/out/P3_rgint_summary.csv,10402,48616d4c86f5672e3296b314ce99131a4d8e1ca4808e7adc9c1ba5194a616230,não encontrado,,não encontrado,not_flagged,não encontrado,não encontrado,derived_output,no,,
esd_aerodromos_privados_3,Resultados em Mapas-20260807T123054Z-1-001/analysis/paper_figures/_src/Aerodromos_Privados/Aerodromos_Privados.csv,1743237,8cbe9c242f1e155c446dab72310c8d794a8f3698ad6e8b01efc8f89437e5f0fe,não encontrado,,não encontrado,not_flagged,não encontrado,não encontrado,compiled_input,yes,,
esd_aerodromos_privados_4,Resultados em Mapas-20260807T123054Z-1-001/analysis/paper_figures/_src/Aerodromos_Privados/Aerodromos_Privados.shp,20274983,269b4d057edcce7e3965f5f2840b8fd35b4804f2bd088a964711cc465225f057,não encontrado,,não encontrado,not_flagged,não encontrado,não encontrado,compiled_input,yes,.dbf;.prj;.shp;.shx,
esd_aerodromos_publicos_2,Resultados em Mapas-20260807T123054Z-1-001/analysis/paper_figures/_src/Aerodromos_publicos/Aerodromos_publicos.shp,3282563,61267d252e81443cbc5d4f7ae929f30ed723905ac85365eaba517215e0c21b4a,não encontrado,,não encontrado,not_flagged,não encontrado,não encontrado,compiled_input,yes,.dbf;.prj;.shp;.shx,
esd_lt_existente_2,Resultados em Mapas-20260807T123054Z-1-001/analysis/paper_figures/_src/LT_EXISTENTE/LT_EXISTENTE.shp,4515949,cbbe074b47720180a05eb083e324ac297cbc63342af4e2cc173cce328aaebd3d,não encontrado,,não encontrado,not_flagged,não encontrado,não encontrado,compiled_input,yes,.dbf;.prj;.shp;.shx,
esd_se_existente_2,Resultados em Mapas-20260807T123054Z-1-001/analysis/paper_figures/_src/SE_EXISTENTE/SE_EXISTENTE.shp,458629,c6d9c71ab138faa251393efb799597957dbc9fbd33ca5f2077d2271265f65e72,não encontrado,,não encontrado,not_flagged,não encontrado,não encontrado,compiled_input,yes,.dbf;.prj;.shp;.shx,
esd_gasoduto_distribuicao_2,Resultados em Mapas-20260807T123054Z-1-001/analysis/paper_figures/_src/gasoduto_distribuicao/gasoduto-distribuicao.shp,9335365,c553cc167a28d5d4d5ece53f826d9294128229a7d36bf752405e01927f315685,não encontrado,,não encontrado,not_flagged,não encontrado,não encontrado,compiled_input,yes,.dbf;.prj;.shp;.shx,
esd_gasoduto_transporte_2,Resultados em Mapas-20260807T123054Z-1-001/analysis/paper_figures/_src/gasoduto_transporte/gasoduto-transporte.shp,1242737,21adbfea00079b353c9eb0731c85b9b07de64fc2fe71d031e5610440e83d3c7a,não encontrado,,não encontrado,not_flagged,não encontrado,não encontrado,compiled_input,yes,.dbf;.prj;.shp;.shx,
esd_sp_cache,Resultados em Mapas-20260807T123054Z-1-001/analysis/paper_figures/_src/sp_cache.gpkg,2433024,d9a43a5091b49fa09ca9282694e457fa17e87647870f7850367a6cb4048bf408,não encontrado,,não encontrado,not_flagged,não encontrado,não encontrado,compiled_input,yes,,
esd_manifest_fig1_breakdown,Resultados em Mapas-20260807T123054Z-1-001/analysis/paper_figures/out/fig1_breakdown/manifest_fig1_breakdown.json,2825,49f1b7f4f3322eae78ae2ada09d69d290c0a2291d0f90a506069e290b3664593,não encontrado,,não encontrado,not_flagged,não encontrado,não encontrado,derived_output,no,,
esd_manifest_sankey_suite,Resultados em Mapas-20260807T123054Z-1-001/analysis/paper_figures/out/fig2_sankey_breakdown/manifest_sankey_suite.json,1776,9560fa3bce26358ffe799231c38e605ce47760d75b0ec07090078e57aed20eb3,não encontrado,,não encontrado,not_flagged,não encontrado,não encontrado,derived_output,no,,
esd_manifest_fig5_breakdown,Resultados em Mapas-20260807T123054Z-1-001/analysis/paper_figures/out/fig5_breakdown/manifest_fig5_breakdown.json,2375,2c3ea68f8a9f1a813e659cc2548f748d30738be851604f2929c85112f8c5d8f2,não encontrado,,não encontrado,not_flagged,não encontrado,não encontrado,derived_output,no,,
esd_645_municipalities_all_scenarios,Resultados em Mapas-20260807T123054Z-1-001/analysis/paper_verification/645_municipalities_all_scenarios.csv,609663,4b5db96e376333698d573881586b53a0bf4c60ea9c3e40e709353e3a23366f87,não encontrado,,não encontrado,not_flagged,não encontrado,não encontrado,raw_or_reference,yes,,
esd_pilar2b_paper_verification,Resultados em Mapas-20260807T123054Z-1-001/analysis/paper_verification/PILAR2b_paper_verification.xlsx,455160,ccf21106be68687c138b98b7c3c94a3140971cd99a9f4f55ade87fbaf16f74d2,não encontrado,,não encontrado,not_flagged,não encontrado,não encontrado,raw_or_reference,yes,,
esd_verification_manifest,Resultados em Mapas-20260807T123054Z-1-001/analysis/paper_verification/VERIFICATION_MANIFEST.json,548,2868f8a34e1aabcd31fd28cfc1a0e2f43681cf1cc38688524871bb3e063323f7,não encontrado,,não encontrado,not_flagged,não encontrado,não encontrado,raw_or_reference,yes,,
esd_intermediate_region_scenarios,Resultados em Mapas-20260807T123054Z-1-001/analysis/paper_verification/intermediate_region_scenarios.csv,1048,7700d84e97241ec44d228f8e5ba785fb97a9062d0a2eb299454b91da50029924,não encontrado,,não encontrado,not_flagged,não encontrado,não encontrado,raw_or_reference,yes,,
esd_state_totals_by_scenario,Resultados em Mapas-20260807T123054Z-1-001/analysis/paper_verification/state_totals_by_scenario.csv,1140,df8b3b15c9a8e35ec92722379cbf1e6b22248396995a363781c68d4f15286bed,não encontrado,,não encontrado,not_flagged,não encontrado,não encontrado,raw_or_reference,yes,,
esd_crhas_sp,Submissão Antiga - CEUS + Data in Brief/CRHAs SP.xlsx,9381,8c3e9287d1c8caa307cde7a8a574771e980a752f318fb9eca316fc7b9d4abc67,não encontrado,,não encontrado,not_flagged,não encontrado,não encontrado,raw_or_reference,yes,,
esd_t10_typologies_2,Submissão ESD + Data in Brief/Pacote_CP2b_v5.1/tabelas/T10_typologies.csv,1515,49827e4e25b11063bb2d955136b423c8784221d30b67e0dd8259211552ca6b2f,não encontrado,,não encontrado,not_flagged,não encontrado,não encontrado,raw_or_reference,yes,,
esd_t13_industrial_units_of_interest_2,Submissão ESD + Data in Brief/Pacote_CP2b_v5.1/tabelas/T13_industrial_units_of_interest.csv,460,d9ac001c0932a1576722422986a0c0cebcd00efcc53987fb584056c61e37538c,não encontrado,,não encontrado,not_flagged,não encontrado,não encontrado,raw_or_reference,yes,,
esd_t1_state_levels_2,Submissão ESD + Data in Brief/Pacote_CP2b_v5.1/tabelas/T1_state_levels.csv,1447,76db542daad9000bf14c152e976ab4cce7af4fa81a04809fd069c03b238da35e,não encontrado,,não encontrado,not_flagged,não encontrado,não encontrado,raw_or_reference,yes,,
esd_t2_volumetric_bases_med_2,Submissão ESD + Data in Brief/Pacote_CP2b_v5.1/tabelas/T2_volumetric_bases_med.csv,628,e521ede58f275b2f5b56f00200f3c81d9457c1b191a8446022c59bb4a7f0d1d8,não encontrado,,não encontrado,not_flagged,não encontrado,não encontrado,raw_or_reference,yes,,
esd_t3_substrates_factors_med_2,Submissão ESD + Data in Brief/Pacote_CP2b_v5.1/tabelas/T3_substrates_factors_med.csv,3635,758a93e7e54caee13ae6311aa60205e6dc5722b190aa623d4ed40f6f3898abd6,não encontrado,,não encontrado,not_flagged,não encontrado,não encontrado,raw_or_reference,yes,,
esd_t4_streams_med_2,Submissão ESD + Data in Brief/Pacote_CP2b_v5.1/tabelas/T4_streams_med.csv,1975,8f76f351561efd7c53ee6c80883e1e22dc02f8fb032ff1c0f1948d8d018a76b3,não encontrado,,não encontrado,not_flagged,não encontrado,não encontrado,raw_or_reference,yes,,
esd_t5_fl_variants_n4_2,Submissão ESD + Data in Brief/Pacote_CP2b_v5.1/tabelas/T5_FL_variants_N4.csv,1044,8b9b17ee77af0f6fe22ceeeb4201d4e776f6cbec462e9a7d0d93789397df8a7c,não encontrado,,não encontrado,not_flagged,não encontrado,não encontrado,raw_or_reference,yes,,
esd_t6_concentration_autocorrelation_2,Submissão ESD + Data in Brief/Pacote_CP2b_v5.1/tabelas/T6_concentration_autocorrelation.csv,595,f40a48276d20b469b3790f5ad4bc1626a2d3cdc4b7975fd63c3b00633c0619d1,não encontrado,,não encontrado,not_flagged,não encontrado,não encontrado,raw_or_reference,yes,,
esd_t6b_lisa_classes_2,Submissão ESD + Data in Brief/Pacote_CP2b_v5.1/tabelas/T6b_LISA_classes.csv,348,1aebcfb1ef7374b9605412f73c6f8bd92aa2001d34f436c7ad9fa38a2e21b7f6,não encontrado,,não encontrado,not_flagged,não encontrado,não encontrado,raw_or_reference,yes,,
esd_t7_top_municipalities_2,Submissão ESD + Data in Brief/Pacote_CP2b_v5.1/tabelas/T7_top_municipalities.csv,2918,eb98f46ba12a5eb75a299685bfc5b10a54c084ad4c55191a049f2a3d31461e5e,não encontrado,,não encontrado,not_flagged,não encontrado,não encontrado,raw_or_reference,yes,,
esd_t8_intermediate_regions_2,Submissão ESD + Data in Brief/Pacote_CP2b_v5.1/tabelas/T8_intermediate_regions.csv,833,63e4fa5d03fedd5c5f8b32c6fa6630064459d5367a8854452d5441bf2ab05aa5,não encontrado,,não encontrado,not_flagged,não encontrado,não encontrado,raw_or_reference,yes,,
esd_t9_energy_access_50km_2,Submissão ESD + Data in Brief/Pacote_CP2b_v5.1/tabelas/T9_energy_access_50km.csv,680,de04457dabd0d3890c79e25b47df2b3e5efbbbcaaf33b0d07b151a3ed46affcf,não encontrado,,não encontrado,not_flagged,não encontrado,não encontrado,raw_or_reference,yes,,
esd_indicadores_2,Submissão ESD + Data in Brief/Pacote_CP2b_v5.1/tabelas/indicadores.json,4468,eea2e3cd68d1532fd27c10a8ca6bd3cb2088d78b0c9e171414be4d5c29aa85e5,não encontrado,,não encontrado,not_flagged,não encontrado,não encontrado,raw_or_reference,yes,,
esd_municipal_n3_n4_med_2,Submissão ESD + Data in Brief/Pacote_CP2b_v5.1/tabelas/municipal_N3_N4_med.csv,115767,fe08b0ea033a45611c57fd4d4de16080ff366b0106dbeff55f90d913387d70bd,não encontrado,,não encontrado,not_flagged,não encontrado,não encontrado,raw_or_reference,yes,,
esd_biometano_dados_abertos,biometano-dados-abertos.zip,9099,4bd078b595beea8ec84280e6d4a7a925750fe6e1fa65a7a5ebdd90ad38161ce0,https://www.gov.br/anp/pt-br/assuntos/producao-e-fornecimento-de-biocombustiveis/biometano/biometano-dados-abertos.zip,"Benchmarks_Brasil/ABiogás_ estudos, panorama e bases divulgadas.md:165",não encontrado,not_flagged,não encontrado,não encontrado,raw_or_reference,yes,,
esd_biometano_dadosabertos_csv_capacidade,biometano-dados-abertos/Biometano_DadosAbertos_CSV_Capacidade.csv,71482,6cd432e1ca14e831dc8b2673b286cc2df86d60e7f349819f88c11972a852bf75,https://www.gov.br/anp/pt-br/assuntos/producao-e-fornecimento-de-biocombustiveis/biometano/biometano-dados-abertos.zip,"Benchmarks_Brasil/ABiogás_ estudos, panorama e bases divulgadas.md:165",não encontrado,not_flagged,não encontrado,não encontrado,raw_or_reference,yes,,
esd_biometano_dadosabertos_csv_producao,biometano-dados-abertos/Biometano_DadosAbertos_CSV_Producao.csv,13452,1f40f43779849623abe7cd0f1838813798920bd2616fbc4cd943902c1c3e04a4,https://www.gov.br/anp/pt-br/assuntos/producao-e-fornecimento-de-biocombustiveis/biometano/biometano-dados-abertos.zip,"Benchmarks_Brasil/ABiogás_ estudos, panorama e bases divulgadas.md:165",não encontrado,not_flagged,não encontrado,não encontrado,raw_or_reference,yes,,
